تاریخ_nav,قیمت ابطال,قیمت صدور,قیمت آماری,ارزش خالص دارایی‌ها,تعداد واحدهای سرمایه‌گذاری شده,date_greg,تاریخ_comp,پنج نماد برتر (%),سهام (%),اوراق (%),سایر (%),نقد (%),سپرده (%),gold_legs_weight_pct,legs_as_of,reconciled_total_pct,silverbar_last_price,silverbar_settlement_price,silverbar_trades_volume,usdt_open,usdt_close,usdt_high,usdt_low
2023-07-19,67067.0,67272.0,67067.0,31706830261305.0,472765124.0,2023-07-19,,,,,,,,99.8333,2026-07-22,,,,,,,,
2023-07-20,67064.0,67269.0,67064.0,31705563353313.0,472765124.0,2023-07-20,2023-07-20,93.73,99.86,0.0,0.0,0.0,0.14,99.8333,2026-07-22,,,,,,,,
2023-07-21,67061.0,67267.0,67061.0,31704295027193.0,472765124.0,2023-07-21,2023-07-21,93.73,99.86,0.0,0.0,0.0,0.14,99.8333,2026-07-22,,,,,,,,
2023-07-22,66584.0,66788.0,66584.0,31827968385034.0,478015124.0,2023-07-22,2023-07-22,93.63,99.68,0.0,0.02,0.0,0.3,99.8333,2026-07-22,,,,,,,,
2023-07-23,65732.0,65934.0,65732.0,31630603239597.0,481205124.0,2023-07-23,2023-07-23,93.04,99.0,0.0,0.01,0.0,0.99,99.8333,2026-07-22,,,,,,,,
2023-07-24,66576.0,66781.0,66576.0,32281669967702.0,484885124.0,2023-07-24,2023-07-24,93.74,99.7,0.0,0.01,0.0,0.29,99.8333,2026-07-22,,,,,,,,
2023-07-25,67887.0,68096.0,67887.0,33143253038250.0,488215124.0,2023-07-25,2023-07-25,93.61,99.57,0.0,0.01,0.0,0.42,99.8333,2026-07-22,,,,,,,,
2023-07-26,68659.0,68871.0,68659.0,33691490331250.0,490705124.0,2023-07-26,2023-07-26,93.76,99.72,0.0,0.0,0.0,0.28,99.8333,2026-07-22,,,,,,,,
2023-07-27,68657.0,68869.0,68657.0,33690153361541.0,490705124.0,2023-07-27,2023-07-27,93.76,99.72,0.0,0.0,0.0,0.28,99.8333,2026-07-22,,,,,,,,
2023-07-28,68654.0,68866.0,68654.0,33688816392432.0,490705124.0,2023-07-28,2023-07-28,93.76,99.72,0.0,0.0,0.0,0.28,99.8333,2026-07-22,,,,,,,,
2023-07-29,68656.0,68868.0,68656.0,33800605374339.0,492315124.0,2023-07-29,2023-07-29,93.85,99.8,0.0,0.0,0.0,0.2,99.8333,2026-07-22,,,,,,,,
2023-07-30,68154.0,68365.0,68154.0,33700040630184.0,494470124.0,2023-07-30,2023-07-30,93.91,99.85,0.0,0.0,0.0,0.15,99.8333,2026-07-22,,,,,,,,
2023-07-31,69552.0,69767.0,69552.0,34597720261215.0,497440124.0,2023-07-31,2023-07-31,93.81,99.7,0.0,0.01,0.0,0.29,99.8333,2026-07-22,,,,,,,,
2023-08-01,71468.0,71690.0,71468.0,35752576090490.0,500260124.0,2023-08-01,2023-08-01,94.06,99.96,0.0,0.0,0.0,0.04,99.8333,2026-07-22,,,,,,,,
2023-08-02,71465.0,71687.0,71465.0,35751173875825.0,500260124.0,2023-08-02,2023-08-02,94.06,99.96,0.0,0.0,0.0,0.04,99.8333,2026-07-22,,,,,,,,
2023-08-03,71462.0,71684.0,71462.0,35749771661789.0,500260124.0,2023-08-03,2023-08-03,94.06,99.96,0.0,0.0,0.0,0.04,99.8333,2026-07-22,,,,,,,,
2023-08-04,71460.0,71681.0,71460.0,35748369448380.0,500260124.0,2023-08-04,2023-08-04,94.06,99.96,0.0,0.0,0.0,0.04,99.8333,2026-07-22,,,,,,,,
2023-08-05,70117.0,70336.0,70117.0,35248093962254.0,502704124.0,2023-08-05,2023-08-05,94.08,99.96,0.0,0.0,0.0,0.04,99.8333,2026-07-22,,,,,,,,
2023-08-06,69654.0,69872.0,69654.0,35236654283500.0,505881124.0,2023-08-06,2023-08-06,94.09,99.89,0.0,0.0,0.0,0.11,99.8333,2026-07-22,,,,,,,,
2023-08-07,69730.0,69949.0,69730.0,35434261143239.0,508161124.0,2023-08-07,2023-08-07,94.16,99.93,0.0,0.0,0.0,0.07,99.8333,2026-07-22,,,,,,,,
2023-08-08,69286.0,69503.0,69286.0,35485387467926.0,512161124.0,2023-08-08,2023-08-08,94.18,99.96,0.0,0.0,0.0,0.04,99.8333,2026-07-22,,,,,,,,
2023-08-09,70048.0,70267.0,70048.0,36189851185835.0,516641124.0,2023-08-09,2023-08-09,93.38,99.13,0.0,0.01,0.0,0.86,99.8333,2026-07-22,,,,,,,,
2023-08-10,70046.0,70264.0,70046.0,36188446490210.0,516641124.0,2023-08-10,2023-08-10,93.38,99.13,0.0,0.01,0.0,0.86,99.8333,2026-07-22,,,,,,,,
2023-08-11,70043.0,70262.0,70043.0,36187024695214.0,516641124.0,2023-08-11,2023-08-11,93.38,99.13,0.0,0.01,0.0,0.86,99.8333,2026-07-22,,,,,,,,
2023-08-12,67403.0,67614.0,67403.0,34979100378741.0,518951124.0,2023-08-12,2023-08-12,93.9,99.69,0.0,0.27,0.0,0.04,99.8333,2026-07-22,,,,,,,,
2023-08-13,68627.0,68842.0,68627.0,35753845148301.0,520991124.0,2023-08-13,2023-08-13,93.65,99.39,0.0,0.16,0.0,0.45,99.8333,2026-07-22,,,,,,,,
2023-08-14,68367.0,68582.0,68367.0,35768581115557.0,523181124.0,2023-08-14,2023-08-14,93.74,99.41,0.0,0.14,0.0,0.45,99.8333,2026-07-22,,,,,,,,
2023-08-15,68071.0,68285.0,68071.0,35766542105359.0,525431124.0,2023-08-15,2023-08-15,93.7,99.41,0.0,0.13,0.0,0.46,99.8333,2026-07-22,,,,,,,,
2023-08-16,67862.0,68075.0,67862.0,35746151282884.0,526751124.0,2023-08-16,2023-08-16,93.75,99.41,0.0,0.31,0.0,0.28,99.8333,2026-07-22,,,,,,,,
2023-08-17,67859.0,68073.0,67859.0,35744787973231.0,526751124.0,2023-08-17,2023-08-17,93.75,99.41,0.0,0.31,0.0,0.28,99.8333,2026-07-22,,,,,,,,
2023-08-18,67856.0,68070.0,67856.0,35743370873580.0,526751124.0,2023-08-18,2023-08-18,93.75,99.41,0.0,0.31,0.0,0.28,99.8333,2026-07-22,,,,,,,,
2023-08-19,67249.0,67460.0,67249.0,35426357210361.0,526796124.0,2023-08-19,2023-08-19,93.72,99.38,0.0,0.56,0.0,0.06,99.8333,2026-07-22,,,,,,,,
2023-08-20,67306.0,67517.0,67306.0,35510845361572.0,527606124.0,2023-08-20,2023-08-20,93.72,99.39,0.0,0.4,0.0,0.21,99.8333,2026-07-22,,,,,,,,
2023-08-21,67209.0,67421.0,67209.0,35508980711193.0,528336124.0,2023-08-21,2023-08-21,93.71,99.39,0.0,0.42,0.0,0.19,99.8333,2026-07-22,,,,,,,,
2023-08-22,67901.0,68115.0,67901.0,35897145970396.0,528666124.0,2023-08-22,2023-08-22,93.76,99.42,0.0,0.49,0.0,0.09,99.8333,2026-07-22,,,,,,,,
2023-08-23,68015.0,68229.0,68015.0,35986786346207.0,529101124.0,2023-08-23,2023-08-23,93.77,99.42,0.0,0.47,0.0,0.11,99.8333,2026-07-22,,,,,,,,
2023-08-24,68012.0,68227.0,68012.0,35985357113584.0,529101124.0,2023-08-24,2023-08-24,93.77,99.42,0.0,0.47,0.0,0.11,99.8333,2026-07-22,,,,,,,,
2023-08-25,68010.0,68224.0,68010.0,35983927837132.0,529101124.0,2023-08-25,2023-08-25,93.77,99.42,0.0,0.47,0.0,0.11,99.8333,2026-07-22,,,,,,,,
2023-08-26,67432.0,67646.0,67432.0,35813355330838.0,531101124.0,2023-08-26,2023-08-26,93.81,99.42,0.0,0.18,0.0,0.4,99.8333,2026-07-22,,,,,,,,
2023-08-27,67814.0,68029.0,67814.0,36315260159349.0,535511124.0,2023-08-27,2023-08-27,93.73,99.33,0.0,0.01,0.0,0.66,99.8333,2026-07-22,,,,,,,,
2023-08-28,67463.0,67678.0,67463.0,36401567164495.0,539576124.0,2023-08-28,2023-08-28,93.74,99.33,0.0,0.01,0.0,0.66,99.8333,2026-07-22,,,,,,,,
2023-08-29,67381.0,67595.0,67381.0,36446786471033.0,540906124.0,2023-08-29,2023-08-29,93.78,99.37,0.0,0.36,0.0,0.27,99.8333,2026-07-22,,,,,,,,
2023-08-30,67881.0,68097.0,67881.0,36719800332137.0,540946124.0,2023-08-30,2023-08-30,93.8,99.39,0.0,0.57,0.0,0.04,99.8333,2026-07-22,,,,,,,,
2023-08-31,67878.0,68094.0,67878.0,36718345945553.0,540946124.0,2023-08-31,2023-08-31,93.8,99.39,0.0,0.57,0.0,0.04,99.8333,2026-07-22,,,,,,,,
2023-09-01,67875.0,68091.0,67875.0,36716887826820.0,540946124.0,2023-09-01,2023-09-01,93.8,99.39,0.0,0.57,0.0,0.04,99.8333,2026-07-22,,,,,,,,
2023-09-02,68220.0,68437.0,68220.0,36903114197989.0,540946124.0,2023-09-02,2023-09-02,93.82,99.4,0.0,0.57,0.0,0.03,99.8333,2026-07-22,,,,,,,,
2023-09-03,68859.0,69079.0,68859.0,37439902666697.0,543716124.0,2023-09-03,2023-09-03,93.87,99.41,0.0,0.06,0.0,0.53,99.8333,2026-07-22,,,,,,,,
2023-09-04,68389.0,68607.0,68389.0,37194944134191.0,543876124.0,2023-09-04,2023-09-04,93.87,99.41,0.0,0.54,0.0,0.05,99.8333,2026-07-22,,,,,,,,
2023-09-05,68213.0,68431.0,68213.0,37099254976626.0,543876124.0,2023-09-05,2023-09-05,93.88,99.41,0.0,0.54,0.0,0.05,99.8333,2026-07-22,,,,,,,,
2023-09-06,68210.0,68428.0,68210.0,37097784005267.0,543876124.0,2023-09-06,2023-09-06,93.88,99.41,0.0,0.54,0.0,0.05,99.8333,2026-07-22,,,,,,,,
2023-09-07,68207.0,68426.0,68207.0,37096319377426.0,543876124.0,2023-09-07,2023-09-07,93.88,99.41,0.0,0.54,0.0,0.05,99.8333,2026-07-22,,,,,,,,
2023-09-08,68205.0,68423.0,68205.0,37094848407382.0,543876124.0,2023-09-08,2023-09-08,93.88,99.41,0.0,0.54,0.0,0.05,99.8333,2026-07-22,,,,,,,,
2023-09-09,68349.0,68568.0,68349.0,37238324877920.0,544826124.0,2023-09-09,2023-09-09,93.88,99.41,0.0,0.36,0.0,0.23,99.8333,2026-07-22,,,,,,,,
2023-09-10,68266.0,68485.0,68266.0,37213667530394.0,545126124.0,2023-09-10,2023-09-10,93.38,98.88,0.0,0.51,0.0,0.61,99.8333,2026-07-22,,,,,,,,
2023-09-11,68155.0,68374.0,68155.0,37179873587832.0,545516124.0,2023-09-11,2023-09-11,93.45,98.95,0.0,0.44,0.0,0.61,99.8333,2026-07-22,,,,,,,,
2023-09-12,67732.0,67949.0,67732.0,37035367482236.0,546796124.0,2023-09-12,2023-09-12,93.89,99.41,0.0,0.23,0.0,0.36,99.8333,2026-07-22,,,,,,,,
2023-09-13,68330.0,68549.0,68330.0,37410208354002.0,547496124.0,2023-09-13,2023-09-13,93.9,99.42,0.0,0.43,0.0,0.15,99.8333,2026-07-22,,,,,,,,
2023-09-14,68327.0,68546.0,68327.0,37408725938677.0,547496124.0,2023-09-14,2023-09-14,93.9,99.42,0.0,0.43,0.0,0.15,99.8333,2026-07-22,,,,,,,,
2023-09-15,68324.0,68543.0,68324.0,37407243524015.0,547496124.0,2023-09-15,2023-09-15,93.9,99.42,0.0,0.43,0.0,0.15,99.8333,2026-07-22,,,,,,,,
2023-09-16,68322.0,68541.0,68322.0,37405761110017.0,547496124.0,2023-09-16,2023-09-16,93.9,99.42,0.0,0.43,0.0,0.15,99.8333,2026-07-22,,,,,,,,
2023-09-17,67915.0,68133.0,67915.0,37183756582973.0,547506124.0,2023-09-17,2023-09-17,93.89,99.41,0.0,0.57,0.0,0.02,99.8333,2026-07-22,,,,,,,,
2023-09-18,67503.0,67719.0,67503.0,36958066032735.0,547506124.0,2023-09-18,2023-09-18,93.89,99.41,0.0,0.57,0.0,0.02,99.8333,2026-07-22,,,,,,,,
2023-09-19,67353.0,67569.0,67353.0,36876044860274.0,547506124.0,2023-09-19,2023-09-19,93.91,99.41,0.0,0.57,0.0,0.02,99.8333,2026-07-22,,,,,,,,
2023-09-20,66681.0,66895.0,66681.0,36581385565363.0,548606124.0,2023-09-20,2023-09-20,93.97,99.5,0.0,0.34,0.0,0.16,99.8333,2026-07-22,,,,,,,,
2023-09-21,66678.0,66892.0,66678.0,36579925221874.0,548606124.0,2023-09-21,2023-09-21,93.97,99.5,0.0,0.34,0.0,0.16,99.8333,2026-07-22,,,,,,,,
2023-09-22,66675.0,66889.0,66675.0,36578499980593.0,548606124.0,2023-09-22,2023-09-22,93.97,99.5,0.0,0.34,0.0,0.16,99.8333,2026-07-22,,,,,,,,
2023-09-23,66573.0,66787.0,66573.0,36522582744824.0,548606124.0,2023-09-23,2023-09-23,93.99,99.5,0.0,0.34,0.0,0.16,99.8333,2026-07-22,,,,,,,,
2023-09-24,66571.0,66785.0,66571.0,36521123871933.0,548606124.0,2023-09-24,2023-09-24,93.99,99.5,0.0,0.34,0.0,0.16,99.8333,2026-07-22,,,,,,,,
2023-09-25,66350.0,66563.0,66350.0,36399951050241.0,548606124.0,2023-09-25,2023-09-25,93.92,99.41,0.0,0.54,0.0,0.05,99.8333,2026-07-22,,,,,,,,
2023-09-26,66274.0,66487.0,66274.0,36358074856044.0,548606124.0,2023-09-26,2023-09-26,93.91,99.41,0.0,0.54,0.0,0.05,99.8333,2026-07-22,,,,,,,,
2023-09-27,65484.0,65695.0,65484.0,36050523893901.0,550521124.0,2023-09-27,2023-09-27,93.94,99.41,0.0,0.2,0.0,0.39,99.8333,2026-07-22,,,,,,,,
2023-09-28,65482.0,65693.0,65482.0,36049063965062.0,550521124.0,2023-09-28,2023-09-28,93.94,99.41,0.0,0.2,0.0,0.39,99.8333,2026-07-22,,,,,,,,
2023-09-29,65479.0,65690.0,65479.0,36047616789257.0,550521124.0,2023-09-29,2023-09-29,93.94,99.41,0.0,0.2,0.0,0.39,99.8333,2026-07-22,,,,,,,,
2023-09-30,65144.0,65354.0,65144.0,35863228451343.0,550521124.0,2023-09-30,2023-09-30,93.93,99.41,0.0,0.55,0.0,0.04,99.8333,2026-07-22,,,,,,,,
2023-10-01,65221.0,65431.0,65221.0,35915074763611.0,550663124.0,2023-10-01,2023-10-01,93.88,99.41,0.0,0.53,0.0,0.06,99.8333,2026-07-22,,,,,,,,
2023-10-02,65173.0,65382.0,65173.0,35964057684402.0,551828124.0,2023-10-02,2023-10-02,93.87,99.41,0.0,0.34,0.0,0.25,99.8333,2026-07-22,,,,,,,,
2023-10-03,65170.0,65379.0,65170.0,35962611789965.0,551828124.0,2023-10-03,2023-10-03,93.87,99.41,0.0,0.34,0.0,0.25,99.8333,2026-07-22,,,,,,,,
2023-10-04,65331.0,65541.0,65331.0,36153246902311.0,553383124.0,2023-10-04,2023-10-04,93.88,99.41,0.0,0.27,0.0,0.32,99.8333,2026-07-22,,,,,,,,
2023-10-05,65329.0,65539.0,65329.0,36151742627112.0,553383124.0,2023-10-05,2023-10-05,93.88,99.41,0.0,0.27,0.0,0.32,99.8333,2026-07-22,,,,,,,,
2023-10-06,65326.0,65536.0,65326.0,36150290324365.0,553383124.0,2023-10-06,2023-10-06,93.88,99.41,0.0,0.27,0.0,0.32,99.8333,2026-07-22,,,,,,,,
2023-10-07,67461.0,67678.0,67461.0,37400698905629.0,554403124.0,2023-10-07,2023-10-07,93.87,99.46,0.0,0.32,0.0,0.22,99.8333,2026-07-22,,,,,,,,
2023-10-08,70124.0,70350.0,70124.0,38976564029258.0,555823124.0,2023-10-08,2023-10-08,94.14,99.69,0.0,0.02,0.0,0.29,99.8333,2026-07-22,,,,,,,,
2023-10-09,73537.0,73774.0,73537.0,41071518979562.0,558513124.0,2023-10-09,2023-10-09,93.96,99.49,0.0,0.0,0.0,0.51,99.8333,2026-07-22,,,,,,,,
2023-10-10,69968.0,70195.0,69968.0,39078276205420.0,558513124.0,2023-10-10,2023-10-10,93.97,99.46,0.0,0.51,0.0,0.03,99.8333,2026-07-22,,,,,,,,
2023-10-11,69399.0,69624.0,69399.0,38954984973216.0,561318124.0,2023-10-11,2023-10-11,94.19,99.65,0.0,0.01,0.0,0.34,99.8333,2026-07-22,,,,,,,,
2023-10-12,69396.0,69621.0,69396.0,38953412984369.0,561318124.0,2023-10-12,2023-10-12,94.19,99.65,0.0,0.01,0.0,0.34,99.8333,2026-07-22,,,,,,,,
2023-10-13,69394.0,69618.0,69394.0,38951876718046.0,561318124.0,2023-10-13,2023-10-13,94.19,99.65,0.0,0.01,0.0,0.34,99.8333,2026-07-22,,,,,,,,
2023-10-14,70244.0,70472.0,70244.0,39569473879507.0,563318124.0,2023-10-14,2023-10-14,94.07,99.52,0.0,0.14,0.0,0.34,99.8333,2026-07-22,,,,,,,,
2023-10-15,70192.0,70420.0,70192.0,39717685433475.0,565844124.0,2023-10-15,2023-10-15,94.07,99.47,0.0,0.0,0.0,0.53,99.8333,2026-07-22,,,,,,,,
2023-10-16,69056.0,69281.0,69056.0,39354988609406.0,569900124.0,2023-10-16,2023-10-16,93.8,99.25,0.0,0.01,0.0,0.74,99.8333,2026-07-22,,,,,,,,
2023-10-17,69980.0,70208.0,69980.0,40032485235639.0,572058555.0,2023-10-17,2023-10-17,93.98,99.44,0.0,0.13,0.0,0.43,99.8333,2026-07-22,,,,,,,,
2023-10-18,70850.0,71082.0,70850.0,40729612849392.0,574868555.0,2023-10-18,2023-10-18,94.03,99.46,0.0,0.01,0.0,0.53,99.8333,2026-07-22,,,,,,,,
2023-10-19,70848.0,71079.0,70848.0,40728017305353.0,574868555.0,2023-10-19,2023-10-19,94.03,99.47,0.0,0.0,0.0,0.53,99.8333,2026-07-22,,,,,,,,
2023-10-20,70845.0,71076.0,70845.0,40726421762028.0,574868555.0,2023-10-20,2023-10-20,94.03,99.47,0.0,0.0,0.0,0.53,99.8333,2026-07-22,,,,,,,,
2023-10-21,69965.0,70193.0,69965.0,40538734796927.0,579413555.0,2023-10-21,2023-10-21,93.66,99.12,0.0,0.0,0.0,0.88,99.8333,2026-07-22,,,,,,,,
2023-10-22,70840.0,71071.0,70840.0,41335368858635.0,583503555.0,2023-10-22,2023-10-22,93.71,99.21,0.0,0.0,0.0,0.79,99.8333,2026-07-22,,,,,,,,
2023-10-23,70585.0,70816.0,70585.0,41218406114517.0,583953555.0,2023-10-23,2023-10-23,93.96,99.47,0.0,0.42,0.0,0.11,99.8333,2026-07-22,,,,,,,,
2023-10-24,70472.0,70703.0,70472.0,41365189186902.0,586973555.0,2023-10-24,2023-10-24,93.97,99.45,0.0,0.0,0.0,0.55,99.8333,2026-07-22,,,,,,,,
2023-10-25,71031.0,71264.0,71031.0,41949216903862.0,590573555.0,2023-10-25,2023-10-25,93.94,99.37,0.0,0.0,0.0,0.63,99.8333,2026-07-22,,,,,,,,
2023-10-26,71028.0,71262.0,71028.0,41947552764473.0,590573555.0,2023-10-26,2023-10-26,93.94,99.37,0.0,0.0,0.0,0.63,99.8333,2026-07-22,,,,,,,,
2023-10-27,71026.0,71259.0,71026.0,41945912325829.0,590573555.0,2023-10-27,2023-10-27,93.94,99.37,0.0,0.0,0.0,0.63,99.8333,2026-07-22,,,,,,,,
2023-10-28,73457.0,73699.0,73457.0,43679391600890.0,594623555.0,2023-10-28,2023-10-28,93.94,99.29,0.0,0.0,0.0,0.71,99.8333,2026-07-22,,,,,,,,
2023-10-29,72003.0,72241.0,72003.0,42994584743069.0,597123555.0,2023-10-29,2023-10-29,93.93,99.28,0.0,0.27,0.0,0.45,99.8333,2026-07-22,,,,,,,,
2023-10-30,71740.0,71978.0,71740.0,42957689717774.0,598793555.0,2023-10-30,2023-10-30,93.96,99.28,0.0,0.42,0.0,0.3,99.8333,2026-07-22,,,,,,,,
2023-10-31,72089.0,72328.0,72089.0,43465605178868.0,602943555.0,2023-10-31,2023-10-31,93.99,99.29,0.0,0.0,0.0,0.71,99.8333,2026-07-22,,,,,,,,
2023-11-01,72538.0,72780.0,72538.0,43998830282299.0,606558555.0,2023-11-01,2023-11-01,94.02,99.29,0.0,0.09,0.0,0.62,99.8333,2026-07-22,,,,,,,,
2023-11-02,72536.0,72777.0,72536.0,43997079838249.0,606558555.0,2023-11-02,2023-11-02,94.02,99.29,0.0,0.09,0.0,0.62,99.8333,2026-07-22,,,,,,,,
2023-11-03,72533.0,72774.0,72533.0,43995371783243.0,606558555.0,2023-11-03,2023-11-03,94.02,99.29,0.0,0.09,0.0,0.62,99.8333,2026-07-22,,,,,,,,
2023-11-04,71918.0,72157.0,71918.0,43909955959485.0,610558555.0,2023-11-04,2023-11-04,93.96,99.18,0.0,0.14,0.0,0.68,99.8333,2026-07-22,,,,,,,,
2023-11-05,71705.0,71944.0,71705.0,43939133687897.0,612778555.0,2023-11-05,2023-11-05,94.07,99.29,0.0,0.32,0.0,0.39,99.8333,2026-07-22,,,,,,,,
2023-11-06,71472.0,71710.0,71472.0,43846244254620.0,613478555.0,2023-11-06,2023-11-06,94.09,99.29,0.0,0.57,0.0,0.14,99.8333,2026-07-22,,,,,,,,
2023-11-07,70905.0,71142.0,70905.0,43638603246492.0,615448555.0,2023-11-07,2023-11-07,94.06,99.28,0.0,0.37,0.0,0.35,99.8333,2026-07-22,,,,,,,,
2023-11-08,71007.0,71244.0,71007.0,43830908810506.0,617273555.0,2023-11-08,2023-11-08,94.01,99.29,0.0,0.39,0.0,0.32,99.8333,2026-07-22,,,,,,,,
2023-11-09,71005.0,71241.0,71005.0,43829219951386.0,617273555.0,2023-11-09,2023-11-09,94.01,99.29,0.0,0.39,0.0,0.32,99.8333,2026-07-22,,,,,,,,
2023-11-10,71002.0,71238.0,71002.0,43827508518022.0,617273555.0,2023-11-10,2023-11-10,94.01,99.29,0.0,0.39,0.0,0.32,99.8333,2026-07-22,,,,,,,,
2023-11-11,70786.0,71021.0,70786.0,43893015934229.0,620083555.0,2023-11-11,2023-11-11,93.96,99.29,0.0,0.23,0.0,0.48,99.8333,2026-07-22,,,,,,,,
2023-11-12,70718.0,70954.0,70718.0,44015602430260.0,622408555.0,2023-11-12,2023-11-12,94.17,99.5,0.0,0.23,0.0,0.27,99.8333,2026-07-22,,,,,,,,
2023-11-13,70626.0,70861.0,70626.0,44236330923951.0,626349555.0,2023-11-13,2023-11-13,94.38,99.73,0.0,0.0,0.0,0.27,99.8333,2026-07-22,,,,,,,,
2023-11-14,70387.0,70621.0,70387.0,44534286372894.0,632709555.0,2023-11-14,2023-11-14,94.11,99.41,0.0,0.0,0.0,0.59,99.8333,2026-07-22,,,,,,,,
2023-11-15,70695.0,70931.0,70695.0,44928873375601.0,635529555.0,2023-11-15,2023-11-15,94.09,99.36,0.0,0.0,0.0,0.64,99.8333,2026-07-22,,,,,,,,
2023-11-16,70692.0,70928.0,70692.0,44927155174338.0,635529555.0,2023-11-16,2023-11-16,94.09,99.36,0.0,0.0,0.0,0.64,99.8333,2026-07-22,,,,,,,,
2023-11-17,70690.0,70926.0,70690.0,44925399273864.0,635529555.0,2023-11-17,2023-11-17,94.09,99.36,0.0,0.0,0.0,0.64,99.8333,2026-07-22,,,,,,,,
2023-11-18,70409.0,70644.0,70409.0,44916216097188.0,637934555.0,2023-11-18,2023-11-18,94.06,99.31,0.0,0.07,0.0,0.62,99.8333,2026-07-22,,,,,,,,
2023-11-19,70077.0,70311.0,70077.0,44830103036408.0,639724555.0,2023-11-19,2023-11-19,94.06,99.31,0.0,0.16,0.0,0.53,99.8333,2026-07-22,,,,,,,,
2023-11-20,69894.0,70128.0,69894.0,44782922373475.0,640724555.0,2023-11-20,2023-11-20,94.1,99.3,0.0,0.3,0.0,0.4,99.8333,2026-07-22,,,,,,,,
2023-11-21,70176.0,70411.0,70176.0,45140577055755.0,643244555.0,2023-11-21,2023-11-21,94.12,99.31,0.0,0.05,0.0,0.64,99.8333,2026-07-22,,,,,,,,
2023-11-22,70375.0,70611.0,70375.0,45549953888819.0,647244555.0,2023-11-22,2023-11-22,94.14,99.3,0.0,0.01,0.0,0.69,99.8333,2026-07-22,,,,,,,,
2023-11-23,70372.0,70608.0,70372.0,45548171770217.0,647244555.0,2023-11-23,2023-11-23,94.14,99.3,0.0,0.01,0.0,0.69,99.8333,2026-07-22,,,,,,,,
2023-11-24,70370.0,70605.0,70370.0,45546389610968.0,647244555.0,2023-11-24,2023-11-24,94.14,99.3,0.0,0.01,0.0,0.69,99.8333,2026-07-22,,,,,,,,
2023-11-25,70701.0,70937.0,70701.0,46099191746356.0,652034555.0,2023-11-25,2023-11-25,94.17,99.31,0.0,0.01,0.0,0.68,99.8333,2026-07-22,,,,,,,,
2023-11-26,70457.0,70693.0,70457.0,46139646929786.0,654859555.0,2023-11-26,2023-11-26,93.92,99.03,0.0,0.21,0.0,0.76,99.8333,2026-07-22,,,,,,,,
2023-11-27,70632.0,70868.0,70632.0,46552798084398.0,659089555.0,2023-11-27,2023-11-27,93.95,99.19,0.0,0.0,0.0,0.81,99.8333,2026-07-22,,,,,,,,
2023-11-28,70605.0,70842.0,70605.0,46783808494057.0,662612555.0,2023-11-28,2023-11-28,94.01,99.25,0.0,0.0,0.0,0.75,99.8333,2026-07-22,,,,,,,,
2023-11-29,70998.0,71237.0,70998.0,47110414099175.0,663546555.0,2023-11-29,2023-11-29,94.42,99.65,0.0,0.14,0.0,0.21,99.8333,2026-07-22,,,,,,,,
2023-11-30,70995.0,71234.0,70995.0,47108575964371.0,663546555.0,2023-11-30,2023-11-30,94.42,99.65,0.0,0.14,0.0,0.21,99.8333,2026-07-22,,,,,,,,
2023-12-01,70992.0,71231.0,70992.0,47106737830390.0,663546555.0,2023-12-01,2023-12-01,94.42,99.65,0.0,0.14,0.0,0.21,99.8333,2026-07-22,,,,,,,,
2023-12-02,72281.0,72525.0,72281.0,47962059807478.0,663546555.0,2023-12-02,2023-12-02,94.4,99.61,0.0,0.32,0.0,0.07,99.8333,2026-07-22,,,,,,,,
2023-12-03,72423.0,72667.0,72423.0,48184959351713.0,665325255.0,2023-12-03,2023-12-03,94.46,99.66,0.0,0.01,0.0,0.33,99.8333,2026-07-22,,,,,,,,
2023-12-04,72533.0,72778.0,72533.0,48470128864735.0,668248255.0,2023-12-04,2023-12-04,94.76,99.98,0.0,0.0,0.0,0.02,99.8333,2026-07-22,,,,,,,,
2023-12-05,71603.0,71844.0,71603.0,47848470713515.0,668248255.0,2023-12-05,2023-12-05,94.46,99.67,0.0,0.31,0.0,0.02,99.8333,2026-07-22,,,,,,,,
2023-12-06,71306.0,71546.0,71306.0,47699868657924.0,668948255.0,2023-12-06,2023-12-06,94.38,99.6,0.0,0.28,0.0,0.12,99.8333,2026-07-22,,,,,,,,
2023-12-07,71303.0,71543.0,71303.0,47697783535920.0,668948255.0,2023-12-07,2023-12-07,94.46,99.67,0.0,0.21,0.0,0.12,99.8333,2026-07-22,,,,,,,,
2023-12-08,71300.0,71540.0,71300.0,47695924668059.0,668948255.0,2023-12-08,2023-12-08,94.46,99.67,0.0,0.21,0.0,0.12,99.8333,2026-07-22,,,,,,,,
2023-12-09,71097.0,71337.0,71097.0,47759618427592.0,671753255.0,2023-12-09,2023-12-09,94.37,99.57,0.0,0.0,0.0,0.43,99.8333,2026-07-22,,,,,,,,
2023-12-10,71120.0,71360.0,71120.0,47914625662717.0,673713255.0,2023-12-10,2023-12-10,94.49,99.69,0.0,0.0,0.0,0.31,99.8333,2026-07-22,,,,,,,,
2023-12-11,70781.0,71021.0,70781.0,47905811275912.0,676813255.0,2023-12-11,2023-12-11,94.63,99.82,0.0,0.0,0.0,0.18,99.8333,2026-07-22,,,,,,,,
2023-12-12,70850.0,71089.0,70850.0,48028683550419.0,677893255.0,2023-12-12,2023-12-12,94.34,99.51,0.0,0.0,0.0,0.49,99.8333,2026-07-22,,,,,,,,
2023-12-13,70749.0,70988.0,70749.0,48114795181247.0,680073255.0,2023-12-13,2023-12-13,94.21,99.36,0.0,0.31,0.0,0.33,99.8333,2026-07-22,,,,,,,,
2023-12-14,70747.0,70985.0,70747.0,48112919049715.0,680073255.0,2023-12-14,2023-12-14,94.21,99.36,0.0,0.31,0.0,0.33,99.8333,2026-07-22,,,,,,,,
2023-12-15,70744.0,70982.0,70744.0,48111042919023.0,680073255.0,2023-12-15,2023-12-15,94.21,99.36,0.0,0.31,0.0,0.33,99.8333,2026-07-22,,,,,,,,
2023-12-16,71002.0,71242.0,71002.0,48436229406042.0,682183255.0,2023-12-16,2023-12-16,94.41,99.53,0.0,0.15,0.0,0.32,99.8333,2026-07-22,,,,,,,,
2023-12-17,70999.0,71240.0,70999.0,48434340841925.0,682183255.0,2023-12-17,2023-12-17,94.41,99.53,0.0,0.15,0.0,0.32,99.8333,2026-07-22,,,,,,,,
2023-12-18,70908.0,71149.0,70908.0,48521477523249.0,684288255.0,2023-12-18,2023-12-18,94.56,99.68,0.0,0.0,0.0,0.32,99.8333,2026-07-22,,,,,,,,
2023-12-19,70803.0,71044.0,70803.0,48598945096737.0,686398255.0,2023-12-19,2023-12-19,94.58,99.68,0.0,0.0,0.0,0.32,99.8333,2026-07-22,,,,,,,,
2023-12-20,70841.0,71082.0,70841.0,48824527114484.0,689208255.0,2023-12-20,2023-12-20,94.41,99.52,0.0,0.0,0.0,0.48,99.8333,2026-07-22,,,,,,,,
2023-12-21,70839.0,71079.0,70839.0,48822646389547.0,689208255.0,2023-12-21,2023-12-21,94.41,99.52,0.0,0.0,0.0,0.48,99.8333,2026-07-22,,,,,,,,
2023-12-22,70836.0,71077.0,70836.0,48820738296132.0,689208255.0,2023-12-22,2023-12-22,94.41,99.52,0.0,0.0,0.0,0.48,99.8333,2026-07-22,,,,,,,,
2023-12-23,71605.0,71848.0,71605.0,49651206629716.0,693408255.0,2023-12-23,2023-12-23,94.31,99.38,0.0,0.0,0.0,0.62,99.8333,2026-07-22,,,,,,,,
2023-12-24,71292.0,71535.0,71292.0,49670055295114.0,696708255.0,2023-12-24,2023-12-24,94.47,99.51,0.0,0.0,0.0,0.49,99.8333,2026-07-22,,,,,,,,
2023-12-25,71176.0,71419.0,71176.0,49823521558941.0,700000000.0,2023-12-25,2023-12-25,94.52,99.56,0.0,0.0,0.0,0.44,99.8333,2026-07-22,,,,,,,,
2023-12-26,71496.0,71740.0,71496.0,50046948611880.0,700000000.0,2023-12-26,2023-12-26,94.7,99.75,0.0,0.19,0.0,0.06,99.8333,2026-07-22,,,,,,,,
2023-12-27,71549.0,71794.0,71549.0,50084076813944.0,700000000.0,2023-12-27,2023-12-27,94.9,99.94,0.0,0.0,0.0,0.06,99.8333,2026-07-22,,,,,,,,
2023-12-28,71546.0,71791.0,71546.0,50082124535988.0,700000000.0,2023-12-28,2023-12-28,94.9,99.94,0.0,0.0,0.0,0.06,99.8333,2026-07-22,,,,,,,,
2023-12-29,71543.0,71788.0,71543.0,50080172258061.0,700000000.0,2023-12-29,2023-12-29,94.9,99.94,0.0,0.0,0.0,0.06,99.8333,2026-07-22,,,,,,,,
2023-12-30,72273.0,72521.0,72273.0,50591094795578.0,700000000.0,2023-12-30,2023-12-30,94.95,99.98,0.0,0.0,0.0,0.02,99.8333,2026-07-22,,,,,,,,
2023-12-31,72197.0,72442.0,72197.0,51037360936290.0,706920001.0,2023-12-31,2023-12-31,94.18,99.19,0.0,0.0,0.0,0.81,99.8333,2026-07-22,,,,,,,,
2024-01-01,72392.0,72638.0,72392.0,51743678717115.0,714770001.0,2024-01-01,2024-01-01,93.64,98.72,0.0,0.0,0.0,1.28,99.8333,2026-07-22,,,,,,,,
2024-01-02,73233.0,73482.0,73233.0,52944479920916.0,722960801.0,2024-01-02,2024-01-02,93.82,98.87,0.0,0.0,0.0,1.13,99.8333,2026-07-22,,,,,,,,
2024-01-03,73240.0,73491.0,73240.0,53549772961297.0,731150801.0,2024-01-03,2024-01-03,94.94,99.99,0.0,0.0,0.0,0.01,99.8333,2026-07-22,,,,,,,,
2024-01-04,73238.0,73488.0,73238.0,53547716102777.0,731150801.0,2024-01-04,2024-01-04,94.94,99.99,0.0,0.0,0.0,0.01,99.8333,2026-07-22,,,,,,,,
2024-01-05,73235.0,73485.0,73235.0,53545659244287.0,731150801.0,2024-01-05,2024-01-05,94.94,99.99,0.0,0.0,0.0,0.01,99.8333,2026-07-22,,,,,,,,
2024-01-06,73503.0,73755.0,73503.0,54339644122310.0,739288602.0,2024-01-06,2024-01-06,93.9,98.89,0.0,0.0,0.0,1.11,99.8333,2026-07-22,,,,,,,,
2024-01-07,74288.0,74544.0,74288.0,55417553720513.0,745978603.0,2024-01-07,2024-01-07,94.05,99.02,0.0,0.06,0.0,0.92,99.8333,2026-07-22,,,,,,,,
2024-01-08,73968.0,74222.0,73968.0,55769922335313.0,753978603.0,2024-01-08,2024-01-08,94.0,98.93,0.0,0.0,0.0,1.07,99.8333,2026-07-22,,,,,,,,
2024-01-09,74835.0,75093.0,74835.0,57124997884011.0,763350603.0,2024-01-09,2024-01-09,93.97,98.87,0.0,0.0,0.0,1.13,99.8333,2026-07-22,,,,,,,,
2024-01-10,77246.0,77513.0,77246.0,59562136591302.0,771070603.0,2024-01-10,2024-01-10,94.0,98.89,0.0,0.0,0.0,1.11,99.8333,2026-07-22,,,,,,,,
2024-01-11,77534.0,77802.0,77534.0,59784018992333.0,771070603.0,2024-01-11,2024-01-11,94.03,98.89,0.0,0.0,0.0,1.11,99.8333,2026-07-22,,,,,,,,
2024-01-12,77531.0,77800.0,77531.0,59782096485718.0,771070603.0,2024-01-12,2024-01-12,94.03,98.89,0.0,0.0,0.0,1.11,99.8333,2026-07-22,,,,,,,,
2024-01-13,79526.0,79800.0,79526.0,61611547266863.0,774735604.0,2024-01-13,2024-01-13,93.98,98.84,0.0,0.68,0.0,0.48,99.8333,2026-07-22,,,,,,,,
2024-01-14,77620.0,77890.0,77620.0,60352161908677.0,777535605.0,2024-01-14,2024-01-14,94.0,98.76,0.0,0.87,0.0,0.37,99.8333,2026-07-22,,,,,,,,
2024-01-15,77272.0,77543.0,77272.0,60630423753727.0,784635606.0,2024-01-15,2024-01-15,94.12,98.79,0.0,0.34,0.0,0.87,99.8333,2026-07-22,,,,,,,,
2024-01-16,77621.0,77895.0,77621.0,60903914907457.0,784635606.0,2024-01-16,2024-01-16,94.68,99.39,0.0,0.6,0.0,0.01,99.8333,2026-07-22,,,,,,,,
2024-01-17,77462.0,77735.0,77462.0,60972955682321.0,787135606.0,2024-01-17,2024-01-17,94.58,99.25,0.0,0.42,0.0,0.33,99.8333,2026-07-22,,,,,,,,
2024-01-18,77201.0,77473.0,77201.0,60767666187106.0,787135606.0,2024-01-18,2024-01-18,94.56,99.25,0.0,0.42,0.0,0.33,99.8333,2026-07-22,,,,,,,,
2024-01-19,77198.0,77470.0,77198.0,60765459830916.0,787135606.0,2024-01-19,2024-01-19,94.56,99.25,0.0,0.42,0.0,0.33,99.8333,2026-07-22,,,,,,,,
2024-01-20,77811.0,78086.0,77811.0,61358126607894.0,788555606.0,2024-01-20,2024-01-20,94.64,99.32,0.0,0.49,0.0,0.19,99.8333,2026-07-22,,,,,,,,
2024-01-21,78256.0,78532.0,78256.0,61708913545673.0,788555606.0,2024-01-21,2024-01-21,94.75,99.44,0.0,0.55,0.0,0.01,99.8333,2026-07-22,,,,,,,,
2024-01-22,78357.0,78634.0,78357.0,61838391930606.0,789190606.0,2024-01-22,2024-01-22,94.94,99.66,0.0,0.25,0.0,0.09,99.8333,2026-07-22,,,,,,,,
2024-01-23,79533.0,79814.0,79533.0,62836581489271.0,790065606.0,2024-01-23,2024-01-23,94.96,99.68,0.0,0.2,0.0,0.12,99.8333,2026-07-22,,,,,,,,
2024-01-24,79945.0,80229.0,79945.0,63348693224110.0,792398606.0,2024-01-24,2024-01-24,94.97,99.67,0.0,0.03,0.0,0.3,99.8333,2026-07-22,,,,,,,,
2024-01-25,79943.0,80226.0,79943.0,63346408668920.0,792398606.0,2024-01-25,2024-01-25,94.97,99.67,0.0,0.03,0.0,0.3,99.8333,2026-07-22,,,,,,,,
2024-01-26,79940.0,80223.0,79940.0,63344124113763.0,792398606.0,2024-01-26,2024-01-26,94.97,99.67,0.0,0.03,0.0,0.3,99.8333,2026-07-22,,,,,,,,
2024-01-27,80791.0,81078.0,80791.0,64166149471335.0,794226606.0,2024-01-27,2024-01-27,95.09,99.76,0.0,0.0,0.0,0.24,99.8333,2026-07-22,,,,,,,,
2024-01-28,80197.0,80483.0,80197.0,63943347383780.0,797324606.0,2024-01-28,2024-01-28,94.96,99.6,0.0,0.0,0.0,0.4,99.8333,2026-07-22,,,,,,,,
2024-01-29,82063.0,82356.0,82063.0,65680118760665.0,800363606.0,2024-01-29,2024-01-29,95.05,99.62,0.0,0.0,0.0,0.38,99.8333,2026-07-22,,,,,,,,
2024-01-30,82483.0,82778.0,82483.0,66016237447827.0,800363606.0,2024-01-30,2024-01-30,95.1,99.68,0.0,0.31,0.0,0.01,99.8333,2026-07-22,,,,,,,,
2024-01-31,82576.0,82872.0,82576.0,66090465073450.0,800363606.0,2024-01-31,2024-01-31,95.2,99.74,0.0,0.25,0.0,0.01,99.8333,2026-07-22,,,,,,,,
2024-02-01,82350.0,82646.0,82350.0,65910287927958.0,800363606.0,2024-02-01,2024-02-01,95.18,99.74,0.0,0.25,0.0,0.01,99.8333,2026-07-22,,,,,,,,
2024-02-02,82347.0,82643.0,82347.0,65907828063514.0,800363606.0,2024-02-02,2024-02-02,95.18,99.74,0.0,0.25,0.0,0.01,99.8333,2026-07-22,,,,,,,,
2024-02-03,80763.0,81052.0,80763.0,64659938530332.0,800610606.0,2024-02-03,2024-02-03,95.15,99.76,0.0,0.2,0.0,0.04,99.8333,2026-07-22,,,,,,,,
2024-02-04,79381.0,79663.0,79381.0,63669207412579.0,802071606.0,2024-02-04,2024-02-04,95.17,99.81,0.0,0.18,0.0,0.01,99.8333,2026-07-22,,,,,,,,
2024-02-05,78636.0,78916.0,78636.0,63071308396268.0,802071606.0,2024-02-05,2024-02-05,95.05,99.68,0.0,0.31,0.0,0.01,99.8333,2026-07-22,,,,,,,,
2024-02-06,79171.0,79454.0,79171.0,63500824136687.0,802071606.0,2024-02-06,2024-02-06,95.16,99.74,0.0,0.25,0.0,0.01,99.8333,2026-07-22,,,,,,,,
2024-02-07,79598.0,79883.0,79598.0,63843686243658.0,802071606.0,2024-02-07,2024-02-07,95.21,99.8,0.0,0.19,0.0,0.01,99.8333,2026-07-22,,,,,,,,
2024-02-08,79595.0,79880.0,79595.0,63841285768381.0,802071606.0,2024-02-08,2024-02-08,95.21,99.8,0.0,0.19,0.0,0.01,99.8333,2026-07-22,,,,,,,,
2024-02-09,79593.0,79877.0,79593.0,63838885293140.0,802071606.0,2024-02-09,2024-02-09,95.21,99.8,0.0,0.19,0.0,0.01,99.8333,2026-07-22,,,,,,,,
2024-02-10,79252.0,79535.0,79252.0,63665425333041.0,803331606.0,2024-02-10,2024-02-10,95.06,99.65,0.0,0.19,0.0,0.16,99.8333,2026-07-22,,,,,,,,
2024-02-11,79249.0,79532.0,79249.0,63663080323811.0,803331606.0,2024-02-11,2024-02-11,95.06,99.65,0.0,0.19,0.0,0.16,99.8333,2026-07-22,,,,,,,,
2024-02-12,79509.0,79793.0,79509.0,63872008763661.0,803331606.0,2024-02-12,2024-02-12,95.1,99.7,0.0,0.29,0.0,0.01,99.8333,2026-07-22,,,,,,,,
2024-02-13,79138.0,79421.0,79138.0,63574188060396.0,803331606.0,2024-02-13,2024-02-13,95.16,99.76,0.0,0.23,0.0,0.01,99.8333,2026-07-22,,,,,,,,
2024-02-14,79045.0,79327.0,79045.0,63499266452073.0,803331606.0,2024-02-14,2024-02-14,95.19,99.82,0.0,0.17,0.0,0.01,99.8333,2026-07-22,,,,,,,,
2024-02-15,79434.0,79719.0,79434.0,63812192556636.0,803331606.0,2024-02-15,2024-02-15,95.21,99.82,0.0,0.17,0.0,0.01,99.8333,2026-07-22,,,,,,,,
2024-02-16,79431.0,79716.0,79431.0,63809800162645.0,803331606.0,2024-02-16,2024-02-16,95.21,99.82,0.0,0.17,0.0,0.01,99.8333,2026-07-22,,,,,,,,
2024-02-17,80580.0,80869.0,80580.0,64732496565151.0,803331606.0,2024-02-17,2024-02-17,95.27,99.88,0.0,0.11,0.0,0.01,99.8333,2026-07-22,,,,,,,,
2024-02-18,81737.0,82029.0,81737.0,65661602900276.0,803331606.0,2024-02-18,2024-02-18,95.24,99.88,0.0,0.11,0.0,0.01,99.8333,2026-07-22,,,,,,,,
2024-02-19,81275.0,81564.0,81275.0,65713271923486.0,808531606.0,2024-02-19,2024-02-19,95.12,99.75,0.0,0.05,0.0,0.2,99.8333,2026-07-22,,,,,,,,
2024-02-20,80229.0,80517.0,80229.0,64967197266282.0,809771606.0,2024-02-20,2024-02-20,95.41,99.99,0.0,0.0,0.0,0.01,99.8333,2026-07-22,,,,,,,,
2024-02-21,80871.0,81161.0,80871.0,65486885636193.0,809771606.0,2024-02-21,2024-02-21,95.26,99.84,0.0,0.15,0.0,0.01,99.8333,2026-07-22,,,,,,,,
2024-02-22,81140.0,81433.0,81140.0,65705167767080.0,809771606.0,2024-02-22,2024-02-22,95.43,99.99,0.0,0.0,0.0,0.01,99.8333,2026-07-22,,,,,,,,
2024-02-23,81137.0,81430.0,81137.0,65702715136397.0,809771606.0,2024-02-23,2024-02-23,95.43,99.99,0.0,0.0,0.0,0.01,99.8333,2026-07-22,,,,,,,,
2024-02-24,81873.0,82166.0,81873.0,66796977331431.0,815859806.0,2024-02-24,2024-02-24,94.96,99.5,0.0,0.0,0.0,0.5,99.8333,2026-07-22,,,,,,,,
2024-02-25,81870.0,82163.0,81870.0,66794656416794.0,815859806.0,2024-02-25,2024-02-25,94.95,99.5,0.0,0.0,0.0,0.5,99.8333,2026-07-22,,,,,,,,
2024-02-26,81574.0,81865.0,81574.0,67108081958189.0,822664806.0,2024-02-26,2024-02-26,94.98,99.44,0.0,0.29,0.0,0.27,99.8333,2026-07-22,,,,,,,,
2024-02-27,82306.0,82604.0,82306.0,67907158350451.0,825057806.0,2024-02-27,2024-02-27,95.55,99.99,0.0,0.0,0.0,0.01,99.8333,2026-07-22,,,,,,,,
2024-02-28,82123.0,82421.0,82123.0,68554507559874.0,834782826.0,2024-02-28,2024-02-28,95.58,99.99,0.0,0.0,0.0,0.01,99.8333,2026-07-22,,,,,,,,
2024-02-29,82314.0,82614.0,82314.0,68714508265980.0,834782826.0,2024-02-29,2024-02-29,95.59,99.99,0.0,0.0,0.0,0.01,99.8333,2026-07-22,,,,,,,,
2024-03-01,82311.0,82611.0,82311.0,68711954932550.0,834782826.0,2024-03-01,2024-03-01,95.59,99.99,0.0,0.0,0.0,0.01,99.8333,2026-07-22,,,,,,,,
2024-03-02,84065.0,84371.0,84065.0,70472638530442.0,838307531.0,2024-03-02,2024-03-02,95.62,99.99,0.0,0.0,0.0,0.01,99.8333,2026-07-22,,,,,,,,
2024-03-03,84244.0,84550.0,84244.0,71070700079449.0,843627016.0,2024-03-03,2024-03-03,95.65,99.99,0.0,0.0,0.0,0.01,99.8333,2026-07-22,,,,,,,,
2024-03-04,86223.0,86536.0,86223.0,73295039220430.0,850060743.0,2024-03-04,2024-03-04,95.65,99.99,0.0,0.0,0.0,0.01,99.8333,2026-07-22,,,,,,,,
2024-03-05,89014.0,89338.0,89014.0,76168764182717.0,855694743.0,2024-03-05,2024-03-05,95.68,99.99,0.0,0.0,0.0,0.01,99.8333,2026-07-22,,,,,,,,
2024-03-06,88744.0,89069.0,88744.0,75984375246387.0,856222743.0,2024-03-06,2024-03-06,95.72,99.99,0.0,0.0,0.0,0.01,99.8333,2026-07-22,,,,,,,,
2024-03-07,88933.0,89260.0,88933.0,76146479258154.0,856222743.0,2024-03-07,2024-03-07,95.73,99.99,0.0,0.0,0.0,0.01,99.8333,2026-07-22,,,,,,,,
2024-03-08,88930.0,89256.0,88930.0,76143705976974.0,856222743.0,2024-03-08,2024-03-08,95.73,99.99,0.0,0.0,0.0,0.01,99.8333,2026-07-22,,,,,,,,
2024-03-09,90413.0,90745.0,90413.0,77413802957090.0,856222743.0,2024-03-09,2024-03-09,95.68,99.99,0.0,0.0,0.0,0.01,99.8333,2026-07-22,,,,,,,,
2024-03-10,88153.0,88477.0,88153.0,75478822436764.0,856222743.0,2024-03-10,2024-03-10,95.7,99.99,0.0,0.0,0.0,0.01,99.8333,2026-07-22,,,,,,,,
2024-03-11,88483.0,88807.0,88483.0,75810518442471.0,856783743.0,2024-03-11,2024-03-11,95.64,99.93,0.0,0.0,0.0,0.07,99.8333,2026-07-22,,,,,,,,
2024-03-12,88252.0,88575.0,88252.0,75727591740996.0,858078743.0,2024-03-12,2024-03-12,95.55,99.84,0.0,0.0,0.0,0.16,99.8333,2026-07-22,,,,,,,,
2024-03-13,87569.0,87889.0,87569.0,75340192614030.0,860352687.0,2024-03-13,2024-03-13,95.49,99.78,0.0,0.0,0.0,0.22,99.8333,2026-07-22,,,,,,,,
2024-03-14,88023.0,88345.0,88023.0,75730823240995.0,860352687.0,2024-03-14,2024-03-14,95.51,99.78,0.0,0.0,0.0,0.22,99.8333,2026-07-22,,,,,,,,
2024-03-15,88020.0,88342.0,88020.0,75728148578945.0,860352687.0,2024-03-15,2024-03-15,95.51,99.78,0.0,0.0,0.0,0.22,99.8333,2026-07-22,,,,,,,,
2024-03-16,89336.0,89663.0,89336.0,76860261373692.0,860352687.0,2024-03-16,2024-03-16,95.71,99.99,0.0,0.0,0.0,0.01,99.8333,2026-07-22,,,,,,,,
2024-03-17,90723.0,91055.0,90723.0,78113234511970.0,861012687.0,2024-03-17,2024-03-17,95.62,99.91,0.0,0.01,0.0,0.08,99.8333,2026-07-22,,,,,,,,
2024-03-18,92782.0,93122.0,92782.0,79886454200757.0,861012687.0,2024-03-18,2024-03-18,95.63,99.95,0.0,0.04,0.0,0.01,99.8333,2026-07-22,,,,,,,,
2024-03-19,92779.0,93118.0,92779.0,79883574087083.0,861012687.0,2024-03-19,2024-03-19,95.63,99.95,0.0,0.04,0.0,0.01,99.8333,2026-07-22,,,,,,,,
2024-03-20,92775.0,93115.0,92775.0,79880691402601.0,861012687.0,2024-03-20,2024-03-20,95.63,99.95,0.0,0.04,0.0,0.01,99.8333,2026-07-22,,,,,,,,
2024-03-21,92772.0,93112.0,92772.0,79877808758886.0,861012687.0,2024-03-21,2024-03-21,95.63,99.95,0.0,0.04,0.0,0.01,99.8333,2026-07-22,,,,,,,,
2024-03-22,92769.0,93108.0,92769.0,79874926074491.0,861012687.0,2024-03-22,2024-03-22,95.63,99.95,0.0,0.04,0.0,0.01,99.8333,2026-07-22,,,,,,,,
2024-03-23,92765.0,93105.0,92765.0,79872043390140.0,861012687.0,2024-03-23,2024-03-23,95.63,99.95,0.0,0.04,0.0,0.01,99.8333,2026-07-22,,,,,,,,
2024-03-24,94830.0,95172.0,94830.0,82643335827519.0,871490887.0,2024-03-24,2024-03-24,94.5,98.79,0.0,0.0,0.0,1.21,99.8333,2026-07-22,,,,,,,,
2024-03-25,94276.0,94620.0,94276.0,82857281638785.0,878881809.0,2024-03-25,2024-03-25,94.87,99.15,0.0,0.0,0.0,0.85,99.8333,2026-07-22,,,,,,,,
2024-03-26,94107.0,94451.0,94107.0,83008461424240.0,882060600.0,2024-03-26,2024-03-26,94.82,99.1,0.0,0.54,0.0,0.36,99.8333,2026-07-22,,,,,,,,
2024-03-27,94081.0,94424.0,94081.0,82985283754671.0,882060600.0,2024-03-27,2024-03-27,94.87,99.23,0.0,0.43,0.0,0.34,99.8333,2026-07-22,,,,,,,,
2024-03-28,94399.0,94744.0,94399.0,83265721909327.0,882060600.0,2024-03-28,2024-03-28,95.02,99.36,0.0,0.3,0.0,0.34,99.8333,2026-07-22,,,,,,,,
2024-03-29,94396.0,94741.0,94396.0,83262633252661.0,882060600.0,2024-03-29,2024-03-29,95.02,99.36,0.0,0.3,0.0,0.34,99.8333,2026-07-22,,,,,,,,
2024-03-30,95510.0,95860.0,95510.0,84345565396947.0,883102920.0,2024-03-30,2024-03-30,95.0,99.45,0.0,0.12,0.0,0.43,99.8333,2026-07-22,,,,,,,,
2024-03-31,95507.0,95856.0,95507.0,84342473356956.0,883102920.0,2024-03-31,2024-03-31,95.0,99.45,0.0,0.12,0.0,0.43,99.8333,2026-07-22,,,,,,,,
2024-04-01,95503.0,95853.0,95503.0,84339381317013.0,883102920.0,2024-04-01,2024-04-01,95.0,99.45,0.0,0.12,0.0,0.43,99.8333,2026-07-22,,,,,,,,
2024-04-02,99867.0,100231.0,99867.0,88262353067870.0,883802920.0,2024-04-02,2024-04-02,94.99,99.53,0.0,0.16,0.0,0.31,99.8333,2026-07-22,,,,,,,,
2024-04-03,102374.0,102748.0,102374.0,90478738445711.0,883802920.0,2024-04-03,2024-04-03,95.04,99.62,0.0,0.38,0.0,0.0,99.8333,2026-07-22,,,,,,,,
2024-04-04,104134.0,104517.0,104134.0,92034015541102.0,883802920.0,2024-04-04,2024-04-04,95.3,99.8,0.0,0.2,0.0,0.0,99.8333,2026-07-22,,,,,,,,
2024-04-05,104130.0,104513.0,104130.0,92030570653099.0,883802920.0,2024-04-05,2024-04-05,95.3,99.8,0.0,0.2,0.0,0.0,99.8333,2026-07-22,,,,,,,,
2024-04-06,105738.0,106127.0,105738.0,93552703050108.0,884757756.0,2024-04-06,2024-04-06,95.27,99.79,0.0,0.1,0.0,0.11,99.8333,2026-07-22,,,,,,,,
2024-04-07,102812.0,103191.0,102812.0,91113355979457.0,886211081.0,2024-04-07,2024-04-07,95.17,99.8,0.0,0.03,0.0,0.17,99.8333,2026-07-22,,,,,,,,
2024-04-08,100636.0,101007.0,100636.0,89332428895882.0,887678358.0,2024-04-08,2024-04-08,94.99,99.79,0.0,0.01,0.0,0.2,99.8333,2026-07-22,,,,,,,,
2024-04-09,104451.0,104834.0,104451.0,92867990275599.0,889109358.0,2024-04-09,2024-04-09,94.94,99.77,0.0,0.04,0.0,0.19,99.8333,2026-07-22,,,,,,,,
2024-04-10,104447.0,104830.0,104447.0,92864559511105.0,889109358.0,2024-04-10,2024-04-10,94.94,99.77,0.0,0.04,0.0,0.19,99.8333,2026-07-22,,,,,,,,
2024-04-11,104443.0,104826.0,104443.0,92861128746663.0,889109358.0,2024-04-11,2024-04-11,94.94,99.77,0.0,0.04,0.0,0.19,99.8333,2026-07-22,,,,,,,,
2024-04-12,104439.0,104822.0,104439.0,92857697982271.0,889109358.0,2024-04-12,2024-04-12,94.94,99.77,0.0,0.04,0.0,0.19,99.8333,2026-07-22,,,,,,,,
2024-04-13,109551.0,109954.0,109551.0,97402466546207.0,889109358.0,2024-04-13,2024-04-13,95.16,99.98,0.0,0.01,0.0,0.01,99.8333,2026-07-22,,,,,,,,
2024-04-14,108133.0,108530.0,108133.0,96341125372032.0,890952078.0,2024-04-14,2024-04-14,94.92,99.78,0.0,0.0,0.0,0.22,99.8333,2026-07-22,,,,,,,,
2024-04-15,105518.0,105904.0,105518.0,94509498024574.0,895674664.0,2024-04-15,2024-04-15,94.49,99.42,0.0,0.05,0.0,0.53,99.8333,2026-07-22,,,,,,,,
2024-04-16,107684.0,108080.0,107684.0,96845728055870.0,899347594.0,2024-04-16,2024-04-16,94.66,99.55,0.0,0.03,0.0,0.42,99.8333,2026-07-22,,,,,,,,
2024-04-17,109820.0,110225.0,109820.0,98866907401255.0,900265388.0,2024-04-17,2024-04-17,94.68,99.54,0.0,0.35,0.0,0.11,99.8333,2026-07-22,,,,,,,,
2024-04-18,110267.0,110676.0,110267.0,99269474056267.0,900265388.0,2024-04-18,2024-04-18,95.05,99.89,0.0,0.0,0.0,0.11,99.8333,2026-07-22,,,,,,,,
2024-04-19,110263.0,110672.0,110263.0,99265837031641.0,900265388.0,2024-04-19,2024-04-19,95.05,99.89,0.0,0.0,0.0,0.11,99.8333,2026-07-22,,,,,,,,
2024-04-20,105307.0,105695.0,105307.0,96083430961326.0,912410820.0,2024-04-20,2024-04-20,94.25,99.18,0.0,0.0,0.0,0.82,99.8333,2026-07-22,,,,,,,,
2024-04-21,105974.0,106368.0,105974.0,96691612525783.0,912410820.0,2024-04-21,2024-04-21,95.05,99.98,0.0,0.01,0.0,0.01,99.8333,2026-07-22,,,,,,,,
2024-04-22,104633.0,105019.0,104633.0,96262169221200.0,919996497.0,2024-04-22,2024-04-22,94.63,99.56,0.0,0.0,0.0,0.44,99.8333,2026-07-22,,,,,,,,
2024-04-23,102353.0,102731.0,102353.0,94164183118139.0,919996497.0,2024-04-23,2024-04-23,94.32,99.15,0.0,0.84,0.0,0.01,99.8333,2026-07-22,,,,,,,,
2024-04-24,101542.0,101919.0,101542.0,93418680510808.0,919996497.0,2024-04-24,2024-04-24,94.63,99.46,0.0,0.53,0.0,0.01,99.8333,2026-07-22,,,,,,,,
2024-04-25,101338.0,101715.0,101338.0,93230678628645.0,919996497.0,2024-04-25,2024-04-25,94.73,99.57,0.0,0.42,0.0,0.01,99.8333,2026-07-22,,,,,,,,
2024-04-26,101334.0,101711.0,101334.0,93227123727698.0,919996497.0,2024-04-26,2024-04-26,94.73,99.57,0.0,0.42,0.0,0.01,99.8333,2026-07-22,,,,,,,,
2024-04-27,99798.0,100169.0,99798.0,91813937352658.0,919996497.0,2024-04-27,2024-04-27,94.78,99.62,0.0,0.37,0.0,0.01,99.8333,2026-07-22,,,,,,,,
2024-04-28,99792.0,100161.0,99792.0,92410569181453.0,926035907.0,2024-04-28,2024-04-28,94.36,99.19,0.0,0.15,0.0,0.66,99.8333,2026-07-22,,,,,,,,
2024-04-29,101684.0,102060.0,101684.0,94163269578108.0,926035907.0,2024-04-29,2024-04-29,94.37,99.21,0.0,0.78,0.0,0.01,99.8333,2026-07-22,,,,,,,,
2024-04-30,102981.0,103362.0,102981.0,95364098684168.0,926035907.0,2024-04-30,2024-04-30,94.4,99.23,0.0,0.76,0.0,0.01,99.8333,2026-07-22,,,,,,,,
2024-05-01,100720.0,101093.0,100720.0,93270531059985.0,926035907.0,2024-05-01,2024-05-01,94.31,99.21,0.0,0.78,0.0,0.01,99.8333,2026-07-22,,,,,,,,
2024-05-02,100703.0,101075.0,100703.0,93254372733580.0,926035907.0,2024-05-02,2024-05-02,94.31,99.22,0.0,0.77,0.0,0.01,99.8333,2026-07-22,,,,,,,,
2024-05-03,100699.0,101071.0,100699.0,93250819938501.0,926035907.0,2024-05-03,2024-05-03,94.31,99.22,0.0,0.77,0.0,0.01,99.8333,2026-07-22,,,,,,,,
2024-05-04,100695.0,101067.0,100695.0,93247267143476.0,926035907.0,2024-05-04,2024-05-04,94.31,99.22,0.0,0.77,0.0,0.01,99.8333,2026-07-22,,,,,,,,
2024-05-05,98430.0,98794.0,98430.0,91744181891464.0,932077833.0,2024-05-05,2024-05-05,94.44,99.34,0.0,0.0,0.0,0.66,99.8333,2026-07-22,,,,,,,,
2024-05-06,101174.0,101549.0,101174.0,94501000183285.0,934043804.0,2024-05-06,2024-05-06,94.42,99.26,0.0,0.52,0.0,0.22,99.8333,2026-07-22,,,,,,,,
2024-05-07,99816.0,100183.0,99816.0,94328881096977.0,945029223.0,2024-05-07,2024-05-07,94.4,99.22,0.0,0.45,0.0,0.33,99.8333,2026-07-22,,,,,,,,
2024-05-08,99634.0,100002.0,99634.0,94654300825589.0,950024688.0,2024-05-08,2024-05-08,94.48,99.27,0.0,0.72,0.0,0.01,99.8333,2026-07-22,,,,,,,,
2024-05-09,99624.0,99996.0,99624.0,94645698632155.0,950024688.0,2024-05-09,2024-05-09,95.16,99.95,0.0,0.04,0.0,0.01,99.8333,2026-07-22,,,,,,,,
2024-05-10,99621.0,99992.0,99621.0,94642086677096.0,950024688.0,2024-05-10,2024-05-10,95.16,99.95,0.0,0.04,0.0,0.01,99.8333,2026-07-22,,,,,,,,
2024-05-11,99304.0,99676.0,99304.0,94877414643538.0,955419712.0,2024-05-11,2024-05-11,95.03,99.77,0.0,0.0,0.0,0.23,99.8333,2026-07-22,,,,,,,,
2024-05-12,98676.0,99046.0,98676.0,94277061951483.0,955419712.0,2024-05-12,2024-05-12,95.05,99.78,0.0,0.21,0.0,0.01,99.8333,2026-07-22,,,,,,,,
2024-05-13,97369.0,97731.0,97369.0,94019647541500.0,965605096.0,2024-05-13,2024-05-13,94.51,99.17,0.0,0.01,0.0,0.82,99.8333,2026-07-22,,,,,,,,
2024-05-14,97166.0,97528.0,97166.0,95213912238680.0,979904997.0,2024-05-14,2024-05-14,94.95,99.6,0.0,0.0,0.0,0.4,99.8333,2026-07-22,,,,,,,,
2024-05-15,97433.0,97801.0,97433.0,95773101296217.0,982966909.0,2024-05-15,2024-05-15,95.24,99.8,0.0,0.1,0.0,0.1,99.8333,2026-07-22,,,,,,,,
2024-05-16,97088.0,97456.0,97088.0,95434710625146.0,982966909.0,2024-05-16,2024-05-16,95.32,99.9,0.0,0.0,0.0,0.1,99.8333,2026-07-22,,,,,,,,
2024-05-17,97085.0,97452.0,97085.0,95431061461928.0,982966909.0,2024-05-17,2024-05-17,95.32,99.9,0.0,0.0,0.0,0.1,99.8333,2026-07-22,,,,,,,,
2024-05-18,96366.0,96730.0,96366.0,95251915114987.0,988442286.0,2024-05-18,2024-05-18,95.32,99.86,0.0,0.08,0.0,0.06,99.8333,2026-07-22,,,,,,,,
2024-05-19,96458.0,96821.0,96458.0,96138723914319.0,996694846.0,2024-05-19,2024-05-19,95.36,99.91,0.0,0.01,0.0,0.08,99.8333,2026-07-22,,,,,,,,
2024-05-20,96454.0,96817.0,96454.0,96134829389706.0,996694846.0,2024-05-20,2024-05-20,94.64,99.16,0.0,0.01,0.0,0.83,99.8333,2026-07-22,,,,,,,,
2024-05-21,96918.0,97285.0,96918.0,96597910006772.0,996694846.0,2024-05-21,2024-05-21,94.79,99.29,0.0,0.7,0.0,0.01,99.8333,2026-07-22,,,,,,,,
2024-05-22,96915.0,97281.0,96915.0,96594190561561.0,996694846.0,2024-05-22,2024-05-22,94.79,99.29,0.0,0.7,0.0,0.01,99.8333,2026-07-22,,,,,,,,
2024-05-23,95800.0,96164.0,95800.0,95483257115146.0,996694846.0,2024-05-23,2024-05-23,95.44,99.99,0.0,0.0,0.0,0.01,99.8333,2026-07-22,,,,,,,,
2024-05-24,95796.0,96160.0,95796.0,95479530231214.0,996694846.0,2024-05-24,2024-05-24,95.44,99.99,0.0,0.0,0.0,0.01,99.8333,2026-07-22,,,,,,,,
2024-05-25,93745.0,94100.0,93745.0,93980894524023.0,1002516801.0,2024-05-25,2024-05-25,95.0,99.5,0.0,0.01,0.0,0.49,99.8333,2026-07-22,,,,,,,,
2024-05-26,94101.0,94459.0,94101.0,94536955757637.0,1004630721.0,2024-05-26,2024-05-26,95.36,99.86,0.0,0.03,0.0,0.11,99.8333,2026-07-22,,,,,,,,
2024-05-27,96093.0,96455.0,96093.0,97635902796199.0,1016051818.0,2024-05-27,2024-05-27,94.92,99.37,0.0,0.17,0.0,0.46,99.8333,2026-07-22,,,,,,,,
2024-05-28,99097.0,99473.0,99097.0,101273965885552.0,1021967495.0,2024-05-28,2024-05-28,95.17,99.57,0.0,0.31,0.0,0.12,99.8333,2026-07-22,,,,,,,,
2024-05-29,96959.0,97327.0,96959.0,99810315643683.0,1029403561.0,2024-05-29,2024-05-29,95.28,99.67,0.0,0.25,0.0,0.08,99.8333,2026-07-22,,,,,,,,
2024-05-30,96900.0,97268.0,96900.0,99749312419556.0,1029403561.0,2024-05-30,2024-05-30,95.37,99.77,0.0,0.15,0.0,0.08,99.8333,2026-07-22,,,,,,,,
2024-05-31,96896.0,97264.0,96896.0,99745510989327.0,1029403561.0,2024-05-31,2024-05-31,95.37,99.77,0.0,0.15,0.0,0.08,99.8333,2026-07-22,,,,,,,,
2024-06-01,95990.0,96354.0,95990.0,99210599210618.0,1033549670.0,2024-06-01,2024-06-01,94.77,99.13,0.0,0.83,0.0,0.04,99.8333,2026-07-22,,,,,,,,
2024-06-02,97534.0,97907.0,97534.0,101094161565856.0,1036505115.0,2024-06-02,2024-06-02,95.42,99.77,0.0,0.19,0.0,0.04,99.8333,2026-07-22,,,,,,,,
2024-06-03,97530.0,97903.0,97530.0,101090287864362.0,1036505115.0,2024-06-03,2024-06-03,95.42,99.77,0.0,0.19,0.0,0.04,99.8333,2026-07-22,,,,,,,,
2024-06-04,97526.0,97899.0,97526.0,101086414162926.0,1036505115.0,2024-06-04,2024-06-04,95.42,99.77,0.0,0.19,0.0,0.04,99.8333,2026-07-22,,,,,,,,
2024-06-05,96818.0,97188.0,96818.0,100799419922141.0,1041127612.0,2024-06-05,2024-06-05,95.56,99.9,0.0,0.06,0.0,0.04,99.8333,2026-07-22,,,,,,,,
2024-06-06,96687.0,97057.0,96687.0,100663654869983.0,1041127612.0,2024-06-06,2024-06-06,95.58,99.93,0.0,0.03,0.0,0.04,99.8333,2026-07-22,,,,,,,,
2024-06-07,96683.0,97053.0,96683.0,100659784577302.0,1041127612.0,2024-06-07,2024-06-07,95.58,99.93,0.0,0.03,0.0,0.04,99.8333,2026-07-22,,,,,,,,
2024-06-08,95823.0,96191.0,95823.0,100016207377804.0,1043761053.0,2024-06-08,2024-06-08,95.57,99.9,0.0,0.01,0.0,0.09,99.8333,2026-07-22,,,,,,,,
2024-06-09,95888.0,96255.0,95888.0,100382095855466.0,1046871073.0,2024-06-09,2024-06-09,95.5,99.82,0.0,0.0,0.0,0.18,99.8333,2026-07-22,,,,,,,,
2024-06-10,95127.0,95493.0,95127.0,99734653564939.0,1048438832.0,2024-06-10,2024-06-10,95.55,99.84,0.0,0.01,0.0,0.15,99.8333,2026-07-22,,,,,,,,
2024-06-11,94558.0,94920.0,94558.0,99487016165711.0,1052129453.0,2024-06-11,2024-06-11,95.64,99.95,0.0,0.01,0.0,0.04,99.8333,2026-07-22,,,,,,,,
2024-06-12,94934.0,95299.0,94934.0,100082300019460.0,1054230382.0,2024-06-12,2024-06-12,95.53,99.81,0.0,0.15,0.0,0.04,99.8333,2026-07-22,,,,,,,,
2024-06-13,94839.0,95203.0,94839.0,99981968667256.0,1054230382.0,2024-06-13,2024-06-13,95.45,99.82,0.0,0.15,0.0,0.03,99.8333,2026-07-22,,,,,,,,
2024-06-14,94835.0,95199.0,94835.0,99978101061925.0,1054230382.0,2024-06-14,2024-06-14,95.45,99.82,0.0,0.15,0.0,0.03,99.8333,2026-07-22,,,,,,,,
2024-06-15,95673.0,96041.0,95673.0,100861258166125.0,1054230382.0,2024-06-15,2024-06-15,95.28,99.63,0.0,0.34,0.0,0.03,99.8333,2026-07-22,,,,,,,,
2024-06-16,95518.0,95885.0,95518.0,100697607369304.0,1054230382.0,2024-06-16,2024-06-16,95.29,99.65,0.0,0.35,0.0,0.0,99.8333,2026-07-22,,,,,,,,
2024-06-17,95514.0,95881.0,95514.0,100693707215062.0,1054230382.0,2024-06-17,2024-06-17,95.29,99.65,0.0,0.35,0.0,0.0,99.8333,2026-07-22,,,,,,,,
2024-06-18,94790.0,95155.0,94790.0,100328615738584.0,1058432902.0,2024-06-18,2024-06-18,95.73,99.99,0.0,0.01,0.0,0.0,99.8333,2026-07-22,,,,,,,,
2024-06-19,95226.0,95593.0,95226.0,101059461132181.0,1061256561.0,2024-06-19,2024-06-19,95.61,99.85,0.0,0.08,0.0,0.07,99.8333,2026-07-22,,,,,,,,
2024-06-20,95299.0,95666.0,95299.0,101136194865336.0,1061256561.0,2024-06-20,2024-06-20,95.61,99.85,0.0,0.08,0.0,0.07,99.8333,2026-07-22,,,,,,,,
2024-06-21,95295.0,95662.0,95295.0,101132311793512.0,1061256561.0,2024-06-21,2024-06-21,95.61,99.85,0.0,0.08,0.0,0.07,99.8333,2026-07-22,,,,,,,,
2024-06-22,96276.0,96645.0,96276.0,103119913726886.0,1071082490.0,2024-06-22,2024-06-22,95.72,99.98,0.0,0.0,0.0,0.02,99.8333,2026-07-22,,,,,,,,
2024-06-23,97261.0,97633.0,97261.0,105220446649003.0,1081836812.0,2024-06-23,2024-06-23,95.73,99.99,0.0,0.01,0.0,0.0,99.8333,2026-07-22,,,,,,,,
2024-06-24,99592.0,99974.0,99592.0,108986782904303.0,1094331265.0,2024-06-24,2024-06-24,95.75,99.99,0.0,0.01,0.0,0.0,99.8333,2026-07-22,,,,,,,,
2024-06-25,99588.0,99970.0,99588.0,108982638634989.0,1094331265.0,2024-06-25,2024-06-25,95.75,99.99,0.0,0.01,0.0,0.0,99.8333,2026-07-22,,,,,,,,
2024-06-26,99203.0,99583.0,99203.0,108809631560316.0,1096839618.0,2024-06-26,2024-06-26,94.73,98.94,0.0,1.01,0.0,0.05,99.8333,2026-07-22,,,,,,,,
2024-06-27,99764.0,100147.0,99764.0,109424983758370.0,1096839618.0,2024-06-27,2024-06-27,94.76,98.94,0.0,1.01,0.0,0.05,99.8333,2026-07-22,,,,,,,,
2024-06-28,99760.0,100143.0,99760.0,109420868677339.0,1096839618.0,2024-06-28,2024-06-28,94.76,98.94,0.0,1.01,0.0,0.05,99.8333,2026-07-22,,,,,,,,
2024-06-29,100238.0,100625.0,100238.0,110323813918264.0,1100615041.0,2024-06-29,2024-06-29,95.5,99.65,0.0,0.17,0.0,0.18,99.8333,2026-07-22,,,,,,,,
2024-06-30,102673.0,103068.0,102673.0,113901740216150.0,1109364831.0,2024-06-30,2024-06-30,95.86,99.99,0.0,0.0,0.0,0.01,99.8333,2026-07-22,,,,,,,,
2024-07-01,101841.0,102236.0,101841.0,113217162995797.0,1111708673.0,2024-07-01,2024-07-01,95.87,99.98,0.0,0.01,0.0,0.01,99.8333,2026-07-22,,,,,,,,
2024-07-02,101577.0,101972.0,101577.0,112923686123676.0,1111708673.0,2024-07-02,2024-07-02,95.77,99.94,0.0,0.05,0.0,0.01,99.8333,2026-07-22,,,,,,,,
2024-07-03,100115.0,100505.0,100115.0,111298533299332.0,1111708673.0,2024-07-03,2024-07-03,95.94,99.99,0.0,0.0,0.0,0.01,99.8333,2026-07-22,,,,,,,,
2024-07-04,100070.0,100460.0,100070.0,111248571636777.0,1111708673.0,2024-07-04,2024-07-04,95.93,99.99,0.0,0.0,0.0,0.01,99.8333,2026-07-22,,,,,,,,
2024-07-05,100066.0,100456.0,100066.0,111244317342203.0,1111708673.0,2024-07-05,2024-07-05,95.93,99.99,0.0,0.0,0.0,0.01,99.8333,2026-07-22,,,,,,,,
2024-07-06,97989.0,98371.0,97989.0,108934784015706.0,1111708673.0,2024-07-06,2024-07-06,95.94,99.99,0.0,0.0,0.0,0.01,99.8333,2026-07-22,,,,,,,,
2024-07-07,98348.0,98732.0,98348.0,109334560060713.0,1111708673.0,2024-07-07,2024-07-07,95.87,99.99,0.0,0.0,0.0,0.01,99.8333,2026-07-22,,,,,,,,
2024-07-08,96791.0,97168.0,96791.0,107851706914444.0,1114276120.0,2024-07-08,2024-07-08,95.75,99.94,0.0,0.0,0.0,0.06,99.8333,2026-07-22,,,,,,,,
2024-07-09,95326.0,95698.0,95326.0,106338578097393.0,1115528260.0,2024-07-09,2024-07-09,95.87,99.93,0.0,0.0,0.0,0.07,99.8333,2026-07-22,,,,,,,,
2024-07-10,95836.0,96210.0,95836.0,107147295661389.0,1118022777.0,2024-07-10,2024-07-10,95.92,99.99,0.0,0.0,0.0,0.01,99.8333,2026-07-22,,,,,,,,
2024-07-11,95628.0,96000.0,95628.0,106913745823642.0,1118022777.0,2024-07-11,2024-07-11,95.94,99.99,0.0,0.0,0.0,0.01,99.8333,2026-07-22,,,,,,,,
2024-07-12,95624.0,95997.0,95624.0,106909603879246.0,1118022777.0,2024-07-12,2024-07-12,95.94,99.99,0.0,0.0,0.0,0.01,99.8333,2026-07-22,,,,,,,,
2024-07-13,95143.0,95515.0,95143.0,106372022749353.0,1118022777.0,2024-07-13,2024-07-13,95.87,99.92,0.0,0.07,0.0,0.01,99.8333,2026-07-22,,,,,,,,
2024-07-14,96535.0,96913.0,96535.0,107928875727867.0,1118022777.0,2024-07-14,2024-07-14,95.88,99.92,0.0,0.07,0.0,0.01,99.8333,2026-07-22,,,,,,,,
2024-07-15,96532.0,96909.0,96532.0,107924708072092.0,1118022777.0,2024-07-15,2024-07-15,95.88,99.92,0.0,0.07,0.0,0.01,99.8333,2026-07-22,,,,,,,,
2024-07-16,96528.0,96905.0,96528.0,107920540416380.0,1118022777.0,2024-07-16,2024-07-16,95.88,99.92,0.0,0.07,0.0,0.01,99.8333,2026-07-22,,,,,,,,
2024-07-17,97464.0,97844.0,97464.0,109215991949841.0,1120577761.0,2024-07-17,2024-07-17,95.87,99.92,0.0,0.01,0.0,0.07,99.8333,2026-07-22,,,,,,,,
2024-07-18,97084.0,97462.0,97084.0,108789876614609.0,1120577761.0,2024-07-18,2024-07-18,95.86,99.92,0.0,0.01,0.0,0.07,99.8333,2026-07-22,,,,,,,,
2024-07-19,97080.0,97459.0,97080.0,108785712151769.0,1120577761.0,2024-07-19,2024-07-19,95.86,99.92,0.0,0.01,0.0,0.07,99.8333,2026-07-22,,,,,,,,
2024-07-20,95547.0,95918.0,95547.0,107713101607630.0,1127334773.0,2024-07-20,2024-07-20,96.13,99.96,0.0,0.0,0.0,0.04,99.8333,2026-07-22,,,,,,,,
2024-07-21,96180.0,96554.0,96180.0,108765322067060.0,1130853115.0,2024-07-21,2024-07-21,95.81,99.61,0.0,0.38,0.0,0.01,99.8333,2026-07-22,,,,,,,,
2024-07-22,96185.0,96560.0,96185.0,108771354852751.0,1130853115.0,2024-07-22,2024-07-22,95.55,99.33,0.0,0.66,0.0,0.01,99.8333,2026-07-22,,,,,,,,
2024-07-23,97873.0,98255.0,97873.0,110680234747316.0,1130853115.0,2024-07-23,2024-07-23,95.62,99.4,0.0,0.59,0.0,0.01,99.8333,2026-07-22,,,,,,,,
2024-07-24,97838.0,98219.0,97838.0,110640061283699.0,1130853115.0,2024-07-24,2024-07-24,95.64,99.41,0.0,0.58,0.0,0.01,99.8333,2026-07-22,,,,,,,,
2024-07-25,97055.0,97433.0,97055.0,109755352817253.0,1130853115.0,2024-07-25,2024-07-25,95.71,99.49,0.0,0.5,0.0,0.01,99.8333,2026-07-22,,,,,,,,
2024-07-26,97052.0,97430.0,97052.0,109751110092722.0,1130853115.0,2024-07-26,2024-07-26,95.71,99.49,0.0,0.5,0.0,0.01,99.8333,2026-07-22,,,,,,,,
2024-07-27,98107.0,98491.0,98107.0,111441104642269.0,1135908829.0,2024-07-27,2024-07-27,96.13,99.54,0.0,0.01,0.0,0.45,99.8333,2026-07-22,,,,,,,,
2024-07-28,98104.0,98488.0,98104.0,111437077720187.0,1135908829.0,2024-07-28,2024-07-28,96.13,99.54,0.0,0.01,0.0,0.45,99.8333,2026-07-22,,,,,,,,
2024-07-29,99716.0,100105.0,99716.0,114063507929929.0,1143884741.0,2024-07-29,2024-07-29,95.98,99.36,0.0,0.02,0.0,0.62,99.8333,2026-07-22,,,,,,,,
2024-07-30,99754.0,100145.0,99754.0,114699941595395.0,1149823983.0,2024-07-30,2024-07-30,96.09,99.47,0.0,0.0,0.0,0.53,99.8333,2026-07-22,,,,,,,,
2024-07-31,101768.0,102167.0,101768.0,117806744049590.0,1157599731.0,2024-07-31,2024-07-31,96.12,99.44,0.0,0.01,0.0,0.55,99.8333,2026-07-22,,,,,,,,
2024-08-01,102701.0,103105.0,102701.0,118887219552024.0,1157599731.0,2024-08-01,2024-08-01,96.16,99.45,0.0,0.0,0.0,0.55,99.8333,2026-07-22,,,,,,,,
2024-08-02,102698.0,103101.0,102698.0,118883075524493.0,1157599731.0,2024-08-02,2024-08-02,96.16,99.45,0.0,0.0,0.0,0.55,99.8333,2026-07-22,,,,,,,,
2024-08-03,104644.0,105053.0,104644.0,122330942381556.0,1169024405.0,2024-08-03,2024-08-03,96.23,99.54,0.0,0.01,0.0,0.45,99.8333,2026-07-22,,,,,,,,
2024-08-04,103559.0,103965.0,103559.0,121760253708655.0,1175761645.0,2024-08-04,2024-08-04,95.82,99.1,0.0,0.45,0.0,0.45,99.8333,2026-07-22,,,,,,,,
2024-08-05,103381.0,103786.0,103381.0,122393613940012.0,1183912796.0,2024-08-05,2024-08-05,95.91,99.19,0.0,0.48,0.0,0.33,99.8333,2026-07-22,,,,,,,,
2024-08-06,103280.0,103684.0,103280.0,122870337605002.0,1189687024.0,2024-08-06,2024-08-06,95.65,98.91,0.0,0.73,0.0,0.36,99.8333,2026-07-22,,,,,,,,
2024-08-07,103276.0,103680.0,103276.0,122865935165258.0,1189687024.0,2024-08-07,2024-08-07,95.65,98.91,0.0,0.73,0.0,0.36,99.8333,2026-07-22,,,,,,,,
2024-08-08,103189.0,103597.0,103189.0,122762628781191.0,1189687024.0,2024-08-08,2024-08-08,96.36,99.62,0.0,0.02,0.0,0.36,99.8333,2026-07-22,,,,,,,,
2024-08-09,103185.0,103593.0,103185.0,122758217504209.0,1189687024.0,2024-08-09,2024-08-09,96.36,99.62,0.0,0.02,0.0,0.36,99.8333,2026-07-22,,,,,,,,
2024-08-10,101938.0,102341.0,101938.0,121971375456203.0,1196526502.0,2024-08-10,2024-08-10,96.23,99.49,0.0,0.13,0.0,0.38,99.8333,2026-07-22,,,,,,,,
2024-08-11,99730.0,100126.0,99730.0,119566841463109.0,1198910269.0,2024-08-11,2024-08-11,96.76,99.99,0.0,0.01,0.0,0.0,99.8333,2026-07-22,,,,,,,,
2024-08-12,101320.0,101720.0,101320.0,122515250539710.0,1209196129.0,2024-08-12,2024-08-12,96.74,99.98,0.0,0.02,0.0,0.0,99.8333,2026-07-22,,,,,,,,
2024-08-13,100404.0,100803.0,100404.0,121906278679090.0,1214159648.0,2024-08-13,2024-08-13,96.71,99.9,0.0,0.04,0.0,0.06,99.8333,2026-07-22,,,,,,,,
2024-08-14,100330.0,100729.0,100330.0,122135928254960.0,1217345183.0,2024-08-14,2024-08-14,96.61,99.78,0.0,0.09,0.0,0.13,99.8333,2026-07-22,,,,,,,,
2024-08-15,99773.0,100171.0,99773.0,121458487785727.0,1217345183.0,2024-08-15,2024-08-15,96.68,99.87,0.0,0.0,0.0,0.13,99.8333,2026-07-22,,,,,,,,
2024-08-16,99769.0,100167.0,99769.0,121453907953322.0,1217345183.0,2024-08-16,2024-08-16,96.68,99.87,0.0,0.0,0.0,0.13,99.8333,2026-07-22,,,,,,,,
2024-08-17,99474.0,99869.0,99474.0,122055136744444.0,1227000993.0,2024-08-17,2024-08-17,96.78,99.95,0.0,0.05,0.0,0.0,99.8333,2026-07-22,,,,,,,,
2024-08-18,99979.0,100375.0,99979.0,123819407768236.0,1238459514.0,2024-08-18,2024-08-18,96.85,99.99,0.0,0.01,0.0,0.0,99.8333,2026-07-22,,,,,,,,
2024-08-19,101355.0,101761.0,101355.0,125642545987528.0,1239630382.0,2024-08-19,2024-08-19,96.9,99.99,0.0,0.01,0.0,0.0,99.8333,2026-07-22,,,,,,,,
2024-08-20,101495.0,101900.0,101495.0,126481922946462.0,1246193476.0,2024-08-20,2024-08-20,96.87,99.99,0.0,0.01,0.0,0.0,99.8333,2026-07-22,,,,,,,,
2024-08-21,101883.0,102289.0,101883.0,128050219602867.0,1256838532.0,2024-08-21,2024-08-21,96.9,99.99,0.0,0.01,0.0,0.0,99.8333,2026-07-22,,,,,,,,
2024-08-22,101989.0,102395.0,101989.0,128183227524027.0,1256838532.0,2024-08-22,2024-08-22,96.94,99.99,0.0,0.0,0.0,0.01,99.8333,2026-07-22,,,,,,,,
2024-08-23,101985.0,102392.0,101985.0,128178766561384.0,1256838532.0,2024-08-23,2024-08-23,96.94,99.99,0.0,0.0,0.0,0.01,99.8333,2026-07-22,,,,,,,,
2024-08-24,102161.0,102567.0,102161.0,129828931150795.0,1270832918.0,2024-08-24,2024-08-24,96.92,99.99,0.0,0.0,0.0,0.01,99.8333,2026-07-22,,,,,,,,
2024-08-25,102157.0,102564.0,102157.0,129824035389249.0,1270832918.0,2024-08-25,2024-08-25,96.92,99.99,0.0,0.0,0.0,0.01,99.8333,2026-07-22,,,,,,,,
2024-08-26,103601.0,104016.0,103601.0,132703024108674.0,1280910789.0,2024-08-26,2024-08-26,96.97,99.99,0.0,0.0,0.0,0.01,99.8333,2026-07-22,,,,,,,,
2024-08-27,102104.0,102512.0,102104.0,132225175074793.0,1295008991.0,2024-08-27,2024-08-27,97.03,99.99,0.0,0.0,0.0,0.01,99.8333,2026-07-22,,,,,,,,
2024-08-28,103096.0,103512.0,103096.0,134316839949674.0,1302829248.0,2024-08-28,2024-08-28,97.01,99.94,0.0,0.0,0.0,0.06,99.8333,2026-07-22,,,,,,,,
2024-08-29,103256.0,103672.0,103256.0,134525366681335.0,1302829248.0,2024-08-29,2024-08-29,96.98,99.94,0.0,0.0,0.0,0.06,99.8333,2026-07-22,,,,,,,,
2024-08-30,103252.0,103668.0,103252.0,134520334755356.0,1302829248.0,2024-08-30,2024-08-30,96.98,99.94,0.0,0.0,0.0,0.06,99.8333,2026-07-22,,,,,,,,
2024-08-31,103529.0,103945.0,103529.0,135678675130728.0,1310533186.0,2024-08-31,2024-08-31,96.68,99.6,0.0,0.39,0.0,0.01,99.8333,2026-07-22,,,,,,,,
2024-09-01,104064.0,104486.0,104064.0,136379068487069.0,1310533186.0,2024-09-01,2024-09-01,96.99,99.87,0.0,0.12,0.0,0.01,99.8333,2026-07-22,,,,,,,,
2024-09-02,104060.0,104482.0,104060.0,136373921698599.0,1310533186.0,2024-09-02,2024-09-02,96.99,99.87,0.0,0.12,0.0,0.01,99.8333,2026-07-22,,,,,,,,
2024-09-03,104185.0,104603.0,104185.0,137979263796304.0,1324372216.0,2024-09-03,2024-09-03,96.68,99.56,0.0,0.08,0.0,0.36,99.8333,2026-07-22,,,,,,,,
2024-09-04,104181.0,104599.0,104181.0,137974334081667.0,1324372216.0,2024-09-04,2024-09-04,96.68,99.56,0.0,0.08,0.0,0.36,99.8333,2026-07-22,,,,,,,,
2024-09-05,103868.0,104285.0,103868.0,137560153563870.0,1324372216.0,2024-09-05,2024-09-05,96.68,99.56,0.0,0.08,0.0,0.36,99.8333,2026-07-22,,,,,,,,
2024-09-06,103864.0,104281.0,103864.0,137555223855532.0,1324372216.0,2024-09-06,2024-09-06,96.68,99.56,0.0,0.08,0.0,0.36,99.8333,2026-07-22,,,,,,,,
2024-09-07,102936.0,103352.0,102936.0,136672591054974.0,1327748118.0,2024-09-07,2024-09-07,96.88,99.75,0.0,0.24,0.0,0.01,99.8333,2026-07-22,,,,,,,,
2024-09-08,103074.0,103491.0,103074.0,136856050375060.0,1327748118.0,2024-09-08,2024-09-08,96.71,99.59,0.0,0.4,0.0,0.01,99.8333,2026-07-22,,,,,,,,
2024-09-09,103603.0,104023.0,103603.0,137986672574356.0,1331880694.0,2024-09-09,2024-09-09,96.99,99.86,0.0,0.13,0.0,0.01,99.8333,2026-07-22,,,,,,,,
2024-09-10,103696.0,104116.0,103696.0,138677357847551.0,1337349579.0,2024-09-10,2024-09-10,97.02,99.88,0.0,0.12,0.0,0.0,99.8333,2026-07-22,,,,,,,,
2024-09-11,104312.0,104736.0,104312.0,139730045871448.0,1339541204.0,2024-09-11,2024-09-11,97.16,99.99,0.0,0.01,0.0,0.0,99.8333,2026-07-22,,,,,,,,
2024-09-12,104308.0,104733.0,104308.0,139724775894244.0,1339541204.0,2024-09-12,2024-09-12,97.16,99.99,0.0,0.01,0.0,0.0,99.8333,2026-07-22,,,,,,,,
2024-09-13,104304.0,104729.0,104304.0,139719505917119.0,1339541204.0,2024-09-13,2024-09-13,97.16,99.99,0.0,0.01,0.0,0.0,99.8333,2026-07-22,,,,,,,,
2024-09-14,105476.0,105903.0,105476.0,142448031576345.0,1350526914.0,2024-09-14,2024-09-14,97.16,99.99,0.0,0.01,0.0,0.0,99.8333,2026-07-22,,,,,,,,
2024-09-15,104712.0,105139.0,104712.0,141416242604683.0,1350526914.0,2024-09-15,2024-09-15,96.99,99.81,0.0,0.19,0.0,0.0,99.8333,2026-07-22,,,,,,,,
2024-09-16,105327.0,105753.0,105327.0,143559826276346.0,1362994265.0,2024-09-16,2024-09-16,96.73,99.67,0.0,0.0,0.0,0.33,99.8333,2026-07-22,,,,,,,,
2024-09-17,105892.0,106323.0,105892.0,144877205122122.0,1368163779.0,2024-09-17,2024-09-17,97.02,99.99,0.0,0.01,0.0,0.0,99.8333,2026-07-22,,,,,,,,
2024-09-18,106305.0,106738.0,106305.0,145442159787102.0,1368163779.0,2024-09-18,2024-09-18,97.03,99.99,0.0,0.01,0.0,0.0,99.8333,2026-07-22,,,,,,,,
2024-09-19,106424.0,106858.0,106424.0,145605219142078.0,1368163779.0,2024-09-19,2024-09-19,97.07,99.99,0.0,0.01,0.0,0.0,99.8333,2026-07-22,,,,,,,,
2024-09-20,106420.0,106854.0,106420.0,145599770189730.0,1368163779.0,2024-09-20,2024-09-20,97.07,99.99,0.0,0.01,0.0,0.0,99.8333,2026-07-22,,,,,,,,
2024-09-21,106416.0,106850.0,106416.0,145594323766393.0,1368163779.0,2024-09-21,2024-09-21,97.07,99.99,0.0,0.01,0.0,0.0,99.8333,2026-07-22,,,,,,,,
2024-09-22,108113.0,108552.0,108113.0,148905608270312.0,1377308811.0,2024-09-22,2024-09-22,96.82,99.75,0.0,0.25,0.0,0.0,99.8333,2026-07-22,,,,,,,,
2024-09-23,109420.0,109865.0,109420.0,151301195193647.0,1382753012.0,2024-09-23,2024-09-23,96.66,99.55,0.0,0.45,0.0,0.0,99.8333,2026-07-22,,,,,,,,
2024-09-24,111570.0,112025.0,111570.0,154968780069234.0,1388983012.0,2024-09-24,2024-09-24,96.99,100.0,0.0,0.0,0.0,0.0,99.8333,2026-07-22,,,,,,,,
2024-09-25,110763.0,111215.0,110763.0,154443549179254.0,1394364419.0,2024-09-25,2024-09-25,96.8,99.81,0.0,0.19,0.0,0.0,99.8333,2026-07-22,,,,,,,,
2024-09-26,111152.0,111606.0,111152.0,154986307306503.0,1394364419.0,2024-09-26,2024-09-26,96.91,99.91,0.0,0.09,0.0,0.0,99.8333,2026-07-22,,,,,,,,
2024-09-27,111148.0,111602.0,111148.0,154980591302483.0,1394364419.0,2024-09-27,2024-09-27,96.91,99.91,0.0,0.09,0.0,0.0,99.8333,2026-07-22,,,,,,,,
2024-09-28,115540.0,116009.0,115540.0,162101394515810.0,1402995377.0,2024-09-28,2024-09-28,96.0,98.99,0.0,0.4,0.0,0.61,99.8333,2026-07-22,,,,,,,,
2024-09-29,112796.0,113256.0,112796.0,158252714345962.0,1402995377.0,2024-09-29,2024-09-29,96.26,99.2,0.0,0.8,0.0,0.0,99.8333,2026-07-22,,,,,,,,
2024-09-30,112215.0,112673.0,112215.0,158421884638463.0,1411772620.0,2024-09-30,2024-09-30,96.28,99.27,0.0,0.1,0.0,0.63,99.8333,2026-07-22,,,,,,,,
2024-10-01,113707.0,114168.0,113707.0,162510235680462.0,1429198018.0,2024-10-01,2024-10-01,95.74,98.71,0.0,0.29,0.0,1.0,99.8333,2026-07-22,,,,,,,,
2024-10-02,116320.0,116793.0,116320.0,167431771688526.0,1439410698.0,2024-10-02,2024-10-02,96.04,98.97,0.0,0.48,0.0,0.55,99.8333,2026-07-22,,,,,,,,
2024-10-03,116516.0,116991.0,116516.0,167713995973154.0,1439410698.0,2024-10-03,2024-10-03,96.12,99.1,0.0,0.36,0.0,0.54,99.8333,2026-07-22,,,,,,,,
2024-10-04,116512.0,116987.0,116512.0,167708038256437.0,1439410698.0,2024-10-04,2024-10-04,96.12,99.1,0.0,0.36,0.0,0.54,99.8333,2026-07-22,,,,,,,,
2024-10-05,116563.0,117041.0,116563.0,168770884671000.0,1447888077.0,2024-10-05,2024-10-05,96.76,99.72,0.0,0.0,0.0,0.28,99.8333,2026-07-22,,,,,,,,
2024-10-06,118502.0,118989.0,118502.0,172172191410582.0,1452909460.0,2024-10-06,2024-10-06,96.62,99.55,0.0,0.1,0.0,0.35,99.8333,2026-07-22,,,,,,,,
2024-10-07,118066.0,118549.0,118066.0,173524418340515.0,1469720421.0,2024-10-07,2024-10-07,96.01,98.9,0.0,0.0,0.0,1.1,99.8333,2026-07-22,,,,,,,,
2024-10-08,117067.0,117545.0,117067.0,174033511867955.0,1486620735.0,2024-10-08,2024-10-08,96.34,99.2,0.0,0.24,0.0,0.56,99.8333,2026-07-22,,,,,,,,
2024-10-09,116070.0,116545.0,116070.0,174533705982463.0,1503699426.0,2024-10-09,2024-10-09,96.97,99.83,0.0,0.05,0.0,0.12,99.8333,2026-07-22,,,,,,,,
2024-10-10,117057.0,117537.0,117057.0,176018603489879.0,1503699426.0,2024-10-10,2024-10-10,96.94,99.83,0.0,0.05,0.0,0.12,99.8333,2026-07-22,,,,,,,,
2024-10-11,117053.0,117533.0,117053.0,176012023787446.0,1503699426.0,2024-10-11,2024-10-11,96.94,99.83,0.0,0.05,0.0,0.12,99.8333,2026-07-22,,,,,,,,
2024-10-12,116565.0,117042.0,116565.0,177757009235888.0,1524959571.0,2024-10-12,2024-10-12,97.11,99.99,0.0,0.01,0.0,0.0,99.8333,2026-07-22,,,,,,,,
2024-10-13,118144.0,118628.0,118144.0,182662235677698.0,1546097291.0,2024-10-13,2024-10-13,96.97,99.76,0.0,0.24,0.0,0.0,99.8333,2026-07-22,,,,,,,,
2024-10-14,118980.0,119469.0,118980.0,185930526241751.0,1562703514.0,2024-10-14,2024-10-14,96.49,99.26,0.0,0.19,0.0,0.55,99.8333,2026-07-22,,,,,,,,
2024-10-15,118705.0,119194.0,118705.0,187988431550953.0,1583655297.0,2024-10-15,2024-10-15,96.87,99.59,0.0,0.03,0.0,0.38,99.8333,2026-07-22,,,,,,,,
2024-10-16,120717.0,121218.0,120717.0,192169555515589.0,1591904149.0,2024-10-16,2024-10-16,97.13,99.82,0.0,0.06,0.0,0.12,99.8333,2026-07-22,,,,,,,,
2024-10-17,120485.0,120986.0,120485.0,191801202726833.0,1591904149.0,2024-10-17,2024-10-17,97.12,99.87,0.0,0.01,0.0,0.12,99.8333,2026-07-22,,,,,,,,
2024-10-18,120481.0,120982.0,120481.0,191794021305918.0,1591904149.0,2024-10-18,2024-10-18,97.12,99.87,0.0,0.01,0.0,0.12,99.8333,2026-07-22,,,,,,,,
2024-10-19,123261.0,123773.0,123261.0,198222889093644.0,1608162065.0,2024-10-19,2024-10-19,96.98,99.69,0.0,0.01,0.0,0.3,99.8333,2026-07-22,,,,,,,,
2024-10-20,125190.0,125702.0,123444.0,205256936112253.0,1639562632.0,2024-10-20,2024-10-20,96.32,99.1,0.0,0.0,0.0,0.9,99.8333,2026-07-22,,,,,,,,
2024-10-21,126858.0,127383.0,126194.0,209977299492678.0,1655213554.0,2024-10-21,2024-10-21,96.84,99.51,0.0,0.08,0.0,0.41,99.8333,2026-07-22,,,,,,,,
2024-10-22,127683.0,128217.0,127683.0,212831792769476.0,1666879353.0,2024-10-22,2024-10-22,97.29,99.91,0.0,0.0,0.0,0.09,99.8333,2026-07-22,,,,,,,,
2024-10-23,130267.0,130815.0,130267.0,218134368619815.0,1674520106.0,2024-10-23,2024-10-23,97.22,99.79,0.0,0.0,0.0,0.21,99.8333,2026-07-22,,,,,,,,
2024-10-24,130798.0,131350.0,130798.0,219024615374622.0,1674520106.0,2024-10-24,2024-10-24,97.24,99.79,0.0,0.0,0.0,0.21,99.8333,2026-07-22,,,,,,,,
2024-10-25,130794.0,131345.0,130794.0,219016707433325.0,1674520106.0,2024-10-25,2024-10-25,97.24,99.79,0.0,0.0,0.0,0.21,99.8333,2026-07-22,,,,,,,,
2024-10-26,125295.0,125822.0,125295.0,209808965672706.0,1674520106.0,2024-10-26,2024-10-26,97.38,99.99,0.0,0.01,0.0,0.0,99.8333,2026-07-22,,,,,,,,
2024-10-27,125871.0,126405.0,125871.0,210774311508877.0,1674520106.0,2024-10-27,2024-10-27,97.49,99.99,0.0,0.0,0.0,0.01,99.8333,2026-07-22,,,,,,,,
2024-10-28,127357.0,127894.0,127357.0,213859034282417.0,1679209658.0,2024-10-28,2024-10-28,97.48,99.99,0.0,0.0,0.0,0.01,99.8333,2026-07-22,,,,,,,,
2024-10-29,130840.0,131393.0,130840.0,220106134359994.0,1682259764.0,2024-10-29,2024-10-29,97.35,99.89,0.0,0.0,0.0,0.11,99.8333,2026-07-22,,,,,,,,
2024-10-30,131692.0,132250.0,131692.0,221539683556182.0,1682259764.0,2024-10-30,2024-10-30,97.51,99.99,0.0,0.01,0.0,0.0,99.8333,2026-07-22,,,,,,,,
2024-10-31,130050.0,130601.0,130050.0,218777800776659.0,1682259764.0,2024-10-31,2024-10-31,97.52,99.99,0.0,0.01,0.0,0.0,99.8333,2026-07-22,,,,,,,,
2024-11-01,130045.0,130596.0,130045.0,218769560767607.0,1682259764.0,2024-11-01,2024-11-01,97.52,99.99,0.0,0.01,0.0,0.0,99.8333,2026-07-22,,,,,,,,
2024-11-02,131290.0,131838.0,131290.0,224262220503011.0,1708146249.0,2024-11-02,2024-11-02,97.28,99.77,0.0,0.0,0.0,0.23,99.8333,2026-07-22,,,,,,,,
2024-11-03,131876.0,132430.0,131876.0,225854871514198.0,1712630899.0,2024-11-03,2024-11-03,96.74,99.24,0.0,0.71,0.0,0.05,99.8333,2026-07-22,,,,,,,,
2024-11-04,129868.0,130416.0,129868.0,222415562707448.0,1712630899.0,2024-11-04,2024-11-04,96.72,99.15,0.0,0.85,0.0,0.0,99.8333,2026-07-22,,,,,,,,
2024-11-05,129711.0,130259.0,129711.0,222146447545688.0,1712630899.0,2024-11-05,2024-11-05,96.84,99.28,0.0,0.72,0.0,0.0,99.8333,2026-07-22,,,,,,,,
2024-11-06,130356.0,130905.0,130356.0,224532887620775.0,1722461585.0,2024-11-06,2024-11-06,96.92,99.34,0.0,0.35,0.0,0.31,99.8333,2026-07-22,,,,,,,,
2024-11-07,129028.0,129573.0,129028.0,222245075295187.0,1722461585.0,2024-11-07,2024-11-07,97.21,99.63,0.0,0.05,0.0,0.32,99.8333,2026-07-22,,,,,,,,
2024-11-08,129023.0,129568.0,129023.0,222237088504060.0,1722461585.0,2024-11-08,2024-11-08,97.21,99.63,0.0,0.05,0.0,0.32,99.8333,2026-07-22,,,,,,,,
2024-11-09,127797.0,128337.0,127797.0,221364190526055.0,1732160672.0,2024-11-09,2024-11-09,96.95,99.38,0.0,0.31,0.0,0.31,99.8333,2026-07-22,,,,,,,,
2024-11-10,124460.0,124990.0,124460.0,214979748276894.0,1727302333.0,2024-11-10,2024-11-10,97.0,99.46,0.0,0.08,0.0,0.46,99.8333,2026-07-22,,,,,,,,
2024-11-11,120694.0,121209.0,120694.0,208175298784235.0,1724822444.0,2024-11-11,2024-11-11,97.42,99.89,0.0,0.04,0.0,0.07,99.8333,2026-07-22,,,,,,,,
2024-11-12,121450.0,121966.0,121450.0,210957952707257.0,1736997077.0,2024-11-12,2024-11-12,97.42,99.89,0.0,0.01,0.0,0.1,99.8333,2026-07-22,,,,,,,,
2024-11-13,124888.0,125416.0,124888.0,217926338887214.0,1744972958.0,2024-11-13,2024-11-13,96.77,99.24,0.0,0.43,0.0,0.33,99.8333,2026-07-22,,,,,,,,
2024-11-14,122314.0,122830.0,122314.0,213433953897633.0,1744972958.0,2024-11-14,2024-11-14,96.92,99.41,0.0,0.25,0.0,0.34,99.8333,2026-07-22,,,,,,,,
2024-11-15,122309.0,122826.0,122309.0,213426132619566.0,1744972958.0,2024-11-15,2024-11-15,96.92,99.41,0.0,0.25,0.0,0.34,99.8333,2026-07-22,,,,,,,,
2024-11-16,122175.0,122690.0,122175.0,213787557618975.0,1749844987.0,2024-11-16,2024-11-16,96.53,99.02,0.0,0.69,0.0,0.29,99.8333,2026-07-22,,,,,,,,
2024-11-17,122027.0,122546.0,122027.0,213528933286541.0,1749844987.0,2024-11-17,2024-11-17,97.3,99.79,0.0,0.21,0.0,0.0,99.8333,2026-07-22,,,,,,,,
2024-11-18,122505.0,123025.0,122505.0,215352802399738.0,1757908138.0,2024-11-18,2024-11-18,96.98,99.47,0.0,0.07,0.0,0.46,99.8333,2026-07-22,,,,,,,,
2024-11-19,126141.0,126673.0,126141.0,224238437492607.0,1777681528.0,2024-11-19,2024-11-19,97.06,99.55,0.0,0.0,0.0,0.45,99.8333,2026-07-22,,,,,,,,
2024-11-20,127192.0,127730.0,127192.0,227091520358029.0,1785417438.0,2024-11-20,2024-11-20,96.45,98.87,0.0,0.51,0.0,0.62,99.8333,2026-07-22,,,,,,,,
2024-11-21,128717.0,129262.0,128717.0,229814436378407.0,1785417438.0,2024-11-21,2024-11-21,96.46,98.88,0.0,0.5,0.0,0.62,99.8333,2026-07-22,,,,,,,,
2024-11-22,128713.0,129258.0,128713.0,229806671805859.0,1785417438.0,2024-11-22,2024-11-22,96.46,98.88,0.0,0.5,0.0,0.62,99.8333,2026-07-22,,,,,,,,
2024-11-23,132530.0,133091.0,132530.0,239006454769461.0,1803420633.0,2024-11-23,2024-11-23,97.04,99.42,0.0,0.0,0.0,0.58,99.8333,2026-07-22,,,,,,,,
2024-11-24,127964.0,128507.0,127964.0,231737076693541.0,1810953988.0,2024-11-24,2024-11-24,97.02,99.41,0.0,0.44,0.0,0.15,99.8333,2026-07-22,,,,,,,,
2024-11-25,128143.0,128690.0,128143.0,232559949330115.0,1814840804.0,2024-11-25,2024-11-25,97.12,99.49,0.0,0.29,0.0,0.22,99.8333,2026-07-22,,,,,,,,
2024-11-26,127239.0,127783.0,127239.0,232401577339874.0,1826503012.0,2024-11-26,2024-11-26,97.08,99.42,0.0,0.0,0.0,0.58,99.8333,2026-07-22,,,,,,,,
2024-11-27,127892.0,128440.0,127892.0,235073178933994.0,1838057918.0,2024-11-27,2024-11-27,97.22,99.53,0.0,0.01,0.0,0.46,99.8333,2026-07-22,,,,,,,,
2024-11-28,127192.0,127736.0,127192.0,233785689025833.0,1838057918.0,2024-11-28,2024-11-28,97.18,99.53,0.0,0.0,0.0,0.47,99.8333,2026-07-22,,,,,,,,
2024-11-29,127187.0,127731.0,127187.0,233777447053046.0,1838057918.0,2024-11-29,2024-11-29,97.18,99.53,0.0,0.0,0.0,0.47,99.8333,2026-07-22,,,,,,,,
2024-11-30,130115.0,130672.0,130115.0,240149907598266.0,1845671108.0,2024-11-30,2024-11-30,97.28,99.58,0.0,0.0,0.0,0.42,99.8333,2026-07-22,,,,,,,,
2024-12-01,127711.0,128260.0,127711.0,237178860801805.0,1857146604.0,2024-12-01,2024-12-01,97.13,99.45,0.0,0.0,0.0,0.55,99.8333,2026-07-22,,,,,,,,
2024-12-02,129421.0,129973.0,129421.0,242829419460777.0,1876279209.0,2024-12-02,2024-12-02,96.89,99.16,0.0,0.01,0.0,0.83,99.8333,2026-07-22,,,,,,,,
2024-12-03,129737.0,130292.0,129737.0,245899629054013.0,1895364078.0,2024-12-03,2024-12-03,97.18,99.44,0.0,0.0,0.0,0.56,99.8333,2026-07-22,,,,,,,,
2024-12-04,131364.0,131928.0,131364.0,250657656276546.0,1908121000.0,2024-12-04,2024-12-04,97.4,99.64,0.0,0.01,0.0,0.35,99.8333,2026-07-22,,,,,,,,
2024-12-05,131359.0,131923.0,131359.0,250648807278511.0,1908121000.0,2024-12-05,2024-12-05,97.4,99.64,0.0,0.01,0.0,0.35,99.8333,2026-07-22,,,,,,,,
2024-12-06,131354.0,131919.0,131354.0,250639958280609.0,1908121000.0,2024-12-06,2024-12-06,97.4,99.64,0.0,0.01,0.0,0.35,99.8333,2026-07-22,,,,,,,,
2024-12-07,130114.0,130675.0,130114.0,249712470239460.0,1919181819.0,2024-12-07,2024-12-07,97.3,99.49,0.0,0.0,0.0,0.51,99.8333,2026-07-22,,,,,,,,
2024-12-08,131805.0,132372.0,131805.0,255938469460230.0,1941798330.0,2024-12-08,2024-12-08,96.99,99.17,0.0,0.0,0.0,0.83,99.8333,2026-07-22,,,,,,,,
2024-12-09,132621.0,133193.0,132621.0,259023905934097.0,1953106966.0,2024-12-09,2024-12-09,97.39,99.56,0.0,0.0,0.0,0.44,99.8333,2026-07-22,,0.0,850000.0,0.0,,,,
2024-12-10,133663.0,134240.0,133663.0,262548060264377.0,1964247704.0,2024-12-10,2024-12-10,97.54,99.69,0.0,0.0,0.0,0.31,99.8333,2026-07-22,,895000.0,889261.0,280165.0,,,,
2024-12-11,135594.0,136173.0,135594.0,269292254370431.0,1986019584.0,2024-12-11,2024-12-11,97.35,99.48,0.0,0.29,0.0,0.23,99.8333,2026-07-22,,929990.0,921791.0,159393.0,,,,
2024-12-12,136319.0,136908.0,136319.0,270733044871966.0,1986019584.0,2024-12-12,2024-12-12,97.66,99.77,0.0,0.01,0.0,0.22,99.8333,2026-07-22,,929990.0,929925.0,42378.0,,,,
2024-12-13,136315.0,136903.0,136315.0,270723490965314.0,1986019584.0,2024-12-13,2024-12-13,97.66,99.77,0.0,0.01,0.0,0.22,99.8333,2026-07-22,,,,,,,,
2024-12-14,139943.0,140548.0,139943.0,279886813081568.0,2000000000.0,2024-12-14,2024-12-14,97.55,99.64,0.0,0.08,0.0,0.28,99.8333,2026-07-22,,940000.0,933166.0,82857.0,,,,
2024-12-15,137795.0,138390.0,137795.0,275589005101946.0,2000000000.0,2024-12-15,2024-12-15,97.37,99.45,0.0,0.55,0.0,0.0,99.8333,2026-07-22,,936000.0,937912.0,41001.0,,,,
2024-12-16,140484.0,141092.0,140484.0,280967473053024.0,2000000000.0,2024-12-16,2024-12-16,97.45,99.53,0.0,0.47,0.0,0.0,99.8333,2026-07-22,,939940.0,939965.0,60646.0,,,,
2024-12-17,140154.0,140760.0,140154.0,280307203235633.0,2000000000.0,2024-12-17,2024-12-17,97.51,99.6,0.0,0.4,0.0,0.0,99.8333,2026-07-22,,957970.0,951589.0,161592.0,,,,
2024-12-18,140099.0,140699.0,140099.0,283442893552892.0,2023162786.0,2024-12-18,2024-12-18,96.6,98.66,0.0,0.27,0.0,1.07,99.8333,2026-07-22,,950000.0,949995.0,153951.0,,,,
2024-12-19,137962.0,138554.0,137962.0,279120252698604.0,2023162786.0,2024-12-19,2024-12-19,96.81,98.88,0.0,0.03,0.0,1.09,99.8333,2026-07-22,,950000.0,946054.0,4361.0,,,,
2024-12-20,137958.0,138550.0,137958.0,279111477818544.0,2023162786.0,2024-12-20,2024-12-20,96.81,98.88,0.0,0.03,0.0,1.09,99.8333,2026-07-22,,,,,,,,
2024-12-21,138112.0,138702.0,138112.0,282531330549975.0,2045675169.0,2024-12-21,2024-12-21,96.12,98.14,0.0,0.81,0.0,1.05,99.8333,2026-07-22,,950000.0,948855.0,11223.0,,,,
2024-12-22,137866.0,138459.0,137866.0,283022785590214.0,2052884871.0,2024-12-22,2024-12-22,96.78,98.8,0.0,1.01,0.0,0.19,99.8333,2026-07-22,,949000.0,937641.0,100928.0,,,,
2024-12-23,140351.0,140953.0,140351.0,291103426782868.0,2074115920.0,2024-12-23,2024-12-23,96.87,98.89,0.0,0.56,0.0,0.55,99.8333,2026-07-22,,949990.0,949949.0,28736.0,,,,
2024-12-24,141302.0,141911.0,141302.0,298010766909303.0,2109038602.0,2024-12-24,2024-12-24,97.53,99.53,0.0,0.0,0.0,0.47,99.8333,2026-07-22,,949920.0,949924.0,29344.0,,,,
2024-12-25,141101.0,141709.0,141101.0,299575773685755.0,2123135769.0,2024-12-25,2024-12-25,97.36,99.34,0.0,0.66,0.0,0.0,99.8333,2026-07-22,,954000.0,946655.0,89504.0,,,,
2024-12-26,142355.0,142970.0,142355.0,302239894277251.0,2123135769.0,2024-12-26,2024-12-26,97.35,99.34,0.0,0.66,0.0,0.0,99.8333,2026-07-22,,956000.0,955990.0,4154.0,,,,
2024-12-27,142350.0,142965.0,142350.0,302229062623545.0,2123135769.0,2024-12-27,2024-12-27,97.35,99.34,0.0,0.66,0.0,0.0,99.8333,2026-07-22,,,,,,,,
2024-12-28,145342.0,145970.0,145342.0,308581749717437.0,2123135769.0,2024-12-28,2024-12-28,96.74,98.72,0.0,1.28,0.0,0.0,99.8333,2026-07-22,,970000.0,969567.0,25245.0,,,,
2024-12-29,142226.0,142841.0,142226.0,301754080061388.0,2121653450.0,2024-12-29,2024-12-29,96.84,98.81,0.0,1.02,0.0,0.17,99.8333,2026-07-22,,985000.0,984586.0,22380.0,,,,
2024-12-30,144285.0,144909.0,144285.0,306121796160940.0,2121653450.0,2024-12-30,2024-12-30,96.93,98.9,0.0,0.84,0.0,0.26,99.8333,2026-07-22,,985000.0,965840.0,114138.0,,,,
2024-12-31,145260.0,145890.0,145260.0,307761292245456.0,2118692466.0,2024-12-31,2024-12-31,97.09,99.04,0.0,0.84,0.0,0.12,99.8333,2026-07-22,,980000.0,969727.0,110530.0,,,,
2025-01-01,145387.0,146018.0,145387.0,307745349728314.0,2116735196.0,2025-01-01,2025-01-01,97.19,99.14,0.0,0.67,0.0,0.19,99.8333,2026-07-22,,969000.0,970932.0,60144.0,,,,
2025-01-02,144520.0,145146.0,144520.0,305909755713893.0,2116735196.0,2025-01-02,2025-01-02,97.16,99.13,0.0,0.68,0.0,0.19,99.8333,2026-07-22,,971970.0,972136.0,4319.0,,,,
2025-01-03,144515.0,145141.0,144515.0,305898961468030.0,2116735196.0,2025-01-03,2025-01-03,97.16,99.13,0.0,0.68,0.0,0.19,99.8333,2026-07-22,,,,,,,,
2025-01-04,141636.0,142252.0,141636.0,299305578033126.0,2113199053.0,2025-01-04,2025-01-04,97.34,99.28,0.0,0.69,0.0,0.03,99.8333,2026-07-22,,949990.0,953167.0,124794.0,,,,
2025-01-05,142204.0,142822.0,142204.0,300279197713672.0,2111613362.0,2025-01-05,2025-01-05,97.41,99.37,0.0,0.09,0.0,0.54,99.8333,2026-07-22,,945600.0,949786.0,36057.0,,,,
2025-01-06,140376.0,140987.0,140376.0,296168578693357.0,2109829075.0,2025-01-06,2025-01-06,99.49,99.49,0.0,0.05,0.0,0.46,99.8333,2026-07-22,,940000.0,942727.0,99091.0,,,,
2025-01-07,144114.0,144742.0,144114.0,304056135254287.0,2109829075.0,2025-01-07,2025-01-07,99.5,99.5,0.0,0.05,0.0,0.45,99.8333,2026-07-22,,955000.0,957793.0,24713.0,,,,
2025-01-08,144863.0,145494.0,144863.0,305636714767277.0,2109829075.0,2025-01-08,2025-01-08,99.5,99.5,0.0,0.05,0.0,0.45,99.8333,2026-07-22,,947000.0,952684.0,279048.0,,,,
2025-01-09,146260.0,146898.0,146260.0,308584150330474.0,2109829075.0,2025-01-09,2025-01-09,99.51,99.51,0.0,0.05,0.0,0.44,99.8333,2026-07-22,,960000.0,964317.0,1306.0,,,,
2025-01-10,146255.0,146893.0,146255.0,308573786032095.0,2109829075.0,2025-01-10,2025-01-10,99.51,99.51,0.0,0.05,0.0,0.44,99.8333,2026-07-22,,,,,,,,
2025-01-11,147780.0,148425.0,147780.0,311495927396835.0,2107833188.0,2025-01-11,2025-01-11,99.6,99.6,0.0,0.05,0.0,0.35,99.8333,2026-07-22,,957000.0,948319.0,109947.0,,,,
2025-01-12,146840.0,147481.0,146840.0,309052859265095.0,2104691799.0,2025-01-12,2025-01-12,99.75,99.75,0.0,0.05,0.0,0.2,99.8333,2026-07-22,,953010.0,956905.0,378724.0,,,,
2025-01-13,147701.0,148347.0,147701.0,310865755801558.0,2104691799.0,2025-01-13,2025-01-13,99.75,99.75,0.0,0.0,0.0,0.25,99.8333,2026-07-22,,963000.0,964151.0,283685.0,,,,
2025-01-14,147696.0,148342.0,147696.0,310854940019885.0,2104691799.0,2025-01-14,2025-01-14,99.75,99.75,0.0,0.0,0.0,0.25,99.8333,2026-07-22,,0.0,964151.0,0.0,,,,
2025-01-15,145803.0,146440.0,145803.0,306870256496145.0,2104691799.0,2025-01-15,2025-01-15,99.75,99.75,0.0,0.0,0.0,0.25,99.8333,2026-07-22,,941050.0,943241.0,609354.0,,,,
2025-01-16,145123.0,145756.0,145123.0,305438307640999.0,2104691799.0,2025-01-16,2025-01-16,99.75,99.75,0.0,0.0,0.0,0.25,99.8333,2026-07-22,,944150.0,946234.0,17486.0,,,,
2025-01-17,145117.0,145751.0,145117.0,305427600812020.0,2104691799.0,2025-01-17,2025-01-17,99.75,99.75,0.0,0.0,0.0,0.25,99.8333,2026-07-22,,,,,,,,
2025-01-18,146152.0,146788.0,146152.0,308801457716494.0,2112883236.0,2025-01-18,2025-01-18,99.51,99.51,0.0,0.22,0.0,0.27,99.8333,2026-07-22,,949990.0,949600.0,500047.0,,,,
2025-01-19,145969.0,146605.0,145969.0,309608911300621.0,2121052615.0,2025-01-19,2025-01-19,99.49,99.49,0.0,0.24,0.0,0.27,99.8333,2026-07-22,,950000.0,945810.0,382840.0,,,,
2025-01-20,145371.0,146002.0,145371.0,310013856114557.0,2132574576.0,2025-01-20,2025-01-20,99.61,99.61,0.0,0.15,0.0,0.24,99.8333,2026-07-22,,936510.0,945349.0,178702.0,,,,
2025-01-21,150802.0,151456.0,150802.0,322897904820969.0,2141201299.0,2025-01-21,2025-01-21,99.2,99.2,0.0,0.76,0.0,0.04,99.8333,2026-07-22,,900020.0,928706.0,658236.0,,,,
2025-01-22,153646.0,154310.0,153646.0,330479421607032.0,2150916402.0,2025-01-22,2025-01-22,99.03,99.03,0.0,0.96,0.0,0.01,99.8333,2026-07-22,,936940.0,931074.0,208380.0,,,,
2025-01-23,154291.0,154958.0,154291.0,331867419737273.0,2150916402.0,2025-01-23,2025-01-23,99.04,99.04,0.0,0.95,0.0,0.01,99.8333,2026-07-22,,938000.0,947977.0,43376.0,,,,
2025-01-24,154286.0,154952.0,154286.0,331855729198186.0,2150916402.0,2025-01-24,2025-01-24,99.04,99.04,0.0,0.95,0.0,0.01,99.8333,2026-07-22,,,,,,,,
2025-01-25,155239.0,155912.0,155239.0,334935192334293.0,2157543994.0,2025-01-25,2025-01-25,99.14,99.14,0.0,0.86,0.0,0.0,99.8333,2026-07-22,,910000.0,918176.0,65236.0,,,,
2025-01-26,155641.0,156316.0,155641.0,336988690680134.0,2165170596.0,2025-01-26,2025-01-26,99.37,99.37,0.0,0.63,0.0,0.0,99.8333,2026-07-22,,905000.0,902164.0,644755.0,,,,
2025-01-27,156663.0,157341.0,156663.0,340695712656074.0,2174697673.0,2025-01-27,2025-01-27,99.08,99.08,0.0,0.9,0.0,0.02,99.8333,2026-07-22,,909910.0,900545.0,205323.0,,,,
2025-01-28,156658.0,157336.0,156658.0,340683723967036.0,2174697673.0,2025-01-28,2025-01-28,99.08,99.08,0.0,0.9,0.0,0.02,99.8333,2026-07-22,,0.0,900545.0,0.0,,,,
2025-01-29,154681.0,155349.0,154681.0,336874753838165.0,2177868452.0,2025-01-29,2025-01-29,98.58,98.58,0.0,1.27,0.0,0.15,99.8333,2026-07-22,,900000.0,899956.0,357707.0,,,,
2025-01-30,155011.0,155681.0,155011.0,337592622112729.0,2177868452.0,2025-01-30,2025-01-30,98.59,98.59,0.0,1.26,0.0,0.15,99.8333,2026-07-22,,904000.0,907097.0,14224.0,,,,
2025-01-31,155005.0,155675.0,155005.0,337580961708454.0,2177868452.0,2025-01-31,2025-01-31,98.59,98.59,0.0,1.26,0.0,0.15,99.8333,2026-07-22,,,,,,,,
2025-02-01,158082.0,158765.0,158082.0,344976915387226.0,2182263506.0,2025-02-01,2025-02-01,98.53,98.53,0.0,1.31,0.0,0.16,99.8333,2026-07-22,,900000.0,903854.0,135514.0,,,,
2025-02-02,158924.0,159609.0,158924.0,350794920387692.0,2207317103.0,2025-02-02,2025-02-02,99.17,99.17,0.0,0.56,0.0,0.27,99.8333,2026-07-22,,901990.0,900527.0,32087.0,,,,
2025-02-03,158722.0,159406.0,158722.0,355018509543940.0,2236737350.0,2025-02-03,2025-02-03,99.37,99.37,0.0,0.43,0.0,0.2,99.8333,2026-07-22,,901940.0,900534.0,75107.0,,,,
2025-02-04,159894.0,160585.0,159894.0,364114403275689.0,2277223549.0,2025-02-04,2025-02-04,100.0,100.0,0.0,0.0,0.0,0.0,99.8333,2026-07-22,,899990.0,895975.0,238763.0,,,,
2025-02-05,164851.0,165557.0,164851.0,381294320497970.0,2312961590.0,2025-02-05,2025-02-05,99.03,99.03,0.0,0.87,0.0,0.1,99.8333,2026-07-22,,916500.0,909464.0,183863.0,,,,
2025-02-06,166789.0,167503.0,166789.0,385775714180174.0,2312961590.0,2025-02-06,2025-02-06,99.05,99.05,0.0,0.85,0.0,0.1,99.8333,2026-07-22,,919830.0,915439.0,30335.0,,,,
2025-02-07,166783.0,167498.0,166783.0,385762697161773.0,2312961590.0,2025-02-07,2025-02-07,99.05,99.05,0.0,0.85,0.0,0.1,99.8333,2026-07-22,,,,,,,,
2025-02-08,166777.0,167492.0,166777.0,385749499375816.0,2312961590.0,2025-02-08,2025-02-08,99.05,99.05,0.0,0.85,0.0,0.1,99.8333,2026-07-22,,0.0,915439.0,0.0,,,,
2025-02-09,174486.0,175227.0,174486.0,407340215475633.0,2334517612.0,2025-02-09,2025-02-09,97.65,97.65,0.0,2.24,0.0,0.11,99.8333,2026-07-22,,961210.0,939470.0,572623.0,,,,
2025-02-10,174480.0,175221.0,174480.0,407326580985788.0,2334517612.0,2025-02-10,2025-02-10,97.65,97.65,0.0,2.24,0.0,0.11,99.8333,2026-07-22,,0.0,939470.0,0.0,,,,
2025-02-11,178185.0,178953.0,178185.0,416461937144861.0,2337238864.0,2025-02-11,2025-02-11,98.09,98.09,0.0,1.79,0.0,0.12,99.8333,2026-07-22,,958990.0,954198.0,113956.0,,,,
2025-02-12,181916.0,182701.0,181916.0,425180239500277.0,2337238864.0,2025-02-12,2025-02-12,98.13,98.13,0.0,1.75,0.0,0.12,99.8333,2026-07-22,,0.0,954198.0,0.0,,,,
2025-02-13,184055.0,184851.0,184055.0,430180090320118.0,2337238864.0,2025-02-13,2025-02-13,98.15,98.15,0.0,1.73,0.0,0.12,99.8333,2026-07-22,,960000.0,958218.0,40534.0,,,,
2025-02-14,184049.0,184845.0,184049.0,430166121996356.0,2337238864.0,2025-02-14,2025-02-14,98.15,98.15,0.0,1.73,0.0,0.12,99.8333,2026-07-22,,,,,,,,
2025-02-15,184710.0,185506.0,184710.0,434157009725286.0,2350477267.0,2025-02-15,2025-02-15,98.44,98.44,0.0,1.43,0.0,0.13,99.8333,2026-07-22,,963960.0,959044.0,338708.0,,,,
2025-02-16,183573.0,184368.0,183573.0,431780714239782.0,2352094466.0,2025-02-16,2025-02-16,98.28,98.28,0.0,1.65,0.0,0.07,99.8333,2026-07-22,,970000.0,965174.0,62937.0,,,,
2025-02-17,183522.0,184313.0,183522.0,435131403603307.0,2370999104.0,2025-02-17,2025-02-17,98.57,98.57,0.0,1.3,0.0,0.13,99.8333,2026-07-22,,980000.0,979402.0,490208.0,,,,
2025-02-18,185115.0,185919.0,185115.0,440870817110925.0,2381603265.0,2025-02-18,2025-02-18,99.09,99.09,0.0,0.91,0.0,0.0,99.8333,2026-07-22,,1016990.0,1014256.0,424334.0,,,,
2025-02-19,192126.0,192959.0,192126.0,461521929447874.0,2402189227.0,2025-02-19,2025-02-19,99.14,99.14,0.0,0.66,0.0,0.2,99.8333,2026-07-22,,1005280.0,1019105.0,157301.0,,,,
2025-02-20,197539.0,198399.0,197539.0,474526530985243.0,2402189227.0,2025-02-20,2025-02-20,99.17,99.17,0.0,0.64,0.0,0.19,99.8333,2026-07-22,,1060010.0,1066822.0,64067.0,,,,
2025-02-21,197533.0,198392.0,197533.0,474511423003346.0,2402189227.0,2025-02-21,2025-02-21,99.17,99.17,0.0,0.64,0.0,0.19,99.8333,2026-07-22,,,,,,,,
2025-02-22,195486.0,196332.0,195486.0,473391467599563.0,2421617067.0,2025-02-22,2025-02-22,98.87,98.87,0.0,0.98,0.0,0.15,99.8333,2026-07-22,,1067190.0,1077625.0,206919.0,,,,
2025-02-23,190258.0,191079.0,190258.0,463187588568719.0,2434528641.0,2025-02-23,2025-02-23,98.13,98.13,0.0,1.63,0.0,0.24,99.8333,2026-07-22,,1039980.0,1035805.0,299310.0,,,,
2025-02-24,190756.0,191580.0,190756.0,466185191770995.0,2443880111.0,2025-02-24,2025-02-24,98.14,98.14,0.0,1.76,0.0,0.1,99.8333,2026-07-22,,1032960.0,1029966.0,192673.0,,,,
2025-02-25,186024.0,186827.0,186024.0,458730013934506.0,2465975072.0,2025-02-25,2025-02-25,98.71,98.71,0.0,1.25,0.0,0.04,99.8333,2026-07-22,,1000160.0,999323.0,192406.0,,,,
2025-02-26,191146.0,191974.0,191146.0,473347277002177.0,2476366072.0,2025-02-26,2025-02-26,98.33,98.33,0.0,1.61,0.0,0.06,99.8333,2026-07-22,,1011980.0,1007702.0,218125.0,,,,
2025-02-27,189134.0,189952.0,189134.0,468365184565139.0,2476366072.0,2025-02-27,2025-02-27,98.31,98.31,0.0,1.63,0.0,0.06,99.8333,2026-07-22,,1000980.0,1001394.0,14251.0,,,,
2025-02-28,189128.0,189946.0,189128.0,468349419679163.0,2476366072.0,2025-02-28,2025-02-28,98.31,98.31,0.0,1.63,0.0,0.06,99.8333,2026-07-22,,,,,,,,
2025-03-01,181394.0,182180.0,181394.0,458587375700000.0,2528123072.0,2025-03-01,2025-03-01,99.81,99.81,0.0,0.02,0.0,0.17,99.8333,2026-07-22,,978090.0,983684.0,59596.0,,,,
2025-03-02,182966.0,183763.0,182966.0,469479522289374.0,2565941976.0,2025-03-02,2025-03-02,99.78,99.78,0.0,0.22,0.0,0.0,99.8333,2026-07-22,,994390.0,984797.0,326247.0,,,,
2025-03-03,179904.0,180695.0,179904.0,461621971144045.0,2565941976.0,2025-03-03,2025-03-03,99.22,99.22,0.0,0.76,0.0,0.02,99.8333,2026-07-22,,960000.0,958891.0,344037.0,,,,
2025-03-04,182306.0,183109.0,182306.0,471746934423257.0,2587660525.0,2025-03-04,2025-03-04,99.77,99.77,0.0,0.0,0.0,0.23,99.8333,2026-07-22,,960000.0,964272.0,471339.0,,,,
2025-03-05,179447.0,180238.0,179447.0,466308380817338.0,2598582982.0,2025-03-05,2025-03-05,99.29,99.29,0.0,0.28,0.0,0.43,99.8333,2026-07-22,,943000.0,945100.0,207629.0,,,,
2025-03-06,179556.0,180347.0,179556.0,466590167437585.0,2598582982.0,2025-03-06,2025-03-06,99.3,99.3,0.0,0.27,0.0,0.43,99.8333,2026-07-22,,941000.0,936031.0,173313.0,,,,
2025-03-07,179550.0,180341.0,179550.0,466575147831672.0,2598582982.0,2025-03-07,2025-03-07,99.3,99.3,0.0,0.27,0.0,0.43,99.8333,2026-07-22,,,,,,,,
2025-03-08,184729.0,185545.0,184729.0,482001377655646.0,2609236240.0,2025-03-08,2025-03-08,99.79,99.79,0.0,0.11,0.0,0.1,99.8333,2026-07-22,,959950.0,956029.0,345152.0,,,,
2025-03-09,190035.0,190863.0,190035.0,505638483024095.0,2660764109.0,2025-03-09,2025-03-09,99.55,99.55,0.0,0.0,0.0,0.45,99.8333,2026-07-22,,979990.0,965573.0,196832.0,,,,
2025-03-10,191148.0,191982.0,191148.0,512540959460763.0,2681382772.0,2025-03-10,2025-03-10,98.91,98.91,0.0,1.09,0.0,0.0,99.8333,2026-07-22,,994000.0,985724.0,53708.0,,,,
2025-03-11,187009.0,187835.0,187009.0,501442780858272.0,2681382772.0,2025-03-11,2025-03-11,99.55,99.55,0.0,0.45,0.0,0.0,99.8333,2026-07-22,,959910.0,964095.0,306013.0,,,,
2025-03-12,188314.0,189142.0,188314.0,509844198629094.0,2707409122.0,2025-03-12,2025-03-12,99.43,99.43,0.0,0.21,0.0,0.36,99.8333,2026-07-22,,962610.0,954686.0,414626.0,,,,
2025-03-13,190683.0,191523.0,190683.0,516256112893732.0,2707409122.0,2025-03-13,2025-03-13,99.59,99.64,0.0,0.0,0.0,0.36,99.8333,2026-07-22,,964000.0,957421.0,272911.0,,,,
2025-03-14,190677.0,191517.0,190677.0,516239730332568.0,2707409122.0,2025-03-14,2025-03-14,99.59,99.64,0.0,0.0,0.0,0.36,99.8333,2026-07-22,,,,,,,,
2025-03-15,189450.0,190288.0,189450.0,512918978788230.0,2707409122.0,2025-03-15,2025-03-15,99.56,99.61,0.0,0.39,0.0,0.0,99.8333,2026-07-22,,966000.0,966313.0,132473.0,,,,
2025-03-16,195300.0,196164.0,195300.0,528758246151656.0,2707409122.0,2025-03-16,2025-03-16,99.57,99.62,0.0,0.38,0.0,0.0,99.8333,2026-07-22,,1000000.0,985013.0,126396.0,,,,
2025-03-17,204237.0,205140.0,204237.0,552951880614435.0,2707409122.0,2025-03-17,2025-03-17,99.59,99.64,0.0,0.36,0.0,0.0,99.8333,2026-07-22,,1034010.0,1032737.0,171037.0,,,,
2025-03-18,214430.0,215379.0,214430.0,580550322793949.0,2707409122.0,2025-03-18,2025-03-18,99.61,99.66,0.0,0.34,0.0,0.0,99.8333,2026-07-22,,1084370.0,1084364.0,48547.0,,,,
2025-03-19,214423.0,215372.0,214423.0,580531033039367.0,2707409122.0,2025-03-19,2025-03-19,99.61,99.66,0.0,0.34,0.0,0.0,99.8333,2026-07-22,,0.0,1084364.0,0.0,,,,
2025-03-20,214416.0,215365.0,214416.0,580511747373010.0,2707409122.0,2025-03-20,2025-03-20,99.61,99.66,0.0,0.34,0.0,0.0,99.8333,2026-07-22,,0.0,1084364.0,0.0,,,,
2025-03-21,214409.0,215358.0,214409.0,580492427796195.0,2707409122.0,2025-03-21,2025-03-21,99.61,99.66,0.0,0.34,0.0,0.0,99.8333,2026-07-22,,,,,,,,
2025-03-22,214402.0,215351.0,214402.0,580473108255656.0,2707409122.0,2025-03-22,2025-03-22,99.61,99.66,0.0,0.34,0.0,0.0,99.8333,2026-07-22,,0.0,1084364.0,0.0,,,,
2025-03-23,214395.0,215343.0,214395.0,580453788679423.0,2707409122.0,2025-03-23,2025-03-23,99.61,99.66,0.0,0.34,0.0,0.0,99.8333,2026-07-22,,0.0,1084364.0,0.0,,,,
2025-03-24,214387.0,215336.0,214387.0,580434469103482.0,2707409122.0,2025-03-24,2025-03-24,99.61,99.66,0.0,0.34,0.0,0.0,99.8333,2026-07-22,,0.0,1084364.0,0.0,,,,
2025-03-25,223964.0,224948.0,223964.0,610889044259680.0,2727615835.0,2025-03-25,2025-03-25,99.5,99.55,0.0,0.33,0.0,0.12,99.8333,2026-07-22,,1137000.0,1115252.0,126028.0,,,,
2025-03-26,229789.0,230799.0,229789.0,626775114922031.0,2727615835.0,2025-03-26,2025-03-26,98.91,98.95,0.0,1.05,0.0,0.0,99.8333,2026-07-22,,1157350.0,1163222.0,207924.0,,,,
2025-03-27,230297.0,231309.0,230297.0,628161379525869.0,2727615835.0,2025-03-27,2025-03-27,98.91,98.96,0.0,1.04,0.0,0.0,99.8333,2026-07-22,,1160000.0,1165330.0,40355.0,,,,
2025-03-28,230289.0,231301.0,230289.0,628140853273187.0,2727615835.0,2025-03-28,2025-03-28,98.91,98.96,0.0,1.04,0.0,0.0,99.8333,2026-07-22,,,,,,,,
2025-03-29,239796.0,240849.0,239796.0,655067546744652.0,2731766815.0,2025-03-29,2025-03-29,98.95,99.0,0.0,1.0,0.0,0.0,99.8333,2026-07-22,,1223590.0,1213170.0,323675.0,,,,
2025-03-30,234314.0,235339.0,234314.0,642036769960676.0,2740070774.0,2025-03-30,2025-03-30,98.65,98.7,0.0,1.18,0.0,0.12,99.8333,2026-07-22,,1238790.0,1230900.0,151052.0,,,,
2025-03-31,234306.0,235330.0,234306.0,642014163203280.0,2740070774.0,2025-03-31,2025-03-31,98.65,98.7,0.0,1.18,0.0,0.12,99.8333,2026-07-22,,0.0,1230900.0,0.0,,,,
2025-04-01,234297.0,235322.0,234297.0,641991556446225.0,2740070774.0,2025-04-01,2025-04-01,98.65,98.7,0.0,1.18,0.0,0.12,99.8333,2026-07-22,,0.0,1230900.0,0.0,,,,
2025-04-02,234289.0,235314.0,234289.0,641968914613877.0,2740070774.0,2025-04-02,2025-04-02,98.65,98.7,0.0,1.18,0.0,0.12,99.8333,2026-07-22,,0.0,1230900.0,0.0,,,,
2025-04-03,234281.0,235306.0,234281.0,641946272781870.0,2740070774.0,2025-04-03,2025-04-03,98.65,98.7,0.0,1.18,0.0,0.12,99.8333,2026-07-22,,0.0,1230900.0,0.0,,,,
2025-04-04,234273.0,235297.0,234273.0,641923630950204.0,2740070774.0,2025-04-04,2025-04-04,98.65,98.7,0.0,1.18,0.0,0.12,99.8333,2026-07-22,,,,,,,,
2025-04-05,223249.0,224225.0,223249.0,612461951216683.0,2743404937.0,2025-04-05,2025-04-05,98.46,98.51,0.0,1.43,0.0,0.06,99.8333,2026-07-22,,1169360.0,1169360.0,18975.0,,,,
2025-04-06,225963.0,226953.0,225963.0,619907688992559.0,2743404937.0,2025-04-06,2025-04-06,98.6,98.65,0.0,1.22,0.0,0.13,99.8333,2026-07-22,,1110900.0,1113453.0,244741.0,,,,
2025-04-07,227093.0,228084.0,227093.0,630178356830035.0,2774984253.0,2025-04-07,2025-04-07,99.31,99.36,0.0,0.64,0.0,0.0,99.8333,2026-07-22,,1157900.0,1155773.0,126193.0,,,,
2025-04-08,217619.0,218568.0,217619.0,603893368221056.0,2774999212.0,2025-04-08,2025-04-08,98.09,98.14,0.0,1.86,0.0,0.0,99.8333,2026-07-22,,1097990.0,1097990.0,52888.0,,,,
2025-04-09,209756.0,210675.0,209756.0,581702289843871.0,2773231777.0,2025-04-09,2025-04-09,98.39,98.44,0.0,1.56,0.0,0.0,99.8333,2026-07-22,,1043100.0,1054434.0,62189.0,,,,
2025-04-10,215324.0,216270.0,215324.0,597144271745713.0,2773231777.0,2025-04-10,2025-04-10,98.43,98.48,0.0,1.52,0.0,0.0,99.8333,2026-07-22,,1060000.0,1064825.0,13962.0,,,,
2025-04-11,215316.0,216263.0,215316.0,597122092652215.0,2773231777.0,2025-04-11,2025-04-11,98.43,98.48,0.0,1.52,0.0,0.0,99.8333,2026-07-22,,,,,,,,
2025-04-12,204686.0,205590.0,204686.0,565157101213428.0,2761096294.0,2025-04-12,2025-04-12,98.59,98.63,0.0,1.37,0.0,0.0,99.8333,2026-07-22,,1011590.0,1019323.0,50754.0,,,,
2025-04-13,196781.0,197652.0,196781.0,541891586188598.0,2753778811.0,2025-04-13,2025-04-13,98.98,99.03,0.0,0.97,0.0,0.0,99.8333,2026-07-22,,968360.0,968360.0,23920.0,,,,
2025-04-14,187504.0,188329.0,187504.0,521700145130739.0,2782339113.0,2025-04-14,2025-04-14,99.68,99.73,0.0,0.27,0.0,0.0,99.8333,2026-07-22,,920000.0,923251.0,288137.0,,,,
2025-04-15,189176.0,190011.0,189176.0,526352463847907.0,2782339113.0,2025-04-15,2025-04-15,98.79,98.84,0.0,1.16,0.0,0.0,99.8333,2026-07-22,,959000.0,960937.0,68813.0,,,,
2025-04-16,191078.0,191921.0,191078.0,530888881085096.0,2778392400.0,2025-04-16,2025-04-16,98.8,98.85,0.0,1.15,0.0,0.0,99.8333,2026-07-22,,979980.0,984485.0,30034.0,,,,
2025-04-17,190868.0,191710.0,190868.0,530306247692828.0,2778392400.0,2025-04-17,2025-04-17,98.8,98.85,0.0,1.15,0.0,0.0,99.8333,2026-07-22,,976000.0,972282.0,3445.0,,,,
2025-04-18,190861.0,191703.0,190861.0,530285365173115.0,2778392400.0,2025-04-18,2025-04-18,98.8,98.85,0.0,1.15,0.0,0.0,99.8333,2026-07-22,,,,,,,,
2025-04-19,181471.0,182275.0,181471.0,502694152061870.0,2770110003.0,2025-04-19,2025-04-19,98.99,99.04,0.0,0.96,0.0,0.0,99.8333,2026-07-22,,923670.0,926890.0,23834.0,,,,
2025-04-20,175552.0,176333.0,175552.0,484798630800431.0,2761564114.0,2025-04-20,2025-04-20,99.26,99.31,0.0,0.69,0.0,0.0,99.8333,2026-07-22,,880550.0,881757.0,49061.0,,,,
2025-04-21,183762.0,184582.0,183762.0,506422830662962.0,2755867796.0,2025-04-21,2025-04-21,99.58,99.62,0.0,0.38,0.0,0.0,99.8333,2026-07-22,,915800.0,912491.0,235789.0,,,,
2025-04-22,175486.0,176270.0,175486.0,482619089997055.0,2750182683.0,2025-04-22,2025-04-22,99.6,99.63,0.0,0.36,0.0,0.01,99.8333,2026-07-22,,881000.0,891651.0,31125.0,,,,
2025-04-23,178002.0,178797.0,178002.0,488102722878316.0,2742119782.0,2025-04-23,2025-04-23,99.42,99.45,0.0,0.52,0.0,0.03,99.8333,2026-07-22,,885000.0,884890.0,58803.0,,,,
2025-04-24,177995.0,178790.0,177995.0,488083070159007.0,2742119782.0,2025-04-24,2025-04-24,99.42,99.46,0.0,0.51,0.0,0.03,99.8333,2026-07-22,,0.0,884890.0,0.0,,,,
2025-04-25,176617.0,177406.0,176617.0,484305715466983.0,2742119782.0,2025-04-25,2025-04-25,99.42,99.45,0.0,0.52,0.0,0.03,99.8333,2026-07-22,,,,,,,,
2025-04-26,179327.0,180129.0,179327.0,490200554248649.0,2733555412.0,2025-04-26,2025-04-26,99.5,99.54,0.0,0.46,0.0,0.0,99.8333,2026-07-22,,897000.0,888386.0,53067.0,,,,
2025-04-27,184115.0,184938.0,184115.0,502289116807894.0,2728122313.0,2025-04-27,2025-04-27,99.61,99.64,0.0,0.36,0.0,0.0,99.8333,2026-07-22,,916990.0,917584.0,63216.0,,,,
2025-04-28,177271.0,178065.0,177271.0,481609902502953.0,2716801709.0,2025-04-28,2025-04-28,99.53,99.56,0.0,0.44,0.0,0.0,99.8333,2026-07-22,,886500.0,892853.0,31597.0,,,,
2025-04-29,177455.0,178252.0,177455.0,478050531299348.0,2693918203.0,2025-04-29,2025-04-29,99.12,99.16,0.0,0.84,0.0,0.0,99.8333,2026-07-22,,917000.0,906549.0,27770.0,,,,
2025-04-30,177214.0,178009.0,177214.0,476504687513395.0,2688865949.0,2025-04-30,2025-04-30,99.75,99.78,0.0,0.22,0.0,0.0,99.8333,2026-07-22,,910000.0,903159.0,92259.0,,,,
2025-05-01,176404.0,177196.0,176404.0,474327977412613.0,2688865949.0,2025-05-01,2025-05-01,99.74,99.78,0.0,0.22,0.0,0.0,99.8333,2026-07-22,,908000.0,899430.0,8686.0,,,,
2025-05-02,176397.0,177189.0,176397.0,474308654231798.0,2688865949.0,2025-05-02,2025-05-02,99.74,99.78,0.0,0.22,0.0,0.0,99.8333,2026-07-22,,,,,,,,
2025-05-03,185886.0,186717.0,185886.0,500718210365621.0,2693685897.0,2025-05-03,2025-05-03,99.68,99.71,0.0,0.26,0.0,0.03,99.8333,2026-07-22,,940990.0,935549.0,56181.0,,,,
2025-05-04,189790.0,190638.0,189790.0,511233650481044.0,2693685897.0,2025-05-04,2025-05-04,99.59,99.62,0.0,0.38,0.0,0.0,99.8333,2026-07-22,,943970.0,942049.0,22317.0,,,,
2025-05-05,184384.0,185211.0,184384.0,494653319383206.0,2682731494.0,2025-05-05,2025-05-05,99.55,99.58,0.0,0.42,0.0,0.0,99.8333,2026-07-22,,920000.0,932112.0,26040.0,,,,
2025-05-06,184024.0,184851.0,184024.0,493537154251363.0,2681915664.0,2025-05-06,2025-05-06,99.91,99.94,0.0,0.05,0.0,0.01,99.8333,2026-07-22,,902110.0,913498.0,26969.0,,,,
2025-05-07,183357.0,184181.0,183357.0,490234212367715.0,2673653067.0,2025-05-07,2025-05-07,99.64,99.67,0.0,0.3,0.0,0.03,99.8333,2026-07-22,,870000.0,885633.0,197414.0,,,,
2025-05-08,183983.0,184810.0,183983.0,491907195562581.0,2673653067.0,2025-05-08,2025-05-08,99.64,99.67,0.0,0.3,0.0,0.03,99.8333,2026-07-22,,887910.0,881933.0,18775.0,,,,
2025-05-09,183976.0,184803.0,183976.0,491887590125929.0,2673653067.0,2025-05-09,2025-05-09,99.64,99.67,0.0,0.3,0.0,0.03,99.8333,2026-07-22,,,,,,,,
2025-05-10,185581.0,186414.0,185581.0,496178124510578.0,2673653067.0,2025-05-10,2025-05-10,99.94,99.97,0.0,0.0,0.0,0.03,99.8333,2026-07-22,,880000.0,880370.0,91390.0,,,,
2025-05-11,182663.0,183477.0,182663.0,492189361332474.0,2694521067.0,2025-05-11,2025-05-11,99.15,99.18,0.0,0.0,0.0,0.82,99.8333,2026-07-22,,870000.0,897807.0,22743.0,,,,
2025-05-12,181644.0,182458.0,181644.0,486419943257150.0,2677869663.0,2025-05-12,2025-05-12,99.13,99.16,0.0,0.2,0.0,0.64,99.8333,2026-07-22,,880000.0,878661.0,26851.0,,,,
2025-05-13,181599.0,182413.0,181599.0,486297183748890.0,2677869663.0,2025-05-13,2025-05-13,99.73,99.76,0.0,0.21,0.0,0.03,99.8333,2026-07-22,,880000.0,879901.0,27619.0,,,,
2025-05-14,179359.0,180163.0,179359.0,480301339633510.0,2677869663.0,2025-05-14,2025-05-14,99.73,99.76,0.0,0.21,0.0,0.03,99.8333,2026-07-22,,887940.0,885519.0,21374.0,,,,
2025-05-15,178285.0,179083.0,178285.0,477422834971272.0,2677869663.0,2025-05-15,2025-05-15,99.73,99.76,0.0,0.21,0.0,0.03,99.8333,2026-07-22,,850000.0,851066.0,13284.0,,,,
2025-05-16,178277.0,179076.0,178277.0,477403520773917.0,2677869663.0,2025-05-16,2025-05-16,99.73,99.76,0.0,0.21,0.0,0.03,99.8333,2026-07-22,,,,,,,,
2025-05-17,175464.0,176252.0,175464.0,469870820472512.0,2677869663.0,2025-05-17,2025-05-17,99.86,99.89,0.0,0.08,0.0,0.03,99.8333,2026-07-22,,858990.0,855310.0,9449.0,,,,
2025-05-18,169374.0,170134.0,169374.0,453560401160170.0,2677869663.0,2025-05-18,2025-05-18,99.92,99.96,0.0,0.04,0.0,0.0,99.8333,2026-07-22,,830000.0,844455.0,15034.0,,,,
2025-05-19,174351.0,175133.0,174351.0,467878012241017.0,2683539144.0,2025-05-19,2025-05-19,99.97,100.0,0.0,0.0,0.0,0.0,99.8333,2026-07-22,,830000.0,843486.0,22094.0,,,,
2025-05-20,182994.0,183811.0,182994.0,494072617025292.0,2699938882.0,2025-05-20,2025-05-20,99.94,99.97,0.0,0.03,0.0,0.0,99.8333,2026-07-22,,880000.0,873321.0,19995.0,,,,
2025-05-21,183460.0,184281.0,183460.0,495330076906100.0,2699938882.0,2025-05-21,2025-05-21,99.58,99.61,0.0,0.39,0.0,0.0,99.8333,2026-07-22,,880000.0,900730.0,26984.0,,,,
2025-05-22,180243.0,181049.0,180243.0,486646157384153.0,2699938882.0,2025-05-22,2025-05-22,99.57,99.6,0.0,0.4,0.0,0.0,99.8333,2026-07-22,,887500.0,887948.0,6549.0,,,,
2025-05-23,180236.0,181042.0,180236.0,486626334179382.0,2699938882.0,2025-05-23,2025-05-23,99.57,99.6,0.0,0.4,0.0,0.0,99.8333,2026-07-22,,,,,,,,
2025-05-24,181917.0,182730.0,181917.0,491163445910727.0,2699938882.0,2025-05-24,2025-05-24,99.59,99.62,0.0,0.38,0.0,0.0,99.8333,2026-07-22,,880000.0,890262.0,25278.0,,,,
2025-05-25,181350.0,182163.0,181350.0,489634439203281.0,2699938882.0,2025-05-25,2025-05-25,99.75,99.78,0.0,0.22,0.0,0.0,99.8333,2026-07-22,,860000.0,862487.0,91479.0,,,,
2025-05-26,179269.0,180073.0,179269.0,484016271324516.0,2699938882.0,2025-05-26,2025-05-26,99.75,99.78,0.0,0.22,0.0,0.0,99.8333,2026-07-22,,860000.0,857645.0,19676.0,,,,
2025-05-27,179650.0,180455.0,179650.0,485044349687454.0,2699938882.0,2025-05-27,2025-05-27,99.75,99.78,0.0,0.22,0.0,0.0,99.8333,2026-07-22,,844990.0,841868.0,151318.0,,,,
2025-05-28,180820.0,181631.0,180820.0,488203696909871.0,2699938882.0,2025-05-28,2025-05-28,99.75,99.8,0.0,0.2,0.0,0.0,99.8333,2026-07-22,,854380.0,846925.0,109359.0,,,,
2025-05-29,177825.0,178622.0,177825.0,480117798475173.0,2699938882.0,2025-05-29,2025-05-29,99.75,99.79,0.0,0.21,0.0,0.0,99.8333,2026-07-22,,844980.0,842006.0,5368.0,,,,
2025-05-30,177818.0,178614.0,177818.0,480098140677749.0,2699938882.0,2025-05-30,2025-05-30,99.75,99.79,0.0,0.21,0.0,0.0,99.8333,2026-07-22,,,,,,,,
2025-05-31,178202.0,179001.0,178202.0,479537278781239.0,2690975899.0,2025-05-31,2025-05-31,99.55,99.6,0.0,0.4,0.0,0.0,99.8333,2026-07-22,,837590.0,829815.0,152674.0,,,,
2025-06-01,177353.0,178149.0,177353.0,477251305097758.0,2690975899.0,2025-06-01,2025-06-01,99.9,99.96,0.0,0.04,0.0,0.0,99.8333,2026-07-22,,825000.0,818254.0,79738.0,,,,
2025-06-02,180867.0,181679.0,180867.0,486709522483675.0,2690975899.0,2025-06-02,2025-06-02,99.9,99.97,0.0,0.03,0.0,0.0,99.8333,2026-07-22,,852000.0,830306.0,67760.0,,,,
2025-06-03,181939.0,182756.0,181939.0,490582514456496.0,2696409294.0,2025-06-03,2025-06-03,99.93,100.0,0.0,0.0,0.0,0.0,99.8333,2026-07-22,,871550.0,870028.0,28829.0,,,,
2025-06-04,181932.0,182749.0,181932.0,490562770534029.0,2696409294.0,2025-06-04,2025-06-04,99.93,100.0,0.0,0.0,0.0,0.0,99.8333,2026-07-22,,0.0,870028.0,0.0,,,,
2025-06-05,181925.0,182742.0,181925.0,490543026611860.0,2696409294.0,2025-06-05,2025-06-05,99.93,100.0,0.0,0.0,0.0,0.0,99.8333,2026-07-22,,0.0,870028.0,0.0,,,,
2025-06-06,181917.0,182735.0,181917.0,490523282689988.0,2696409294.0,2025-06-06,2025-06-06,99.93,100.0,0.0,0.0,0.0,0.0,99.8333,2026-07-22,,,,,,,,
2025-06-07,179040.0,179844.0,179040.0,483755272619131.0,2701933912.0,2025-06-07,2025-06-07,99.92,100.0,0.0,0.0,0.0,0.0,99.8333,2026-07-22,,904000.0,905917.0,29801.0,,,,
2025-06-08,180218.0,181027.0,180218.0,486936918336469.0,2701933912.0,2025-06-08,2025-06-08,99.89,99.97,0.0,0.03,0.0,0.0,99.8333,2026-07-22,,903950.0,900671.0,39986.0,,,,
2025-06-09,182784.0,183602.0,182784.0,496351831125592.0,2715510322.0,2025-06-09,2025-06-09,99.92,100.0,0.0,0.0,0.0,0.0,99.8333,2026-07-22,,911850.0,907108.0,112306.0,,,,
2025-06-10,179322.0,180125.0,179322.0,486950400699465.0,2715510322.0,2025-06-10,2025-06-10,99.87,99.95,0.0,0.05,0.0,0.0,99.8333,2026-07-22,,908410.0,900194.0,74469.0,,,,
2025-06-11,183365.0,184184.0,183365.0,500410327754705.0,2729042050.0,2025-06-11,2025-06-11,99.93,100.0,0.0,0.0,0.0,0.0,99.8333,2026-07-22,,905000.0,902408.0,84387.0,,,,
2025-06-12,187525.0,188363.0,187525.0,511764138689911.0,2729042050.0,2025-06-12,2025-06-12,99.92,100.0,0.0,0.0,0.0,0.0,99.8333,2026-07-22,,931000.0,922835.0,24315.0,,,,
2025-06-13,187518.0,188356.0,187518.0,511744125336608.0,2729042050.0,2025-06-13,2025-06-13,99.92,100.0,0.0,0.0,0.0,0.0,99.8333,2026-07-22,,,,,,,,
2025-06-14,187511.0,188349.0,187511.0,511724111983607.0,2729042050.0,2025-06-14,2025-06-14,99.92,100.0,0.0,0.0,0.0,0.0,99.8333,2026-07-22,,0.0,922835.0,0.0,,,,
2025-06-15,187503.0,188341.0,187503.0,511704098630907.0,2729042050.0,2025-06-15,2025-06-15,99.92,100.0,0.0,0.0,0.0,0.0,99.8333,2026-07-22,,0.0,922835.0,0.0,,,,
2025-06-16,187496.0,188334.0,187496.0,511684087538262.0,2729042050.0,2025-06-16,2025-06-16,99.92,100.0,0.0,0.0,0.0,0.0,99.8333,2026-07-22,,0.0,922835.0,0.0,,,,
2025-06-17,187489.0,188327.0,187489.0,511664076445919.0,2729042050.0,2025-06-17,2025-06-17,99.92,100.0,0.0,0.0,0.0,0.0,99.8333,2026-07-22,,0.0,922835.0,0.0,,,,
2025-06-18,187481.0,188319.0,187481.0,511644065353878.0,2729042050.0,2025-06-18,2025-06-18,99.92,100.0,0.0,0.0,0.0,0.0,99.8333,2026-07-22,,0.0,922835.0,0.0,,,,
2025-06-19,187474.0,188312.0,187474.0,511624054262139.0,2729042050.0,2025-06-19,2025-06-19,99.92,100.0,0.0,0.0,0.0,0.0,99.8333,2026-07-22,,0.0,922835.0,0.0,,,,
2025-06-20,187467.0,188305.0,187467.0,511604043170701.0,2729042050.0,2025-06-20,2025-06-20,99.92,100.0,0.0,0.0,0.0,0.0,99.8333,2026-07-22,,,,,,,,
2025-06-21,187459.0,188297.0,187459.0,511584034707047.0,2729042050.0,2025-06-21,2025-06-21,99.92,100.0,0.0,0.0,0.0,0.0,99.8333,2026-07-22,,0.0,922835.0,0.0,,,,
2025-06-22,187452.0,188290.0,187452.0,511564023653386.0,2729042050.0,2025-06-22,2025-06-22,99.92,100.0,0.0,0.0,0.0,0.0,99.8333,2026-07-22,,0.0,922835.0,0.0,,,,
2025-06-23,187445.0,188283.0,187445.0,511544012600026.0,2729042050.0,2025-06-23,2025-06-23,99.92,100.0,0.0,0.0,0.0,0.0,99.8333,2026-07-22,,0.0,922835.0,0.0,,,,
2025-06-24,187437.0,188275.0,187437.0,511524001546968.0,2729042050.0,2025-06-24,2025-06-24,99.92,100.0,0.0,0.0,0.0,0.0,99.8333,2026-07-22,,0.0,922835.0,0.0,,,,
2025-06-25,187430.0,188268.0,187430.0,511503990494211.0,2729042050.0,2025-06-25,2025-06-25,99.92,100.0,0.0,0.0,0.0,0.0,99.8333,2026-07-22,,0.0,922835.0,0.0,,,,
2025-06-26,187423.0,188261.0,187423.0,511483979441756.0,2729042050.0,2025-06-26,2025-06-26,99.92,100.0,0.0,0.0,0.0,0.0,99.8333,2026-07-22,,0.0,922835.0,0.0,,,,
2025-06-27,187415.0,188253.0,187415.0,511463968389603.0,2729042050.0,2025-06-27,2025-06-27,99.92,100.0,0.0,0.0,0.0,0.0,99.8333,2026-07-22,,,,,,,,
2025-06-28,187811.0,188650.0,187811.0,512082997289785.0,2726590540.0,2025-06-28,2025-06-28,99.78,99.85,0.0,0.15,0.0,0.0,99.8333,2026-07-22,,938950.0,939579.0,31060.0,,,,
2025-06-29,196946.0,197823.0,196946.0,538474951266983.0,2734129062.0,2025-06-29,2025-06-29,99.87,99.95,0.0,0.05,0.0,0.0,99.8333,2026-07-22,,961980.0,953279.0,31831.0,,,,
2025-06-30,204935.0,205846.0,204935.0,565294058561494.0,2758400320.0,2025-06-30,2025-06-30,99.92,100.0,0.0,0.0,0.0,0.0,99.8333,2026-07-22,,955000.0,976971.0,129071.0,,,,
2025-07-01,208571.0,209500.0,208571.0,576774613180926.0,2765364693.0,2025-07-01,2025-07-01,99.53,99.62,0.0,0.38,0.0,0.0,99.8333,2026-07-22,,980000.0,991226.0,88355.0,,,,
2025-07-02,207227.0,208153.0,207227.0,573530595265412.0,2767649379.0,2025-07-02,2025-07-02,99.54,99.67,0.0,0.33,0.0,0.0,99.8333,2026-07-22,,970700.0,967206.0,257649.0,,,,
2025-07-03,207219.0,208145.0,207219.0,573508490096072.0,2767649379.0,2025-07-03,2025-07-03,99.54,99.67,0.0,0.33,0.0,0.0,99.8333,2026-07-22,,0.0,967206.0,0.0,,,,
2025-07-04,207211.0,208137.0,207211.0,573486384927066.0,2767649379.0,2025-07-04,2025-07-04,99.54,99.67,0.0,0.33,0.0,0.0,99.8333,2026-07-22,,,,,,,,
2025-07-05,207203.0,208129.0,207203.0,573464279758393.0,2767649379.0,2025-07-05,2025-07-05,99.54,99.67,0.0,0.33,0.0,0.0,99.8333,2026-07-22,,0.0,967206.0,0.0,,,,
2025-07-06,207195.0,208121.0,207195.0,573442174590052.0,2767649379.0,2025-07-06,2025-07-06,99.54,99.67,0.0,0.33,0.0,0.0,99.8333,2026-07-22,,0.0,967206.0,0.0,,,,
2025-07-07,199244.0,200137.0,199244.0,550938250657545.0,2765139137.0,2025-07-07,2025-07-07,99.48,99.61,0.0,0.39,0.0,0.0,99.8333,2026-07-22,,972000.0,971337.0,144442.0,,,,
2025-07-08,196759.0,197641.0,196759.0,543565488143047.0,2762602237.0,2025-07-08,2025-07-08,99.57,99.71,0.0,0.29,0.0,0.0,99.8333,2026-07-22,,979840.0,978145.0,251895.0,,,,
2025-07-09,195905.0,196782.0,195905.0,543694233787086.0,2775300200.0,2025-07-09,2025-07-09,99.85,100.0,0.0,0.0,0.0,0.0,99.8333,2026-07-22,,988990.0,974891.0,291107.0,,,,
2025-07-10,195481.0,196356.0,195481.0,542518396955415.0,2775300200.0,2025-07-10,2025-07-10,99.85,100.0,0.0,0.0,0.0,0.0,99.8333,2026-07-22,,0.0,974891.0,0.0,,,,
2025-07-11,195889.0,196767.0,195889.0,543651560643633.0,2775300200.0,2025-07-11,2025-07-11,99.85,100.0,0.0,0.0,0.0,0.0,99.8333,2026-07-22,,,,,,,,
2025-07-12,193078.0,193942.0,193078.0,538313573550230.0,2788064804.0,2025-07-12,2025-07-12,99.85,100.0,0.0,0.0,0.0,0.0,99.8333,2026-07-22,,1004020.0,1003758.0,104404.0,,,,
2025-07-13,199148.0,200036.0,199148.0,560252678698473.0,2813249938.0,2025-07-13,2025-07-13,99.85,100.0,0.0,0.0,0.0,0.0,99.8333,2026-07-22,,1030010.0,1025508.0,176772.0,,,,
2025-07-14,199817.0,200706.0,199817.0,568510279184511.0,2845153659.0,2025-07-14,2025-07-14,99.85,100.0,0.0,0.0,0.0,0.0,99.8333,2026-07-22,,1050000.0,1066032.0,124740.0,,,,
2025-07-15,199007.0,199891.0,199007.0,572140449156018.0,2874972723.0,2025-07-15,2025-07-15,99.57,99.73,0.0,0.27,0.0,0.0,99.8333,2026-07-22,,1050000.0,1045801.0,140482.0,,,,
2025-07-16,200455.0,201345.0,200455.0,578287525914980.0,2884875380.0,2025-07-16,2025-07-16,98.84,99.01,0.0,0.99,0.0,0.0,99.8333,2026-07-22,,1020000.0,1022941.0,187231.0,,,,
2025-07-17,200447.0,201337.0,200447.0,578265149660180.0,2884875380.0,2025-07-17,2025-07-17,98.84,99.01,0.0,0.99,0.0,0.0,99.8333,2026-07-22,,0.0,1022941.0,0.0,,,,
2025-07-18,200439.0,201330.0,200439.0,578242773405717.0,2884875380.0,2025-07-18,2025-07-18,98.84,99.01,0.0,0.99,0.0,0.0,99.8333,2026-07-22,,,,,,,,
2025-07-19,197563.0,198443.0,197563.0,569944218440037.0,2884875380.0,2025-07-19,2025-07-19,98.79,98.97,0.0,1.03,0.0,0.0,99.8333,2026-07-22,,1016900.0,1011893.0,33137.0,,,,
2025-07-20,195370.0,196241.0,195370.0,569073406677454.0,2912797173.0,2025-07-20,2025-07-20,99.7,99.91,0.0,0.09,0.0,0.0,99.8333,2026-07-22,,995130.0,1000988.0,309008.0,,,,
2025-07-21,198048.0,198937.0,198048.0,577370470236622.0,2915307339.0,2025-07-21,2025-07-21,99.55,99.78,0.0,0.22,0.0,0.0,99.8333,2026-07-22,,1030050.0,1022020.0,137116.0,,,,
2025-07-22,201548.0,202451.0,201548.0,591557445018812.0,2935064136.0,2025-07-22,2025-07-22,99.76,99.99,0.0,0.01,0.0,0.0,99.8333,2026-07-22,,1051960.0,1050593.0,173044.0,,,,
2025-07-23,201639.0,202541.0,201639.0,596787477233057.0,2959679812.0,2025-07-23,2025-07-23,99.77,100.0,0.0,0.0,0.0,0.0,99.8333,2026-07-22,,1051950.0,1059288.0,46661.0,,,,
2025-07-24,201631.0,202533.0,201631.0,596764329209712.0,2959679812.0,2025-07-24,2025-07-24,99.77,100.0,0.0,0.0,0.0,0.0,99.8333,2026-07-22,,0.0,1059288.0,0.0,,,,
2025-07-25,201624.0,202525.0,201624.0,596741181151738.0,2959679812.0,2025-07-25,2025-07-25,99.77,100.0,0.0,0.0,0.0,0.0,99.8333,2026-07-22,,,,,,,,
2025-07-26,197718.0,198603.0,197718.0,590091962769763.0,2984518515.0,2025-07-26,2025-07-26,99.75,100.0,0.0,0.0,0.0,0.0,99.8333,2026-07-22,,1038600.0,1030500.0,290593.0,,,,
2025-07-27,195981.0,196861.0,195981.0,587943254794243.0,3000000000.0,2025-07-27,2025-07-27,99.76,100.0,0.0,0.0,0.0,0.0,99.8333,2026-07-22,,1033970.0,1034152.0,24994.0,,,,
2025-07-28,201058.0,201963.0,201058.0,603174786619120.0,3000000000.0,2025-07-28,2025-07-28,99.66,99.91,0.0,0.09,0.0,0.0,99.8333,2026-07-22,,1050000.0,1054034.0,351971.0,,,,
2025-07-29,201439.0,202346.0,201439.0,604318220539797.0,3000000000.0,2025-07-29,2025-07-29,99.67,99.91,0.0,0.09,0.0,0.0,99.8333,2026-07-22,,1071990.0,1059859.0,208101.0,,,,
2025-07-30,200288.0,201189.0,200288.0,600864227386454.0,3000000000.0,2025-07-30,2025-07-30,99.71,99.95,0.0,0.05,0.0,0.0,99.8333,2026-07-22,,1074830.0,1075254.0,140065.0,,,,
2025-07-31,200280.0,201182.0,200280.0,600841357157957.0,3000000000.0,2025-07-31,2025-07-31,99.71,99.95,0.0,0.05,0.0,0.0,99.8333,2026-07-22,,0.0,1075254.0,0.0,,,,
2025-08-01,200273.0,201174.0,200273.0,600817898648843.0,3000000000.0,2025-08-01,2025-08-01,99.71,99.95,0.0,0.05,0.0,0.0,99.8333,2026-07-22,,,,,,,,
2025-08-02,208644.0,209583.0,208644.0,625933397245896.0,3000000000.0,2025-08-02,2025-08-02,99.72,99.95,0.0,0.05,0.0,0.0,99.8333,2026-07-22,,1085000.0,1089233.0,110261.0,,,,
2025-08-03,212784.0,213727.0,212784.0,650213734010306.0,3055745954.0,2025-08-03,2025-08-03,99.76,100.0,0.0,0.0,0.0,0.0,99.8333,2026-07-22,,1090000.0,1099262.0,160470.0,,,,
2025-08-04,216259.0,217212.0,216259.0,670891518608582.0,3102265737.0,2025-08-04,2025-08-04,99.08,99.32,0.0,0.68,0.0,0.0,99.8333,2026-07-22,,1110000.0,1102628.0,180109.0,,,,
2025-08-05,213871.0,214812.0,213871.0,675200462934803.0,3157042128.0,2025-08-05,2025-08-05,99.06,99.29,0.0,0.71,0.0,0.0,99.8333,2026-07-22,,1118580.0,1123720.0,49767.0,,,,
2025-08-06,214743.0,215699.0,214743.0,676169109856465.0,3148742128.0,2025-08-06,2025-08-06,98.47,98.7,0.0,1.3,0.0,0.0,99.8333,2026-07-22,,1109110.0,1111163.0,130020.0,,,,
2025-08-07,214734.0,215691.0,214734.0,676143456185580.0,3148742128.0,2025-08-07,2025-08-07,98.47,98.7,0.0,1.3,0.0,0.0,99.8333,2026-07-22,,0.0,1111163.0,0.0,,,,
2025-08-08,214726.0,215683.0,214726.0,676117802515081.0,3148742128.0,2025-08-08,2025-08-08,98.47,98.7,0.0,1.3,0.0,0.0,99.8333,2026-07-22,,,,,,,,
2025-08-09,209793.0,210732.0,209793.0,659593604371805.0,3144014777.0,2025-08-09,2025-08-09,98.8,99.03,0.0,0.97,0.0,0.0,99.8333,2026-07-22,,1098900.0,1099384.0,24748.0,,,,
2025-08-10,208403.0,209339.0,208403.0,658195150905135.0,3158282284.0,2025-08-10,2025-08-10,99.75,99.98,0.0,0.0,0.0,0.02,99.8333,2026-07-22,,1093930.0,1092527.0,46722.0,,,,
2025-08-11,210695.0,211640.0,210695.0,670382518024938.0,3181766982.0,2025-08-11,2025-08-11,99.77,100.0,0.0,0.0,0.0,0.0,99.8333,2026-07-22,,1109990.0,1112085.0,102227.0,,,,
2025-08-12,208523.0,209459.0,208523.0,667421682704806.0,3200712297.0,2025-08-12,2025-08-12,99.76,100.0,0.0,0.0,0.0,0.0,99.8333,2026-07-22,,1099100.0,1094522.0,169841.0,,,,
2025-08-13,211059.0,212008.0,211059.0,678980124871907.0,3217016296.0,2025-08-13,2025-08-13,99.75,100.0,0.0,0.0,0.0,0.0,99.8333,2026-07-22,,1124800.0,1114893.0,191821.0,,,,
2025-08-14,211051.0,212000.0,211051.0,678954065330222.0,3217016296.0,2025-08-14,2025-08-14,99.75,100.0,0.0,0.0,0.0,0.0,99.8333,2026-07-22,,0.0,1114893.0,0.0,,,,
2025-08-15,211043.0,211992.0,211043.0,678928005788930.0,3217016296.0,2025-08-15,2025-08-15,99.75,100.0,0.0,0.0,0.0,0.0,99.8333,2026-07-22,,,,,,,,
2025-08-16,208304.0,209236.0,208304.0,676950821485819.0,3249816296.0,2025-08-16,2025-08-16,99.76,100.0,0.0,0.0,0.0,0.0,99.8333,2026-07-22,,1090070.0,1094935.0,55140.0,,,,
2025-08-17,210230.0,211175.0,210230.0,685694417650488.0,3261633052.0,2025-08-17,2025-08-17,99.63,99.88,0.0,0.12,0.0,0.0,99.8333,2026-07-22,,1111990.0,1113572.0,85195.0,,,,
2025-08-18,211420.0,212370.0,211420.0,694048614373163.0,3282795780.0,2025-08-18,2025-08-18,99.76,100.0,0.0,0.0,0.0,0.0,99.8333,2026-07-22,,1115000.0,1120410.0,112015.0,,,,
2025-08-19,211132.0,212082.0,211132.0,696563874510879.0,3299193601.0,2025-08-19,2025-08-19,99.76,100.0,0.0,0.0,0.0,0.0,99.8333,2026-07-22,,1110000.0,1109915.0,48236.0,,,,
2025-08-20,213397.0,214354.0,213397.0,708976355562127.0,3322335429.0,2025-08-20,2025-08-20,99.76,100.0,0.0,0.0,0.0,0.0,99.8333,2026-07-22,,1120000.0,1095930.0,113923.0,,,,
2025-08-21,213389.0,214346.0,213389.0,708949302526857.0,3322335429.0,2025-08-21,2025-08-21,99.76,100.0,0.0,0.0,0.0,0.0,99.8333,2026-07-22,,0.0,1095930.0,0.0,,,,
2025-08-22,213381.0,214337.0,213381.0,708922252141105.0,3322335429.0,2025-08-22,2025-08-22,99.76,100.0,0.0,0.0,0.0,0.0,99.8333,2026-07-22,,,,,,,,
2025-08-23,216422.0,217395.0,216422.0,723505180517162.0,3343032349.0,2025-08-23,2025-08-23,99.72,100.0,0.0,0.0,0.0,0.0,99.8333,2026-07-22,,1137000.0,1122940.0,291092.0,,,,
2025-08-24,216414.0,217387.0,216414.0,723477625807837.0,3343032349.0,2025-08-24,2025-08-24,99.72,100.0,0.0,0.0,0.0,0.0,99.8333,2026-07-22,,0.0,1122940.0,0.0,,,,
2025-08-25,216417.0,217386.0,216417.0,729412703788972.0,3370403263.0,2025-08-25,2025-08-25,99.72,100.0,0.0,0.0,0.0,0.0,99.8333,2026-07-22,,1168000.0,1168323.0,108213.0,,,,
2025-08-26,219114.0,220098.0,219114.0,744443429519011.0,3397521417.0,2025-08-26,2025-08-26,99.72,100.0,0.0,0.0,0.0,0.0,99.8333,2026-07-22,,1165000.0,1169537.0,107625.0,,,,
2025-08-27,228537.0,229561.0,228537.0,781184636122868.0,3418193753.0,2025-08-27,2025-08-27,99.42,99.69,0.0,0.31,0.0,0.0,99.8333,2026-07-22,,1188990.0,1188861.0,112649.0,,,,
2025-08-28,228529.0,229552.0,228529.0,781155425546330.0,3418193753.0,2025-08-28,2025-08-28,99.42,99.69,0.0,0.31,0.0,0.0,99.8333,2026-07-22,,0.0,1188861.0,0.0,,,,
2025-08-29,228520.0,229544.0,228520.0,781126214970232.0,3418193753.0,2025-08-29,2025-08-29,99.42,99.69,0.0,0.31,0.0,0.0,99.8333,2026-07-22,,,,,,,,
2025-08-30,237461.0,238525.0,237461.0,811686705510076.0,3418193753.0,2025-08-30,2025-08-30,98.89,99.16,0.0,0.84,0.0,0.0,99.8333,2026-07-22,,1248300.0,1248300.0,251195.0,,,,
2025-08-31,246960.0,248070.0,246960.0,845554010166298.0,3423853530.0,2025-08-31,2025-08-31,99.3,99.57,0.0,0.43,0.0,0.0,99.8333,2026-07-22,,1290000.0,1300979.0,197843.0,,,,
2025-09-01,246951.0,248061.0,246951.0,845522973723640.0,3423853530.0,2025-09-01,2025-09-01,99.3,99.57,0.0,0.43,0.0,0.0,99.8333,2026-07-22,,0.0,1300979.0,0.0,,,,
2025-09-02,240189.0,241274.0,240189.0,820879194905757.0,3417639359.0,2025-09-02,2025-09-02,99.34,99.62,0.0,0.38,0.0,0.0,99.8333,2026-07-22,,1321000.0,1317248.0,229828.0,,,,
2025-09-03,240620.0,241709.0,240620.0,820851923234392.0,3411398678.0,2025-09-03,2025-09-03,99.52,99.81,0.0,0.19,0.0,0.0,99.8333,2026-07-22,,1348990.0,1315944.0,151735.0,,,,
2025-09-04,240611.0,241700.0,240611.0,820821475741455.0,3411398678.0,2025-09-04,2025-09-04,99.52,99.81,0.0,0.19,0.0,0.0,99.8333,2026-07-22,,0.0,1315944.0,0.0,,,,
2025-09-05,240602.0,241691.0,240602.0,820791028248977.0,3411398678.0,2025-09-05,2025-09-05,99.52,99.81,0.0,0.19,0.0,0.0,99.8333,2026-07-22,,,,,,,,
2025-09-06,241420.0,242512.0,241420.0,825079062164554.0,3417602178.0,2025-09-06,2025-09-06,99.71,100.0,0.0,0.0,0.0,0.0,99.8333,2026-07-22,,1354880.0,1337158.0,222552.0,,,,
2025-09-07,244659.0,245762.0,244659.0,840130430483716.0,3433885484.0,2025-09-07,2025-09-07,99.71,100.0,0.0,0.0,0.0,0.0,99.8333,2026-07-22,,1398500.0,1369565.0,198396.0,,,,
2025-09-08,244161.0,245261.0,244161.0,841374866108473.0,3445988652.0,2025-09-08,2025-09-08,99.71,100.0,0.0,0.0,0.0,0.0,99.8333,2026-07-22,,1395000.0,1392832.0,215254.0,,,,
2025-09-09,244135.0,245235.0,244135.0,841285829463882.0,3445988652.0,2025-09-09,2025-09-09,0.29,99.81,0.0,0.19,0.0,0.0,99.8333,2026-07-22,,1390000.0,1385291.0,215666.0,,,,
2025-09-10,244126.0,245226.0,244126.0,841254791580799.0,3445988652.0,2025-09-10,2025-09-10,0.29,99.81,0.0,0.19,0.0,0.0,99.8333,2026-07-22,,0.0,1385291.0,0.0,,,,
2025-09-11,244117.0,245217.0,244117.0,841223753698184.0,3445988652.0,2025-09-11,2025-09-11,0.29,99.81,0.0,0.19,0.0,0.0,99.8333,2026-07-22,,0.0,1385291.0,0.0,,,,
2025-09-12,244108.0,245208.0,244108.0,841192715816037.0,3445988652.0,2025-09-12,2025-09-12,0.29,99.81,0.0,0.19,0.0,0.0,99.8333,2026-07-22,,,,,,,,
2025-09-13,235342.0,236402.0,235342.0,812332362392899.0,3451703661.0,2025-09-13,2025-09-13,0.29,99.97,0.0,0.03,0.0,0.0,99.8333,2026-07-22,,1340000.0,1344761.0,133467.0,,,,
2025-09-14,234706.0,235761.0,234706.0,812614595803781.0,3462267051.0,2025-09-14,2025-09-14,0.3,100.0,0.0,0.0,0.0,0.0,99.8333,2026-07-22,,1389520.0,1382644.0,114739.0,,,,
2025-09-15,240486.0,241565.0,240486.0,835124004130337.0,3472656358.0,2025-09-15,2025-09-15,0.3,99.97,0.0,0.03,0.0,0.0,99.8333,2026-07-22,,1440000.0,1440329.0,142200.0,,,,
2025-09-16,244161.0,245257.0,244161.0,850862552303876.0,3484839520.0,2025-09-16,2025-09-16,0.3,100.0,0.0,0.0,0.0,0.0,99.8333,2026-07-22,,1443000.0,1477036.0,150664.0,,,,
2025-09-17,246112.0,247214.0,246112.0,861392994791917.0,3500000000.0,2025-09-17,2025-09-17,0.3,100.0,0.0,0.0,0.0,0.0,99.8333,2026-07-22,,1446480.0,1431138.0,271754.0,,,,
2025-09-18,246103.0,247205.0,246103.0,861361312926503.0,3500000000.0,2025-09-18,2025-09-18,0.3,100.0,0.0,0.0,0.0,0.0,99.8333,2026-07-22,,0.0,1431138.0,0.0,,,,
2025-09-19,246094.0,247196.0,246094.0,861329631061567.0,3500000000.0,2025-09-19,2025-09-19,0.3,100.0,0.0,0.0,0.0,0.0,99.8333,2026-07-22,,,,,,,,
2025-09-20,257448.0,258602.0,257448.0,901066584449839.0,3500000000.0,2025-09-20,2025-09-20,0.27,99.84,0.0,0.16,0.0,0.0,99.8333,2026-07-22,,1502100.0,1502683.0,341157.0,,,,
2025-09-21,264762.0,265949.0,264762.0,926665353730243.0,3500000000.0,2025-09-21,2025-09-21,0.26,99.98,0.0,0.02,0.0,0.0,99.8333,2026-07-22,,1577810.0,1576710.0,666464.0,,,,
2025-09-22,261567.0,262740.0,261567.0,915484480367423.0,3500000000.0,2025-09-22,2025-09-22,0.27,99.99,0.0,0.01,0.0,0.0,99.8333,2026-07-22,,1588000.0,1581969.0,273631.0,,,,
2025-09-23,268639.0,269843.0,268639.0,940236055285594.0,3500000000.0,2025-09-23,2025-09-23,0.27,99.99,0.0,0.01,0.0,0.0,99.8333,2026-07-22,,1622000.0,1623653.0,222761.0,,,,
2025-09-24,277026.0,278253.0,277026.0,981538527755892.0,3543132809.0,2025-09-24,2025-09-24,0.27,100.0,0.0,0.0,0.0,0.0,99.8333,2026-07-22,,1704830.0,1704830.0,113003.0,,,,
2025-09-25,277016.0,278243.0,277016.0,981503602891249.0,3543132809.0,2025-09-25,2025-09-25,0.27,100.0,0.0,0.0,0.0,0.0,99.8333,2026-07-22,,0.0,1704830.0,0.0,,,,
2025-09-26,277006.0,278233.0,277006.0,981468678027132.0,3543132809.0,2025-09-26,2025-09-26,0.27,100.0,0.0,0.0,0.0,0.0,99.8333,2026-07-22,,,,,,,,
2025-09-27,287476.0,288749.0,287476.0,0.0,3577995299.0,2025-09-27,2025-09-27,0.27,99.87,0.0,0.13,0.0,0.0,99.8333,2026-07-22,,1790070.0,1790070.0,38753.0,,,,
2025-09-28,276963.0,278201.0,276963.0,990972859286023.0,3577995299.0,2025-09-28,2025-09-28,0.28,99.7,0.0,0.3,0.0,0.0,99.8333,2026-07-22,,1816810.0,1861925.0,647243.0,,,,
2025-09-29,287378.0,288657.0,287378.0,0.0,3602380875.0,2025-09-29,2025-09-29,0.29,99.98,0.0,0.02,0.0,0.0,99.8333,2026-07-22,,1955020.0,1948447.0,383958.0,,,,
2025-09-30,293095.0,294401.0,293095.0,0.0,3607539077.0,2025-09-30,2025-09-30,0.29,99.48,0.0,0.52,0.0,0.0,99.8333,2026-07-22,,1963000.0,1952651.0,361618.0,,,,
2025-10-01,298149.0,299476.0,298149.0,1082483462067800.0,3630684057.0,2025-10-01,2025-10-01,0.28,99.93,0.0,0.07,0.0,0.0,99.8333,2026-07-22,,2047080.0,2044721.0,392036.0,,,,
2025-10-02,298138.0,299465.0,298138.0,1082443241350250.0,3630684057.0,2025-10-02,2025-10-02,0.28,99.93,0.0,0.07,0.0,0.0,99.8333,2026-07-22,,0.0,2044721.0,0.0,,,,
2025-10-03,298126.0,299454.0,298126.0,1082403020636330.0,3630684057.0,2025-10-03,2025-10-03,0.28,99.93,0.0,0.07,0.0,0.0,99.8333,2026-07-22,,,,,,,,
2025-10-04,296168.0,297494.0,296168.0,1075292559601650.0,3630684057.0,2025-10-04,2025-10-04,0.26,99.78,0.0,0.22,0.0,0.0,99.8333,2026-07-22,,1997700.0,1996950.0,433900.0,,,,
2025-10-05,293839.0,295157.0,293839.0,1066837095090010.0,3630684057.0,2025-10-05,2025-10-05,0.26,99.94,0.0,0.06,0.0,0.0,99.8333,2026-07-22,,1996910.0,2005392.0,122496.0,,,,
2025-10-06,286919.0,288204.0,286919.0,1044663898920120.0,3640974029.0,2025-10-06,2025-10-06,0.26,100.0,0.0,0.0,0.0,0.0,99.8333,2026-07-22,,1959990.0,1984534.0,400236.0,,,,
2025-10-07,299966.0,301307.0,299966.0,1098705063223620.0,3662767827.0,2025-10-07,2025-10-07,0.25,100.0,0.0,0.0,0.0,0.0,99.8333,2026-07-22,,1997100.0,1991274.0,301192.0,,,,
2025-10-08,308556.0,309938.0,308556.0,1130169082767990.0,3662767827.0,2025-10-08,2025-10-08,0.25,99.75,0.0,0.25,0.0,0.0,99.8333,2026-07-22,,2046000.0,2076285.0,440932.0,,,,
2025-10-09,308545.0,309927.0,308545.0,1130127342560580.0,3662767827.0,2025-10-09,2025-10-09,0.25,99.75,0.0,0.25,0.0,0.0,99.8333,2026-07-22,,0.0,2076285.0,0.0,,,,
2025-10-10,308533.0,309915.0,308533.0,1130085602356950.0,3662767827.0,2025-10-10,2025-10-10,0.25,99.75,0.0,0.25,0.0,0.0,99.8333,2026-07-22,,,,,,,,
2025-10-11,301484.0,302835.0,301484.0,1108690812225390.0,3677444825.0,2025-10-11,2025-10-11,0.24,100.0,0.0,0.0,0.0,0.0,99.8333,2026-07-22,,1972480.0,2001263.0,329022.0,,,,
2025-10-12,299676.0,301017.0,299676.0,1106031735208400.0,3690759608.0,2025-10-12,2025-10-12,0.24,99.97,0.0,0.03,0.0,0.0,99.8333,2026-07-22,,1948110.0,1919992.0,370595.0,,,,
2025-10-13,298904.0,300244.0,298904.0,1104248705489940.0,3694376542.0,2025-10-13,2025-10-13,0.25,99.86,0.0,0.14,0.0,0.0,99.8333,2026-07-22,,2009740.0,2005948.0,257836.0,,,,
2025-10-14,296824.0,298156.0,296824.0,1098055099976070.0,3699351139.0,2025-10-14,2025-10-14,0.25,100.0,0.0,0.0,0.0,0.0,99.8333,2026-07-22,,1999920.0,2005054.0,327125.0,,,,
2025-10-15,302342.0,303700.0,302342.0,1119944355258940.0,3704227381.0,2025-10-15,2025-10-15,0.25,100.0,0.0,0.0,0.0,0.0,99.8333,2026-07-22,,2080000.0,2073592.0,192385.0,,,,
2025-10-16,302331.0,303689.0,302331.0,1119902720794370.0,3704227381.0,2025-10-16,2025-10-16,0.25,100.0,0.0,0.0,0.0,0.0,99.8333,2026-07-22,,0.0,2073592.0,0.0,,,,
2025-10-17,302320.0,303678.0,302320.0,1119861086333570.0,3704227381.0,2025-10-17,2025-10-17,0.25,100.0,0.0,0.0,0.0,0.0,99.8333,2026-07-22,,,,,,,,
2025-10-18,296043.0,297373.0,296043.0,1096612203500592.0,3704227381.0,2025-10-18,2025-10-18,0.25,99.95,0.0,0.05,0.0,0.0,99.8333,2026-07-22,,2016890.0,2002043.0,213645.0,,,,
2025-10-19,304526.0,305894.0,304526.0,1129525313321483.0,3709129695.0,2025-10-19,2025-10-19,0.19,100.0,0.0,0.0,0.0,0.0,99.8333,2026-07-22,,2076100.0,2064930.0,448361.0,,,,
2025-10-20,300383.0,301731.0,300383.0,1117227658563477.0,3719342489.0,2025-10-20,2025-10-20,0.17,100.0,0.0,0.0,0.0,0.0,99.8333,2026-07-22,,2042770.0,2041140.0,177590.0,,,,
2025-10-21,299404.0,300749.0,299404.0,1113586005457813.0,3719342489.0,2025-10-21,2025-10-21,0.17,100.0,0.0,0.0,0.0,0.0,99.8333,2026-07-22,,1971040.0,1994035.0,210358.0,,,,
2025-10-22,293585.0,294904.0,293585.0,1091944966720921.0,3719342489.0,2025-10-22,2025-10-22,0.15,100.0,0.0,0.0,0.0,0.0,99.8333,2026-07-22,,1942100.0,1929404.0,594074.0,,,,
2025-10-23,293574.0,294893.0,293574.0,1091904045754121.0,3719342489.0,2025-10-23,2025-10-23,0.15,100.0,0.0,0.0,0.0,0.0,99.8333,2026-07-22,,0.0,1929404.0,0.0,,,,
2025-10-24,293563.0,294882.0,293563.0,1091863124822703.0,3719342489.0,2025-10-24,2025-10-24,0.15,100.0,0.0,0.0,0.0,0.0,99.8333,2026-07-22,,,,,,,,
2025-10-25,294025.0,295340.0,294025.0,1099546338509404.0,3739635317.0,2025-10-25,2025-10-25,0.15,100.0,0.0,0.0,0.0,0.0,99.8333,2026-07-22,,1936700.0,1925023.0,252617.0,,,,
2025-10-26,297690.0,299023.0,297690.0,1117205272215651.0,3752920955.0,2025-10-26,2025-10-26,0.14,100.0,0.0,0.0,0.0,0.0,99.8333,2026-07-22,,1930000.0,1972358.0,199512.0,,,,
2025-10-27,292488.0,293801.0,292488.0,1097682887361574.0,3752920955.0,2025-10-27,2025-10-27,0.14,99.96,0.0,0.04,0.0,0.0,99.8333,2026-07-22,,1899990.0,1896628.0,195019.0,,,,
2025-10-28,285400.0,286678.0,285400.0,1075095914397741.0,3766984846.0,2025-10-28,2025-10-28,0.14,100.0,0.0,0.0,0.0,0.0,99.8333,2026-07-22,,1821000.0,1817657.0,494136.0,,,,
2025-10-29,290301.0,291603.0,290301.0,1095542498889205.0,3773816860.0,2025-10-29,2025-10-29,0.14,99.96,0.0,0.04,0.0,0.0,99.8333,2026-07-22,,1895300.0,1887291.0,249265.0,,,,
2025-10-30,290290.0,291592.0,290290.0,1095501374630999.0,3773816860.0,2025-10-30,2025-10-30,0.14,99.96,0.0,0.04,0.0,0.0,99.8333,2026-07-22,,0.0,1887291.0,0.0,,,,
2025-10-31,290279.0,291581.0,290279.0,1095460250376511.0,3773816860.0,2025-10-31,2025-10-31,0.14,99.96,0.0,0.04,0.0,0.0,99.8333,2026-07-22,,,,,,,,
2025-11-01,292832.0,294144.0,292832.0,1108073793446515.0,3783995875.0,2025-11-01,2025-11-01,0.15,100.0,0.0,0.0,0.0,0.0,99.8333,2026-07-22,,1942990.0,1932729.0,163707.0,,,,
2025-11-02,291160.0,292466.0,291160.0,1103731155892547.0,3790800657.0,2025-11-02,2025-11-02,0.14,99.98,0.0,0.02,0.0,0.0,99.8333,2026-07-22,,1910000.0,1893289.0,248279.0,,,,
2025-11-03,291332.0,292637.0,291332.0,1109339963640725.0,3807819501.0,2025-11-03,2025-11-03,0.14,100.0,0.0,0.0,0.0,0.0,99.8333,2026-07-22,,1880000.0,1892385.0,133538.0,,,,
2025-11-04,291626.0,292931.0,291626.0,1115410065796698.0,3824791461.0,2025-11-04,2025-11-04,0.14,100.0,0.0,0.0,0.0,0.0,99.8333,2026-07-22,,1882200.0,1886544.0,54852.0,,,,
2025-11-05,291883.0,293189.0,291883.0,1121376248004348.0,3841875480.0,2025-11-05,2025-11-05,0.13,100.0,0.0,0.0,0.0,0.0,99.8333,2026-07-22,,1800000.0,1829617.0,160456.0,,,,
2025-11-06,291872.0,293179.0,291872.0,1121334261412887.0,3841875480.0,2025-11-06,2025-11-06,0.13,100.0,0.0,0.0,0.0,0.0,99.8333,2026-07-22,,0.0,1829617.0,0.0,,,,
2025-11-07,291861.0,293168.0,291861.0,1121292274825222.0,3841875480.0,2025-11-07,2025-11-07,0.13,100.0,0.0,0.0,0.0,0.0,99.8333,2026-07-22,,,,,,,,
2025-11-08,290638.0,291940.0,290638.0,1121567495066101.0,3858978772.0,2025-11-08,2025-11-08,0.14,100.0,0.0,0.0,0.0,0.0,99.8333,2026-07-22,,1838000.0,1813553.0,684949.0,,,,
2025-11-09,290721.0,292019.0,290721.0,1130845885088764.0,3889801148.0,2025-11-09,2025-11-09,0.14,100.0,0.0,0.0,0.0,0.0,99.8333,2026-07-22,,1875800.0,1832908.0,235986.0,,,,
2025-11-10,293857.0,295169.0,293857.0,1148021281562856.0,3906734929.0,2025-11-10,2025-11-10,0.14,99.66,0.0,0.34,0.0,0.0,99.8333,2026-07-22,,1913000.0,1904178.0,182758.0,,,,
2025-11-11,305965.0,307330.0,305965.0,1207262788931704.0,3945755546.0,2025-11-11,2025-11-11,0.14,100.0,0.0,0.0,0.0,0.0,99.8333,2026-07-22,,1983000.0,1969294.0,195261.0,,,,
2025-11-12,314689.0,316091.0,314689.0,1256607898611246.0,3993174918.0,2025-11-12,2025-11-12,0.13,99.97,0.0,0.03,0.0,0.0,99.8333,2026-07-22,,2019980.0,2021567.0,240426.0,,,,
2025-11-13,314677.0,316079.0,314677.0,1256562010037892.0,3993174918.0,2025-11-13,2025-11-13,0.13,99.97,0.0,0.03,0.0,0.0,99.8333,2026-07-22,,0.0,2021567.0,0.0,,,,
2025-11-14,314666.0,316068.0,314666.0,1256517438865832.0,3993174918.0,2025-11-14,2025-11-14,0.13,99.97,0.0,0.03,0.0,0.0,99.8333,2026-07-22,,,,,,,,
2025-11-15,310928.0,312313.0,310928.0,1243713671757375.0,4000000000.0,2025-11-15,2025-11-15,0.13,98.93,0.0,1.07,0.0,0.0,99.8333,2026-07-22,,1960020.0,1978176.0,97922.0,,,,
2025-11-16,306262.0,307629.0,306262.0,1225049107727783.0,4000000000.0,2025-11-16,2025-11-16,0.13,98.98,0.0,1.02,0.0,0.0,99.8333,2026-07-22,,1951010.0,1963457.0,283350.0,,,,
2025-11-17,308869.0,310248.0,308869.0,1235475879282041.0,4000000000.0,2025-11-17,2025-11-17,0.13,98.99,0.0,1.01,0.0,0.0,99.8333,2026-07-22,,1969660.0,1965073.0,211567.0,,,,
2025-11-18,308353.0,309733.0,308353.0,1233413438689612.0,4000000000.0,2025-11-18,2025-11-18,0.13,99.22,0.0,0.78,0.0,0.0,99.8333,2026-07-22,,1984500.0,1973264.0,213929.0,,,,
2025-11-19,312951.0,314355.0,312951.0,1251803306535176.0,4000000000.0,2025-11-19,2025-11-19,0.13,99.44,0.0,0.56,0.0,0.0,99.8333,2026-07-22,,2039030.0,2018934.0,242937.0,,,,
2025-11-20,312939.0,314343.0,312939.0,1251757336253486.0,4000000000.0,2025-11-20,2025-11-20,0.13,99.44,0.0,0.56,0.0,0.0,99.8333,2026-07-22,,0.0,2018934.0,0.0,,,,
2025-11-21,312928.0,314332.0,312928.0,1251711368561552.0,4000000000.0,2025-11-21,2025-11-21,0.13,99.44,0.0,0.56,0.0,0.0,99.8333,2026-07-22,,,,,,,,
2025-11-22,307399.0,308779.0,307399.0,1229594463022694.0,4000000000.0,2025-11-22,2025-11-22,0.13,99.52,0.0,0.48,0.0,0.0,99.8333,2026-07-22,,1993040.0,1998043.0,351241.0,,,,
2025-11-23,310351.0,311745.0,310351.0,1241404292831400.0,4000000000.0,2025-11-23,2025-11-23,0.14,99.52,0.0,0.48,0.0,0.0,99.8333,2026-07-22,,2029990.0,1993698.0,232474.0,,,,
2025-11-24,310340.0,311733.0,310340.0,1241358582157144.0,4000000000.0,2025-11-24,2025-11-24,0.14,99.52,0.0,0.48,0.0,0.0,99.8333,2026-07-22,,0.0,1993698.0,0.0,,,,
2025-11-25,312304.0,313710.0,312304.0,1249215200656135.0,4000000000.0,2025-11-25,2025-11-25,0.14,99.94,0.0,0.04,0.0,0.02,99.8333,2026-07-22,,2050000.0,2017188.0,282512.0,,,,
2025-11-26,313801.0,315214.0,313801.0,1255204400887496.0,4000000000.0,2025-11-26,2025-11-26,0.13,99.98,0.0,0.01,0.0,0.01,99.8333,2026-07-22,,2042490.0,2045290.0,353181.0,,,,
2025-11-27,313790.0,315203.0,313790.0,1255158294898082.0,4000000000.0,2025-11-27,2025-11-27,0.13,99.98,0.0,0.01,0.0,0.01,99.8333,2026-07-22,,0.0,2045290.0,0.0,,,,
2025-11-28,313778.0,315191.0,313778.0,1255112188912837.0,4000000000.0,2025-11-28,2025-11-28,0.13,99.98,0.0,0.01,0.0,0.01,99.8333,2026-07-22,,,,,,,,
2025-11-29,324497.0,325959.0,324497.0,1297987191732821.0,4000000000.0,2025-11-29,2025-11-29,0.14,99.98,0.0,0.01,0.0,0.01,99.8333,2026-07-22,,2180000.0,2183941.0,293331.0,,,,
2025-11-30,330095.0,331568.0,330095.0,1335281376779246.0,4045140505.0,2025-11-30,2025-11-30,0.14,99.26,0.0,0.73,0.0,0.01,99.8333,2026-07-22,,2208030.0,2209181.0,797855.0,,,,
2025-12-01,340951.0,342469.0,340951.0,1394167878607693.0,4089055098.0,2025-12-01,2025-12-01,0.14,99.18,0.0,0.82,0.0,0.0,99.8333,2026-07-22,,2312120.0,2300687.0,436103.0,,,,
2025-12-02,337480.0,338980.0,337480.0,1394932369080513.0,4133374320.0,2025-12-02,2025-12-02,0.14,99.26,0.0,0.74,0.0,0.0,99.8333,2026-07-22,,2399000.0,2306264.0,325886.0,,,,
2025-12-03,341979.0,343502.0,341979.0,1423479201042796.0,4162469952.0,2025-12-03,2025-12-03,0.15,99.09,0.0,0.91,0.0,0.0,99.8333,2026-07-22,,2510010.0,2469113.0,682658.0,,,,
2025-12-04,341967.0,343489.0,341967.0,1423428370951146.0,4162469952.0,2025-12-04,2025-12-04,0.15,99.09,0.0,0.91,0.0,0.0,99.8333,2026-07-22,,0.0,2469113.0,0.0,,,,
2025-12-05,341955.0,343477.0,341955.0,1423377540864091.0,4162469952.0,2025-12-05,2025-12-05,0.15,99.09,0.0,0.91,0.0,0.0,99.8333,2026-07-22,,,,,,,,
2025-12-06,345614.0,347166.0,345614.0,1442938082780411.0,4174999952.0,2025-12-06,2025-12-06,0.15,99.65,0.0,0.35,0.0,0.0,99.8333,2026-07-22,,2638970.0,2595473.0,518860.0,,,,
2025-12-07,346601.0,348165.0,346601.0,1447059383481266.0,4174999952.0,2025-12-07,2025-12-07,0.15,99.95,0.0,0.05,0.0,0.0,99.8333,2026-07-22,,2636980.0,2593582.0,320078.0,,,,
2025-12-08,348454.0,350026.0,348454.0,1454793505067893.0,4174999952.0,2025-12-08,2025-12-08,0.15,100.0,0.0,0.0,0.0,0.0,99.8333,2026-07-22,,2563000.0,2599929.0,429497.0,,,,
2025-12-09,339495.0,341022.0,339495.0,1425133206452480.0,4197800914.0,2025-12-09,2025-12-09,0.14,99.86,0.0,0.14,0.0,0.0,99.8333,2026-07-22,,2398860.0,2444879.0,646479.0,,,,
2025-12-10,348348.0,349913.0,348348.0,1469266952102820.0,4217817958.0,2025-12-10,2025-12-10,0.15,99.78,0.0,0.22,0.0,0.0,99.8333,2026-07-22,,2599950.0,2542951.0,397071.0,,,,
2025-12-11,348335.0,349900.0,348335.0,1469214422642779.0,4217817958.0,2025-12-11,2025-12-11,0.15,99.78,0.0,0.22,0.0,0.0,99.8333,2026-07-22,,0.0,2542951.0,0.0,,,,
2025-12-12,348323.0,349888.0,348323.0,1469161893187487.0,4217817958.0,2025-12-12,2025-12-12,0.15,99.78,0.0,0.22,0.0,0.0,99.8333,2026-07-22,,,,,,,,
2025-12-13,364453.0,366096.0,364453.0,1537196641753154.0,4217817958.0,2025-12-13,2025-12-13,0.14,99.69,0.0,0.31,0.0,0.0,99.8333,2026-07-22,,2669990.0,2691257.0,627743.0,,,,
2025-12-14,360320.0,361946.0,360320.0,1519765185656818.0,4217817958.0,2025-12-14,2025-12-14,0.15,99.93,0.0,0.07,0.0,0.0,99.8333,2026-07-22,,2699900.0,2616618.0,439004.0,,,,
2025-12-15,361865.0,363496.0,361865.0,1524794486598606.0,4213710956.0,2025-12-15,2025-12-15,0.15,99.81,0.0,0.19,0.0,0.0,99.8333,2026-07-22,,2719790.0,2755036.0,541452.0,,,,
2025-12-16,353174.0,354765.0,353174.0,1488172222928154.0,4213710956.0,2025-12-16,2025-12-16,0.15,100.0,0.0,0.0,0.0,0.0,99.8333,2026-07-22,,2660000.0,2602558.0,351042.0,,,,
2025-12-17,374426.0,376115.0,374426.0,1574694891064208.0,4205618723.0,2025-12-17,2025-12-17,0.15,99.81,0.0,0.19,0.0,0.0,99.8333,2026-07-22,,2862810.0,2787165.0,526407.0,,,,
2025-12-18,374413.0,376102.0,374413.0,1574639370875237.0,4205618723.0,2025-12-18,2025-12-18,0.15,99.81,0.0,0.19,0.0,0.0,99.8333,2026-07-22,,0.0,2787165.0,0.0,,,,
2025-12-19,374400.0,376088.0,374400.0,1574583850691285.0,4205618723.0,2025-12-19,2025-12-19,0.15,99.81,0.0,0.19,0.0,0.0,99.8333,2026-07-22,,,,,,,,
2025-12-20,377745.0,379449.0,377745.0,1577487148367495.0,4176065523.0,2025-12-20,2025-12-20,0.16,99.3,0.0,0.7,0.0,0.0,99.8333,2026-07-22,,3065880.0,3053018.0,598552.0,,,,
2025-12-21,369680.0,371346.0,369680.0,1535770741397994.0,4154323783.0,2025-12-21,2025-12-21,0.18,99.48,0.0,0.52,0.0,0.0,99.8333,2026-07-22,,3300020.0,3270745.0,1772243.0,,,,
2025-12-22,381520.0,383237.0,381520.0,1574857131703375.0,4127846686.0,2025-12-22,2025-12-22,0.19,99.22,0.0,0.78,0.0,0.0,99.8333,2026-07-22,,3597810.0,3554330.0,1438116.0,,,,
2025-12-23,392082.0,393846.0,392082.0,1615975589038373.0,4121523603.0,2025-12-23,2025-12-23,0.18,99.84,0.0,0.16,0.0,0.0,99.8333,2026-07-22,,3600000.0,3599141.0,1354517.0,,,,
2025-12-24,403878.0,405695.0,403878.0,1664593025473767.0,4121523603.0,2025-12-24,2025-12-24,0.19,99.99,0.0,0.01,0.0,0.0,99.8333,2026-07-22,,3771150.0,3721126.0,825995.0,,,,
2025-12-25,403864.0,405681.0,403864.0,1664535350519799.0,4121523603.0,2025-12-25,2025-12-25,0.19,99.99,0.0,0.01,0.0,0.0,99.8333,2026-07-22,,0.0,3721126.0,0.0,,,,
2025-12-26,403850.0,405667.0,403850.0,1664477675571045.0,4121523603.0,2025-12-26,2025-12-26,0.19,99.99,0.0,0.01,0.0,0.0,99.8333,2026-07-22,,,,,,,,
2025-12-27,417252.0,419129.0,417252.0,1718659670341146.0,4118994739.0,2025-12-27,2025-12-27,0.2,99.93,0.0,0.07,0.0,0.0,99.8333,2026-07-22,,4093230.0,4036223.0,1385352.0,,,,
2025-12-28,416473.0,418343.0,416473.0,1713485574956418.0,4114275550.0,2025-12-28,2025-12-28,0.2,99.87,0.0,0.13,0.0,0.0,99.8333,2026-07-22,,4060000.0,4156735.0,727581.0,,,,
2025-12-29,386277.0,388011.0,386277.0,1578801957270858.0,4087223023.0,2025-12-29,2025-12-29,0.2,99.31,0.0,0.69,0.0,0.0,99.8333,2026-07-22,,3770000.0,3820747.0,930008.0,,,,
2025-12-30,405108.0,406927.0,405108.0,1655766962634026.0,4087223023.0,2025-12-30,2025-12-30,0.21,99.9,0.0,0.1,0.0,0.0,99.8333,2026-07-22,,4093990.0,3920653.0,3490890.0,,,,
2025-12-31,388483.0,390229.0,388483.0,1585951423694688.0,4082416547.0,2025-12-31,2025-12-31,0.21,99.87,0.0,0.13,0.0,0.0,99.8333,2026-07-22,,3970100.0,3993340.0,1536509.0,,,,
2026-01-01,388469.0,390214.0,388469.0,1585890755358870.0,4082416547.0,2026-01-01,2026-01-01,0.21,99.87,0.0,0.13,0.0,0.0,99.8333,2026-07-22,,0.0,3993340.0,0.0,,,,
2026-01-02,388454.0,390200.0,388454.0,1585830087028538.0,4082416547.0,2026-01-02,2026-01-02,0.21,99.87,0.0,0.13,0.0,0.0,99.8333,2026-07-22,,,,,,,,
2026-01-03,388439.0,390185.0,388439.0,1585769418703690.0,4082416547.0,2026-01-03,2026-01-03,0.21,99.87,0.0,0.13,0.0,0.0,99.8333,2026-07-22,,0.0,3993340.0,0.0,,,,
2026-01-04,405655.0,407480.0,405655.0,1654833557438280.0,4079407843.0,2026-01-04,2026-01-04,0.2,99.92,0.0,0.08,0.0,0.0,99.8333,2026-07-22,,4095000.0,4060796.0,708828.0,,,,
2026-01-05,422130.0,424028.0,422130.0,1722536524379256.0,4080587445.0,2026-01-05,2026-01-05,0.21,100.0,0.0,0.0,0.0,0.0,99.8333,2026-07-22,,4409990.0,4368440.0,663977.0,,,,
2026-01-06,444564.0,446564.0,444564.0,1816559891493986.0,4086159681.0,2026-01-06,2026-01-06,0.21,100.0,0.0,0.0,0.0,0.0,99.8333,2026-07-22,,4578030.0,4619907.0,682175.0,,,,
2026-01-07,441563.0,443547.0,441563.0,1808311892323993.0,4095256414.0,2026-01-07,2026-01-07,0.21,100.0,0.0,0.0,0.0,0.0,99.8333,2026-07-22,,4510000.0,4515509.0,504127.0,,,,
2026-01-08,441546.0,443531.0,441546.0,1808245079042751.0,4095256414.0,2026-01-08,2026-01-08,0.21,100.0,0.0,0.0,0.0,0.0,99.8333,2026-07-22,,0.0,4515509.0,0.0,,,,
2026-01-09,441530.0,443514.0,441530.0,1808178265767550.0,4095256414.0,2026-01-09,2026-01-09,0.21,100.0,0.0,0.0,0.0,0.0,99.8333,2026-07-22,,,,,,,,
2026-01-10,411987.0,413840.0,411987.0,1685684573558931.0,4091596384.0,2026-01-10,2026-01-10,0.2,99.91,0.0,0.09,0.0,0.0,99.8333,2026-07-22,,4167000.0,4171745.0,270886.0,,,,
2026-01-11,432161.0,434106.0,432161.0,1768227664052425.0,4091596384.0,2026-01-11,2026-01-11,0.21,100.0,0.0,0.0,0.0,0.0,99.8333,2026-07-22,,4422770.0,4369847.0,341478.0,,,,
2026-01-12,428228.0,430155.0,428228.0,1752135594305945.0,4091596384.0,2026-01-12,2026-01-12,0.21,100.0,0.0,0.0,0.0,0.0,99.8333,2026-07-22,,4487990.0,4600336.0,711579.0,,,,
2026-01-13,420899.0,422792.0,420899.0,1723636385397264.0,4095134221.0,2026-01-13,2026-01-13,0.21,100.0,0.0,0.0,0.0,0.0,99.8333,2026-07-22,,4420000.0,4484467.0,474942.0,,,,
2026-01-14,425986.0,427903.0,425986.0,1745964736960468.0,4098647021.0,2026-01-14,2026-01-14,0.21,99.91,0.0,0.0,0.0,0.09,99.8333,2026-07-22,,4528000.0,4490052.0,543445.0,,,,
2026-01-15,425970.0,427887.0,425970.0,1745900307158735.0,4098647021.0,2026-01-15,2026-01-15,0.21,99.91,0.0,0.0,0.0,0.09,99.8333,2026-07-22,,0.0,4490052.0,0.0,,,,
2026-01-16,425954.0,427872.0,425954.0,1745835877362828.0,4098647021.0,2026-01-16,2026-01-16,0.21,99.91,0.0,0.0,0.0,0.09,99.8333,2026-07-22,,,,,,,,
2026-01-17,425938.0,427856.0,425938.0,1745771447572745.0,4098647021.0,2026-01-17,2026-01-17,0.21,99.91,0.0,0.0,0.0,0.09,99.8333,2026-07-22,,0.0,4490052.0,0.0,,,,
2026-01-18,413670.0,415530.0,413670.0,1698444697882179.0,4105793333.0,2026-01-18,2026-01-18,0.21,100.0,0.0,0.0,0.0,0.0,99.8333,2026-07-22,,4395930.0,4448787.0,305154.0,,,,
2026-01-19,417379.0,419259.0,417379.0,1715638768253328.0,4110504616.0,2026-01-19,2026-01-19,0.22,100.0,0.0,0.0,0.0,0.0,99.8333,2026-07-22,,4480040.0,4490037.0,1233114.0,,,,
2026-01-20,422220.0,424120.0,422220.0,1737035242795486.0,4114051101.0,2026-01-20,2026-01-20,0.22,99.88,0.0,0.12,0.0,0.0,99.8333,2026-07-22,,4521000.0,4501487.0,805219.0,,,,
2026-01-21,433881.0,435835.0,433881.0,1785006964490497.0,4114051101.0,2026-01-21,2026-01-21,0.22,99.89,0.0,0.11,0.0,0.0,99.8333,2026-07-22,,4680000.0,4721613.0,405901.0,,,,
2026-01-22,433864.0,435819.0,433864.0,1784940661850819.0,4114051101.0,2026-01-22,2026-01-22,0.22,99.89,0.0,0.11,0.0,0.0,99.8333,2026-07-22,,0.0,4721613.0,0.0,,,,
2026-01-23,433848.0,435802.0,433848.0,1784874359187647.0,4114051101.0,2026-01-23,2026-01-23,0.22,99.89,0.0,0.11,0.0,0.0,99.8333,2026-07-22,,,,,,,,
2026-01-24,445001.0,447006.0,445001.0,1830756417590365.0,4114051101.0,2026-01-24,2026-01-24,0.22,100.0,0.0,0.0,0.0,0.0,99.8333,2026-07-22,,5052120.0,5052118.0,376170.0,,,,
2026-01-25,448775.0,450797.0,448775.0,1846281301480419.0,4114051101.0,2026-01-25,2026-01-25,0.21,100.0,0.0,0.0,0.0,0.0,99.8333,2026-07-22,,5405760.0,5405542.0,801758.0,,,,
2026-01-26,468355.0,470464.0,468355.0,1929802065416138.0,4120382219.0,2026-01-26,2026-01-26,0.21,100.0,0.0,0.0,0.0,0.0,99.8333,2026-07-22,,5783920.0,5783920.0,316874.0,,,,
2026-01-27,502855.0,505121.0,502855.0,2075921032986154.0,4128272606.0,2026-01-27,2026-01-27,0.19,100.0,0.0,0.0,0.0,0.0,99.8333,2026-07-22,,6188790.0,6188790.0,288526.0,,,,
2026-01-28,535286.0,537698.0,535286.0,2209005726891582.0,4126778862.0,2026-01-28,2026-01-28,0.19,99.84,0.0,0.15,0.0,0.01,99.8333,2026-07-22,,6622000.0,6622000.0,108839.0,,,,
2026-01-29,535267.0,537679.0,535267.0,2208928060032585.0,4126778862.0,2026-01-29,2026-01-29,0.19,99.84,0.0,0.15,0.0,0.01,99.8333,2026-07-22,,0.0,6622000.0,0.0,,,,
2026-01-30,535248.0,537660.0,535248.0,2208850393173588.0,4126778862.0,2026-01-30,2026-01-30,0.19,99.84,0.0,0.15,0.0,0.01,99.8333,2026-07-22,,,,,,,,
2026-01-31,511829.0,514133.0,511829.0,2111972650007551.0,4126322615.0,2026-01-31,2026-01-31,0.19,99.95,0.0,0.0,0.0,0.05,99.8333,2026-07-22,,6158460.0,6158460.0,88913.0,,,,
2026-02-01,497720.0,499961.0,497720.0,2052981375496875.0,4124770180.0,2026-02-01,2026-02-01,0.18,99.96,0.0,0.0,0.0,0.04,99.8333,2026-07-22,,5727370.0,5727370.0,118128.0,,,,
2026-02-02,469662.0,471777.0,469662.0,1938216029620332.0,4126830896.0,2026-02-02,2026-02-02,0.18,99.99,0.0,0.01,0.0,0.0,99.8333,2026-07-22,,5326460.0,5326460.0,43393.0,,,,
2026-02-03,496895.0,499132.0,496895.0,2050602363347946.0,4126830896.0,2026-02-03,2026-02-03,0.18,99.99,0.0,0.01,0.0,0.0,99.8333,2026-07-22,,5565950.0,5424868.0,368387.0,,,,
2026-02-04,496877.0,499114.0,496877.0,2050528911324560.0,4126830896.0,2026-02-04,2026-02-04,0.18,99.99,0.0,0.01,0.0,0.0,99.8333,2026-07-22,,0.0,5424868.0,0.0,,,,
2026-02-05,496860.0,499096.0,496860.0,2050455459301174.0,4126830896.0,2026-02-05,2026-02-05,0.18,99.99,0.0,0.01,0.0,0.0,99.8333,2026-07-22,,0.0,5424868.0,0.0,,,,
2026-02-06,496842.0,499078.0,496842.0,2050382007277788.0,4126830896.0,2026-02-06,2026-02-06,0.18,99.99,0.0,0.01,0.0,0.0,99.8333,2026-07-22,,,,,,,,
2026-02-07,496038.0,498272.0,496038.0,2047063938841447.0,4126830896.0,2026-02-07,2026-02-07,0.16,99.99,0.0,0.01,0.0,0.0,99.8333,2026-07-22,,5150900.0,5128680.0,502352.0,,,,
2026-02-08,511243.0,513546.0,511243.0,2110809729654434.0,4128780590.0,2026-02-08,2026-02-08,0.16,100.0,0.0,0.0,0.0,0.0,99.8333,2026-07-22,,5319990.0,5336685.0,768859.0,,,,
2026-02-09,522884.0,525240.0,522884.0,2160361690568924.0,4131625538.0,2026-02-09,2026-02-09,0.17,100.0,0.0,0.0,0.0,0.0,99.8333,2026-07-22,,5710250.0,5633234.0,1576583.0,,,,
2026-02-10,527961.0,530340.0,527961.0,2182330315364078.0,4133509262.0,2026-02-10,2026-02-10,0.17,100.0,0.0,0.0,0.0,0.0,99.8333,2026-07-22,,5690000.0,5714735.0,2015471.0,,,,
2026-02-11,527942.0,530321.0,527942.0,2182253217503546.0,4133509262.0,2026-02-11,2026-02-11,0.17,100.0,0.0,0.0,0.0,0.0,99.8333,2026-07-22,,0.0,5714735.0,0.0,,,,
2026-02-12,527923.0,530302.0,527923.0,2182176119643014.0,4133509262.0,2026-02-12,2026-02-12,0.17,100.0,0.0,0.0,0.0,0.0,99.8333,2026-07-22,,0.0,5714735.0,0.0,,,,
2026-02-13,527905.0,530284.0,527905.0,2182099021782482.0,4133509262.0,2026-02-13,2026-02-13,0.17,100.0,0.0,0.0,0.0,0.0,99.8333,2026-07-22,,,,,,,,
2026-02-14,514601.0,516920.0,514601.0,2130047957156479.0,4139226091.0,2026-02-14,2026-02-14,0.17,100.0,0.0,0.0,0.0,0.0,99.8333,2026-07-22,,5544900.0,5395025.0,1015539.0,,,,
2026-02-15,523474.0,525833.0,523474.0,2171722868466542.0,4148677691.0,2026-02-15,2026-02-15,0.17,100.0,0.0,0.0,0.0,0.0,99.8333,2026-07-22,,5640000.0,5511821.0,1023210.0,,,,
2026-02-16,512440.0,514751.0,512440.0,2130863936838846.0,4158269778.0,2026-02-16,2026-02-16,0.17,100.0,0.0,0.0,0.0,0.0,99.8333,2026-07-22,,5473000.0,5510433.0,1086224.0,,,,
2026-02-17,517510.0,519844.0,517510.0,2154427142118189.0,4163063808.0,2026-02-17,2026-02-17,0.15,100.0,0.0,0.0,0.0,0.0,99.8333,2026-07-22,,5056870.0,4993328.0,779716.0,,,,
2026-02-18,516052.0,518378.0,516052.0,2155300318541009.0,4176520897.0,2026-02-18,2026-02-18,0.15,100.0,0.0,0.0,0.0,0.0,99.8333,2026-07-22,,5030000.0,5046584.0,824626.0,,,,
2026-02-19,516033.0,518359.0,516033.0,2155223776323755.0,4176520897.0,2026-02-19,2026-02-19,0.15,100.0,0.0,0.0,0.0,0.0,99.8333,2026-07-22,,0.0,5046584.0,0.0,,,,
2026-02-20,516015.0,518341.0,516015.0,2155147232036353.0,4176520897.0,2026-02-20,2026-02-20,0.15,100.0,0.0,0.0,0.0,0.0,99.8333,2026-07-22,,,,,,,,
2026-02-21,529903.0,532291.0,529903.0,2223008474526107.0,4195120808.0,2026-02-21,2026-02-21,0.15,99.95,0.0,0.05,0.0,0.0,99.8333,2026-07-22,,5059920.0,5164526.0,787802.0,,,,
2026-02-22,533415.0,535818.0,533415.0,2247753571463941.0,4213891885.0,2026-02-22,2026-02-22,0.15,99.83,0.0,0.13,0.0,0.04,99.8333,2026-07-22,,5100040.0,5040743.0,1271929.0,,,,
2026-02-23,529112.0,531499.0,529112.0,2229620660215643.0,4213891885.0,2026-02-23,2026-02-23,0.15,99.9,0.0,0.1,0.0,0.0,99.8333,2026-07-22,,5275000.0,5168607.0,2202655.0,,,,
2026-02-24,535039.0,537454.0,535039.0,2249569513195333.0,4204497495.0,2026-02-24,2026-02-24,0.15,99.77,0.0,0.23,0.0,0.0,99.8333,2026-07-22,,5164950.0,5280540.0,2066754.0,,,,
2026-02-25,517037.0,519366.0,517037.0,2173134885380839.0,4203054137.0,2026-02-25,2026-02-25,0.16,99.97,0.0,0.02,0.0,0.01,99.8333,2026-07-22,,5187000.0,5290707.0,834649.0,,,,
2026-02-26,517019.0,519347.0,517019.0,2173057904039333.0,4203054137.0,2026-02-26,2026-02-26,0.16,99.97,0.0,0.02,0.0,0.01,99.8333,2026-07-22,,0.0,5290707.0,0.0,,,,
2026-02-27,517000.0,519329.0,517000.0,2172980922697827.0,4203054137.0,2026-02-27,2026-02-27,0.16,99.97,0.0,0.02,0.0,0.01,99.8333,2026-07-22,,,,,,,,
2026-02-28,516982.0,519311.0,516982.0,2172903941356321.0,4203054137.0,2026-02-28,2026-02-28,0.16,99.97,0.0,0.02,0.0,0.01,99.8333,2026-07-22,,0.0,5290707.0,0.0,,,,
2026-03-01,516964.0,519293.0,516964.0,2172826960014815.0,4203054137.0,2026-03-01,2026-03-01,0.16,99.97,0.0,0.02,0.0,0.01,99.8333,2026-07-22,,0.0,5290707.0,0.0,,,,
2026-03-02,516946.0,519274.0,516946.0,2172749978673309.0,4203054137.0,2026-03-02,2026-03-02,0.16,99.97,0.0,0.02,0.0,0.01,99.8333,2026-07-22,,0.0,5290707.0,0.0,,,,
2026-03-03,516927.0,519256.0,516927.0,2172672997331803.0,4203054137.0,2026-03-03,2026-03-03,0.16,99.97,0.0,0.02,0.0,0.01,99.8333,2026-07-22,,0.0,5290707.0,0.0,,,,
2026-03-04,516909.0,519238.0,516909.0,2172596015990297.0,4203054137.0,2026-03-04,2026-03-04,0.16,99.97,0.0,0.02,0.0,0.01,99.8333,2026-07-22,,0.0,5290707.0,0.0,,,,
2026-03-05,516891.0,519219.0,516891.0,2172519034648791.0,4203054137.0,2026-03-05,2026-03-05,0.16,99.97,0.0,0.02,0.0,0.01,99.8333,2026-07-22,,0.0,5290707.0,0.0,,,,
2026-03-06,516872.0,519201.0,516872.0,2172442053307285.0,4203054137.0,2026-03-06,2026-03-06,0.16,99.96,0.0,0.03,0.0,0.01,99.8333,2026-07-22,,,,,,,,
2026-03-07,516854.0,519183.0,516854.0,2172365071965779.0,4203054137.0,2026-03-07,2026-03-07,0.16,99.96,0.0,0.03,0.0,0.01,99.8333,2026-07-22,,0.0,5290707.0,0.0,,,,
2026-03-08,516836.0,519164.0,516836.0,2172288090624273.0,4203054137.0,2026-03-08,2026-03-08,0.16,99.96,0.0,0.03,0.0,0.01,99.8333,2026-07-22,,0.0,5290707.0,0.0,,,,
2026-03-09,516817.0,519146.0,516817.0,2172211109282767.0,4203054137.0,2026-03-09,2026-03-09,0.16,99.96,0.0,0.03,0.0,0.01,99.8333,2026-07-22,,0.0,5290707.0,0.0,,,,
2026-03-10,516799.0,519128.0,516799.0,2172134127941261.0,4203054137.0,2026-03-10,2026-03-10,0.16,99.96,0.0,0.03,0.0,0.01,99.8333,2026-07-22,,0.0,5290707.0,0.0,,,,
2026-03-11,516781.0,519109.0,516781.0,2172057146599755.0,4203054137.0,2026-03-11,2026-03-11,0.16,99.96,0.0,0.03,0.0,0.01,99.8333,2026-07-22,,0.0,5290707.0,0.0,,,,
2026-03-12,516762.0,519091.0,516762.0,2171980165258249.0,4203054137.0,2026-03-12,2026-03-12,0.16,99.96,0.0,0.03,0.0,0.01,99.8333,2026-07-22,,0.0,5290707.0,0.0,,,,
2026-03-13,516744.0,519073.0,516744.0,2171903183916743.0,4203054137.0,2026-03-13,2026-03-13,0.16,99.96,0.0,0.03,0.0,0.01,99.8333,2026-07-22,,,,,,,,
2026-03-14,516726.0,519054.0,516726.0,2171826202575237.0,4203054137.0,2026-03-14,2026-03-14,0.16,99.96,0.0,0.03,0.0,0.01,99.8333,2026-07-22,,0.0,5290707.0,0.0,,,,
2026-03-15,475925.0,478073.0,475925.0,2000337196886420.0,4203054137.0,2026-03-15,2026-03-15,0.15,100.0,0.0,0.0,0.0,0.0,99.8333,2026-07-22,,4761640.0,4761640.0,9006.0,,,,
2026-03-16,440081.0,442067.0,440081.0,1849683130759826.0,4203054137.0,2026-03-16,2026-03-16,0.15,100.0,0.0,0.0,0.0,0.0,99.8333,2026-07-22,,4285480.0,4285480.0,73221.0,,,,
2026-03-17,477405.0,479558.0,477405.0,2005655625634464.0,4201164111.0,2026-03-17,2026-03-17,0.15,99.94,0.0,0.06,0.0,0.0,99.8333,2026-07-22,,4494000.0,4380501.0,341303.0,,,,
2026-03-18,509886.0,512188.0,509886.0,2141237610789246.0,4199441500.0,2026-03-18,2026-03-18,0.14,99.95,0.0,0.05,0.0,0.0,99.8333,2026-07-22,,4700000.0,4635908.0,260055.0,,,,
2026-03-19,509868.0,512169.0,509868.0,2141160493026505.0,4199441500.0,2026-03-19,2026-03-19,0.14,99.95,0.0,0.05,0.0,0.0,99.8333,2026-07-22,,0.0,4635908.0,0.0,,,,
2026-03-20,509850.0,512151.0,509850.0,2141083377802569.0,4199441500.0,2026-03-20,2026-03-20,0.14,99.95,0.0,0.05,0.0,0.0,99.8333,2026-07-22,,,,,,,,
2026-03-21,509831.0,512132.0,509831.0,2141006277016171.0,4199441500.0,2026-03-21,2026-03-21,0.14,99.95,0.0,0.05,0.0,0.0,99.8333,2026-07-22,,0.0,4635908.0,0.0,,,,
2026-03-22,509813.0,512114.0,509813.0,2140928936576108.0,4199441500.0,2026-03-22,2026-03-22,0.14,99.95,0.0,0.05,0.0,0.0,99.8333,2026-07-22,,0.0,4635908.0,0.0,,,,
2026-03-23,509794.0,512096.0,509794.0,2140851596116683.0,4199441500.0,2026-03-23,2026-03-23,0.14,99.95,0.0,0.05,0.0,0.0,99.8333,2026-07-22,,0.0,4635908.0,0.0,,,,
2026-03-24,509776.0,512077.0,509776.0,2140774255664251.0,4199441500.0,2026-03-24,2026-03-24,0.14,99.95,0.0,0.05,0.0,0.0,99.8333,2026-07-22,,0.0,4635908.0,0.0,,,,
2026-03-25,480530.0,482698.0,480530.0,2015801369449794.0,4194953618.0,2026-03-25,2026-03-25,0.15,99.88,0.0,0.12,0.0,0.0,99.8333,2026-07-22,,4528540.0,4418376.0,62140.0,,,,
2026-03-26,480512.0,482679.0,480512.0,2015724058689932.0,4194953618.0,2026-03-26,2026-03-26,0.15,99.88,0.0,0.12,0.0,0.0,99.8333,2026-07-22,,0.0,4418376.0,0.0,,,,
2026-03-27,480493.0,482661.0,480493.0,2015646747937059.0,4194953618.0,2026-03-27,2026-03-27,0.15,99.88,0.0,0.12,0.0,0.0,99.8333,2026-07-22,,,,,,,,
2026-03-28,476834.0,478984.0,476834.0,1998718186194984.0,4191646779.0,2026-03-28,2026-03-28,0.14,99.91,0.0,0.09,0.0,0.0,99.8333,2026-07-22,,4468120.0,4453834.0,146146.0,,,,
2026-03-29,466840.0,468944.0,466840.0,1953767259919590.0,4185093713.0,2026-03-29,2026-03-29,0.11,99.84,0.0,0.16,0.0,0.0,99.8333,2026-07-22,,4290210.0,4318256.0,320619.0,,,,
2026-03-30,468015.0,470125.0,468015.0,1957965671846385.0,4183551487.0,2026-03-30,2026-03-30,0.1,99.96,0.0,0.04,0.0,0.0,99.8333,2026-07-22,,4091040.0,4109548.0,341878.0,,,,
2026-03-31,484058.0,486242.0,484058.0,2023638666699635.0,4180568880.0,2026-03-31,2026-03-31,0.09,99.92,0.0,0.08,0.0,0.0,99.8333,2026-07-22,,4095980.0,4104196.0,417343.0,,,,
2026-04-01,484040.0,486224.0,484040.0,2023561455487352.0,4180568880.0,2026-04-01,2026-04-01,0.09,99.92,0.0,0.08,0.0,0.0,99.8333,2026-07-22,,0.0,4104196.0,0.0,,,,
2026-04-02,484021.0,486205.0,484021.0,2023484244282049.0,4180568880.0,2026-04-02,2026-04-02,0.09,99.92,0.0,0.08,0.0,0.0,99.8333,2026-07-22,,0.0,4104196.0,0.0,,,,
2026-04-03,484003.0,486187.0,484003.0,2023407033083728.0,4180568880.0,2026-04-03,2026-04-03,0.09,99.92,0.0,0.08,0.0,0.0,99.8333,2026-07-22,,,,,,,,
2026-04-04,488936.0,491141.0,488936.0,2044029190432919.0,4180568880.0,2026-04-04,2026-04-04,0.09,99.99,0.0,0.0,0.0,0.01,99.8333,2026-07-22,,4100080.0,4168820.0,283153.0,,,,
2026-04-05,487065.0,489261.0,487065.0,2035606459993503.0,4179335979.0,2026-04-05,2026-04-05,0.09,99.97,0.0,0.02,0.0,0.01,99.8333,2026-07-22,,4050000.0,4080807.0,140161.0,,,,
2026-04-06,490188.0,492399.0,490188.0,2046953666145018.0,4175850709.0,2026-04-06,2026-04-06,0.09,99.92,0.0,0.08,0.0,0.0,99.8333,2026-07-22,,4000300.0,3986513.0,178235.0,,,,
2026-04-07,506895.0,509181.0,506895.0,2116715769272668.0,4175850709.0,2026-04-07,2026-04-07,0.09,100.0,0.0,0.0,0.0,0.0,99.8333,2026-07-22,,4150100.0,4218353.0,392058.0,,,,
2026-04-08,500472.0,502730.0,500472.0,2089897074811157.0,4175850709.0,2026-04-08,2026-04-08,0.09,100.0,0.0,0.0,0.0,0.0,99.8333,2026-07-22,,4211120.0,4186513.0,298024.0,,,,
2026-04-09,500454.0,502712.0,500454.0,2089819856136423.0,4175850709.0,2026-04-09,2026-04-09,0.09,100.0,0.0,0.0,0.0,0.0,99.8333,2026-07-22,,0.0,4186513.0,0.0,,,,
2026-04-10,500435.0,502693.0,500435.0,2089742637468670.0,4175850709.0,2026-04-10,2026-04-10,0.09,100.0,0.0,0.0,0.0,0.0,99.8333,2026-07-22,,,,,,,,
2026-04-11,484390.0,486575.0,484390.0,2022740060711976.0,4175850709.0,2026-04-11,2026-04-11,0.09,100.0,0.0,0.0,0.0,0.0,99.8333,2026-07-22,,4091250.0,4100822.0,278504.0,,,,
2026-04-12,486558.0,488753.0,486558.0,2030793130157133.0,4173792490.0,2026-04-12,2026-04-12,0.09,99.95,0.0,0.05,0.0,0.0,99.8333,2026-07-22,,4097000.0,4112119.0,315076.0,,,,
2026-04-13,493028.0,495251.0,493028.0,2057795417826495.0,4173792490.0,2026-04-13,2026-04-13,0.09,99.97,0.0,0.03,0.0,0.0,99.8333,2026-07-22,,3994410.0,4073122.0,278059.0,,,,
2026-04-14,493008.0,495231.0,493008.0,2057713265605722.0,4173792490.0,2026-04-14,2026-04-14,0.09,99.97,0.0,0.03,0.0,0.0,99.8333,2026-07-22,,0.0,4073122.0,0.0,,,,
2026-04-15,479143.0,481304.0,479143.0,1999843474206993.0,4173792490.0,2026-04-15,2026-04-15,0.09,100.0,0.0,0.0,0.0,0.0,99.8333,2026-07-22,,3999560.0,4014084.0,425181.0,,,,
2026-04-16,479124.0,481285.0,479124.0,1999762899898198.0,4173792490.0,2026-04-16,2026-04-16,0.09,100.0,0.0,0.0,0.0,0.0,99.8333,2026-07-22,,0.0,4014084.0,0.0,,,,
2026-04-17,479104.0,481266.0,479104.0,1999682325596687.0,4173792490.0,2026-04-17,2026-04-17,0.09,100.0,0.0,0.0,0.0,0.0,99.8333,2026-07-22,,,,,,,,
2026-04-18,472913.0,475046.0,472913.0,1981407726857870.0,4189796129.0,2026-04-18,2026-04-18,0.09,100.0,0.0,0.0,0.0,0.0,99.8333,2026-07-22,,3930000.0,3962662.0,310586.0,,,,
2026-04-19,469523.0,471639.0,469523.0,1975147977877339.0,4206710938.0,2026-04-19,2026-04-19,0.09,99.89,0.0,0.11,0.0,0.0,99.8333,2026-07-22,,4013450.0,4009353.0,495369.0,,,,
2026-04-20,465882.0,467987.0,465882.0,1961930670187740.0,4211218007.0,2026-04-20,2026-04-20,0.09,99.9,0.0,0.1,0.0,0.0,99.8333,2026-07-22,,3962000.0,3996071.0,390664.0,,,,
2026-04-21,467920.0,470034.0,467920.0,1970511675511315.0,4211218007.0,2026-04-21,2026-04-21,0.09,100.0,0.0,0.0,0.0,0.0,99.8333,2026-07-22,,3988900.0,3973198.0,295245.0,,,,
2026-04-22,476299.0,478451.0,476299.0,2005796950747769.0,4211218007.0,2026-04-22,2026-04-22,0.09,100.0,0.0,0.0,0.0,0.0,99.8333,2026-07-22,,3990000.0,3980460.0,439205.0,,,,
2026-04-23,476279.0,478431.0,476279.0,2005715940841965.0,4211218007.0,2026-04-23,2026-04-23,0.09,100.0,0.0,0.0,0.0,0.0,99.8333,2026-07-22,,0.0,3980460.0,0.0,,,,
2026-04-24,476260.0,478412.0,476260.0,2005634930943485.0,4211218007.0,2026-04-24,2026-04-24,0.09,100.0,0.0,0.0,0.0,0.0,99.8333,2026-07-22,,,,,,,,
2026-04-25,470332.0,472458.0,470332.0,1982157811340316.0,4214377463.0,2026-04-25,2026-04-25,0.09,100.0,0.0,0.0,0.0,0.0,99.8333,2026-07-22,,3945510.0,3948659.0,581636.0,,,,
2026-04-26,470393.0,472517.0,470393.0,1989331688657823.0,4229086992.0,2026-04-26,2026-04-26,0.09,99.98,0.0,0.02,0.0,0.0,99.8333,2026-07-22,,4079970.0,4019837.0,773550.0,,,,
2026-04-27,495073.0,497307.0,495073.0,2103670633356742.0,4249214992.0,2026-04-27,2026-04-27,0.09,99.79,0.0,0.21,0.0,0.0,99.8333,2026-07-22,,4421820.0,4405153.0,609344.0,,,,
2026-04-28,517148.0,519484.0,517148.0,2208947459741814.0,4271401992.0,2026-04-28,2026-04-28,0.1,100.0,0.0,0.0,0.0,0.0,99.8333,2026-07-22,,4845660.0,4753458.0,1820063.0,,,,
2026-04-29,559714.0,562248.0,559714.0,2395221316742390.0,4279367992.0,2026-04-29,2026-04-29,0.09,99.74,0.0,0.26,0.0,0.0,99.8333,2026-07-22,,4864000.0,5201313.0,1398967.0,,,,
2026-04-30,559692.0,562226.0,559692.0,2395129206071226.0,4279367992.0,2026-04-30,2026-04-30,0.09,99.74,0.0,0.26,0.0,0.0,99.8333,2026-07-22,,0.0,5201313.0,0.0,,,,
2026-05-01,559671.0,562205.0,559671.0,2395037095408389.0,4279367992.0,2026-05-01,2026-05-01,0.09,99.74,0.0,0.26,0.0,0.0,99.8333,2026-07-22,,,,,,,,
2026-05-02,565198.0,567757.0,565198.0,2430139076834875.0,4299627992.0,2026-05-02,2026-05-02,0.09,100.0,0.0,0.0,0.0,0.0,99.8333,2026-07-22,,5119990.0,5263816.0,543191.0,,,,
2026-05-03,577641.0,580259.0,577641.0,2494998038337996.0,4319284992.0,2026-05-03,2026-05-03,0.09,100.0,0.0,0.0,0.0,0.0,99.8333,2026-07-22,,5320000.0,5251593.0,1135584.0,,,,
2026-05-04,568272.0,570848.0,568272.0,2464318026634142.0,4336507992.0,2026-05-04,2026-05-04,0.09,100.0,0.0,0.0,0.0,0.0,99.8333,2026-07-22,,5200090.0,5201255.0,863121.0,,,,
2026-05-05,530605.0,533008.0,530605.0,2308130225419106.0,4349999992.0,2026-05-05,2026-05-05,0.1,100.0,0.0,0.0,0.0,0.0,99.8333,2026-07-22,,5014970.0,5010528.0,435736.0,,,,
2026-05-06,533812.0,536232.0,533812.0,2322082697860506.0,4349999992.0,2026-05-06,2026-05-06,0.1,100.0,0.0,0.0,0.0,0.0,99.8333,2026-07-22,,5039990.0,4983954.0,432460.0,,,,
2026-05-07,533791.0,536211.0,533791.0,2321992140867271.0,4349999992.0,2026-05-07,2026-05-07,0.1,100.0,0.0,0.0,0.0,0.0,99.8333,2026-07-22,,0.0,4983954.0,0.0,,,,
2026-05-08,533770.0,536190.0,533770.0,2321901583882223.0,4349999992.0,2026-05-08,2026-05-08,0.1,100.0,0.0,0.0,0.0,0.0,99.8333,2026-07-22,,,,,,,,
2026-05-09,533944.0,536364.0,533944.0,2322657782356095.0,4349999992.0,2026-05-09,2026-05-09,0.1,100.0,0.0,0.0,0.0,0.0,99.8333,2026-07-22,,5169650.0,5125284.0,1073435.0,,,,
2026-05-10,534841.0,537260.0,534841.0,2353353178017103.0,4400098992.0,2026-05-10,2026-05-10,0.09,100.0,0.0,0.0,0.0,0.0,99.8333,2026-07-22,,5041110.0,5108185.0,1076995.0,,,,
2026-05-11,553446.0,555955.0,553446.0,2452061716190826.0,4430532992.0,2026-05-11,2026-05-11,0.09,100.0,0.0,0.0,0.0,0.0,99.8333,2026-07-22,,5150800.0,5154645.0,707246.0,,,,
2026-05-12,543589.0,546054.0,543589.0,2421690900474431.0,4454999992.0,2026-05-12,2026-05-12,0.09,99.98,0.0,0.02,0.0,0.0,99.8333,2026-07-22,,5200000.0,5278522.0,1309987.0,,,,
2026-05-13,539708.0,542153.0,539708.0,2419331616964819.0,4482664992.0,2026-05-13,2026-05-13,0.11,100.0,0.0,0.0,0.0,0.0,99.8333,2026-07-22,,5805000.0,5689789.0,2348816.0,,,,
2026-05-14,539687.0,542132.0,539687.0,2419237648674445.0,4482664992.0,2026-05-14,2026-05-14,0.11,100.0,0.0,0.0,0.0,0.0,99.8333,2026-07-22,,0.0,5689789.0,0.0,,,,
2026-05-15,539666.0,542111.0,539666.0,2419143680392566.0,4482664992.0,2026-05-15,2026-05-15,0.11,100.0,0.0,0.0,0.0,0.0,99.8333,2026-07-22,,,,,,,,
2026-05-16,532420.0,534836.0,532420.0,2401392970886660.0,4510334992.0,2026-05-16,2026-05-16,0.1,100.0,0.0,0.0,0.0,0.0,99.8333,2026-07-22,,5424990.0,5363330.0,2067557.0,,,,
2026-05-17,530358.0,532765.0,530358.0,2406970978019731.0,4538390992.0,2026-05-17,2026-05-17,0.1,100.0,0.0,0.0,0.0,0.0,99.8333,2026-07-22,,5446990.0,5423528.0,1289378.0,,,,
2026-05-18,517516.0,519865.0,517516.0,2359874491658801.0,4559999992.0,2026-05-18,2026-05-18,0.1,99.91,0.0,0.09,0.0,0.0,99.8333,2026-07-22,,5420470.0,5450359.0,1222478.0,,,,
2026-05-19,516442.0,518787.0,516442.0,2370244698279413.0,4589566992.0,2026-05-19,2026-05-19,0.1,100.0,0.0,0.0,0.0,0.0,99.8333,2026-07-22,,5288910.0,5379244.0,1583006.0,,,,
2026-05-20,524463.0,526844.0,524463.0,2415949542530714.0,4606523992.0,2026-05-20,2026-05-20,0.1,100.0,0.0,0.0,0.0,0.0,99.8333,2026-07-22,,5272080.0,5244594.0,1032806.0,,,,
2026-05-21,524442.0,526823.0,524442.0,2415854860308826.0,4606523992.0,2026-05-21,2026-05-21,0.1,100.0,0.0,0.0,0.0,0.0,99.8333,2026-07-22,,0.0,5244594.0,0.0,,,,
2026-05-22,524421.0,526803.0,524421.0,2415760178252584.0,4606523992.0,2026-05-22,2026-05-22,0.1,100.0,0.0,0.0,0.0,0.0,99.8333,2026-07-22,,,,,,,,
2026-05-23,513896.0,516230.0,513896.0,2373260054447642.0,4618172992.0,2026-05-23,2026-05-23,0.09,99.77,0.0,0.23,0.0,0.0,99.8333,2026-07-22,,5083000.0,5130526.0,950688.0,,,,
2026-05-24,485305.0,487508.0,485305.0,2247109904856965.0,4630307992.0,2026-05-24,2026-05-24,0.1,100.0,0.0,0.0,0.0,0.0,99.8333,2026-07-22,,4980150.0,4777316.0,1756159.0,,,,
2026-05-25,494607.0,496851.0,494607.0,2294924081503458.0,4639892992.0,2026-05-25,2026-05-25,0.1,99.78,0.0,0.22,0.0,0.0,99.8333,2026-07-22,,4990000.0,5010879.0,2871562.0,,,,
2026-05-26,491971.0,494202.0,491971.0,2284180122278902.0,4642917992.0,2026-05-26,2026-05-26,0.1,99.84,0.0,0.16,0.0,0.0,99.8333,2026-07-22,,4949970.0,4957324.0,1542433.0,,,,
2026-05-27,491951.0,494182.0,491951.0,2284088932795886.0,4642917992.0,2026-05-27,2026-05-27,0.1,99.84,0.0,0.16,0.0,0.0,99.8333,2026-07-22,,0.0,4957324.0,0.0,,,,
2026-05-28,491932.0,494163.0,491932.0,2283997743321115.0,4642917992.0,2026-05-28,2026-05-28,0.1,99.84,0.0,0.16,0.0,0.0,99.8333,2026-07-22,,0.0,4957324.0,0.0,,,,
2026-05-29,491912.0,494143.0,491912.0,2283906553854588.0,4642917992.0,2026-05-29,2026-05-29,0.1,99.84,0.0,0.16,0.0,0.0,99.8333,2026-07-22,,,,,,,,
2026-05-30,486587.0,488795.0,486587.0,2260174009705194.0,4644954992.0,2026-05-30,2026-05-30,0.09,99.95,0.0,0.05,0.0,0.0,99.8333,2026-07-22,,4835240.0,4903754.0,2253833.0,,,,
2026-05-31,492135.0,494369.0,492135.0,2286944275077025.0,4646986992.0,2026-05-31,2026-05-31,0.09,100.0,0.0,0.0,0.0,0.0,99.8333,2026-07-22,,4820000.0,4820423.0,1488252.0,,,,
2026-06-01,505415.0,507708.0,505415.0,2351661731986126.0,4652931992.0,2026-06-01,2026-06-01,0.09,99.96,0.0,0.04,0.0,0.0,99.8333,2026-07-22,,5037000.0,4938492.0,1244434.0,,,,
2026-06-02,501108.0,503382.0,501108.0,2337529523360704.0,4664719992.0,2026-06-02,2026-06-02,0.09,100.0,0.0,0.0,0.0,0.0,99.8333,2026-07-22,,5000000.0,5010344.0,1439278.0,,,,
2026-06-03,499522.0,501790.0,499522.0,2330271803867304.0,4664999992.0,2026-06-03,2026-06-03,0.09,100.0,0.0,0.0,0.0,0.0,99.8333,2026-07-22,,4974760.0,4974563.0,377329.0,,,,
2026-06-04,499503.0,501770.0,499503.0,2330179160348639.0,4664999992.0,2026-06-04,2026-06-04,0.09,100.0,0.0,0.0,0.0,0.0,99.8333,2026-07-22,,0.0,4974563.0,0.0,,,,
2026-06-05,499483.0,501750.0,499483.0,2330086516838350.0,4664999992.0,2026-06-05,2026-06-05,0.09,100.0,0.0,0.0,0.0,0.0,99.8333,2026-07-22,,,,,,,,
2026-06-06,487100.0,489311.0,487100.0,2272320051243352.0,4664999992.0,2026-06-06,2026-06-06,0.09,100.0,0.0,0.0,0.0,0.0,99.8333,2026-07-22,,4520000.0,4538665.0,1199094.0,,,,
2026-06-07,501107.0,503382.0,501107.0,2337663008076260.0,4664999992.0,2026-06-07,2026-06-07,0.09,100.0,0.0,0.0,0.0,0.0,99.8333,2026-07-22,,4800000.0,4592216.0,1279875.0,,,,
2026-06-08,494376.0,496621.0,494376.0,2306265038157164.0,4664999992.0,2026-06-08,2026-06-08,0.09,100.0,0.0,0.0,0.0,0.0,99.8333,2026-07-22,,4630010.0,4574142.0,902999.0,,,,
2026-06-09,488528.0,490745.0,488528.0,2278982339889122.0,4664999992.0,2026-06-09,2026-06-09,0.09,100.0,0.0,0.0,0.0,0.0,99.8333,2026-07-22,,4628000.0,4678571.0,812763.0,,,,
2026-06-10,486548.0,488757.0,486548.0,2269748586070215.0,4664999992.0,2026-06-10,2026-06-10,0.09,100.0,0.0,0.0,0.0,0.0,99.8333,2026-07-22,,4390000.0,4447005.0,750568.0,,,,
2026-06-11,486529.0,488737.0,486529.0,2269657597357316.0,4664999992.0,2026-06-11,2026-06-11,0.09,100.0,0.0,0.0,0.0,0.0,99.8333,2026-07-22,,0.0,4447005.0,0.0,,,,
2026-06-12,486509.0,488718.0,486509.0,2269566608652643.0,4664999992.0,2026-06-12,2026-06-12,0.09,100.0,0.0,0.0,0.0,0.0,99.8333,2026-07-22,,,,,,,,
2026-06-13,465590.0,467704.0,465590.0,2171976854832159.0,4664999992.0,2026-06-13,2026-06-13,0.08,100.0,0.0,0.0,0.0,0.0,99.8333,2026-07-22,,4002350.0,4163228.0,458564.0,,,,
2026-06-14,468813.0,470942.0,468813.0,2187012689541309.0,4664999992.0,2026-06-14,2026-06-14,0.08,100.0,0.0,0.0,0.0,0.0,99.8333,2026-07-22,,4195860.0,4173463.0,1048695.0,,,,
2026-06-15,454813.0,456880.0,454813.0,2121700888018482.0,4664999992.0,2026-06-15,2026-06-15,0.09,100.0,0.0,0.0,0.0,0.0,99.8333,2026-07-22,,4089950.0,4109812.0,897771.0,,,,
2026-06-16,432298.0,434263.0,432298.0,2016670340338588.0,4664999992.0,2026-06-16,2026-06-16,0.08,100.0,0.0,0.0,0.0,0.0,99.8333,2026-07-22,,3874940.0,3925158.0,717985.0,,,,
2026-06-17,437407.0,439393.0,437407.0,2040501747044990.0,4664999992.0,2026-06-17,2026-06-17,0.08,100.0,0.0,0.0,0.0,0.0,99.8333,2026-07-22,,3890000.0,3966128.0,971661.0,,,,
2026-06-18,437388.0,439375.0,437388.0,2040417051287595.0,4664999992.0,2026-06-18,2026-06-18,0.08,100.0,0.0,0.0,0.0,0.0,99.8333,2026-07-22,,0.0,3966128.0,0.0,,,,
2026-06-19,437370.0,439357.0,437370.0,2040332355537857.0,4664999992.0,2026-06-19,2026-06-19,0.08,100.0,0.0,0.0,0.0,0.0,99.8333,2026-07-22,,,,,,,,
2026-06-20,447014.0,449045.0,447014.0,2085321352201121.0,4664999992.0,2026-06-20,2026-06-20,0.08,100.0,0.0,0.0,0.0,0.0,99.8333,2026-07-22,,3856910.0,3884324.0,753533.0,,,,
2026-06-21,430770.0,432727.0,430770.0,2009542206968393.0,4664999992.0,2026-06-21,2026-06-21,0.08,100.0,0.0,0.0,0.0,0.0,99.8333,2026-07-22,,3645000.0,3725521.0,303096.0,,,,
2026-06-22,430741.0,432697.0,430741.0,2009406846325525.0,4664999992.0,2026-06-22,2026-06-22,0.08,100.0,0.0,0.0,0.0,0.0,99.8333,2026-07-22,,3748900.0,3749004.0,560384.0,,,,
2026-06-23,430351.0,432305.0,430351.0,2007585865093614.0,4664999992.0,2026-06-23,2026-06-23,0.08,100.0,0.0,0.0,0.0,0.0,99.8333,2026-07-22,,3700000.0,3686776.0,559425.0,,,,
2026-06-24,430333.0,432287.0,430333.0,2007502067500365.0,4664999992.0,2026-06-24,2026-06-24,0.08,100.0,0.0,0.0,0.0,0.0,99.8333,2026-07-22,,0.0,3686776.0,0.0,,,,
2026-06-25,430315.0,432269.0,430315.0,2007418269914691.0,4664999992.0,2026-06-25,2026-06-25,0.08,100.0,0.0,0.0,0.0,0.0,99.8333,2026-07-22,,0.0,3686776.0,0.0,,,,
2026-06-26,430297.0,432251.0,430297.0,2007334472336594.0,4664999992.0,2026-06-26,2026-06-26,0.08,100.0,0.0,0.0,0.0,0.0,99.8333,2026-07-22,,,,,,,,
2026-06-27,440958.0,442962.0,440958.0,2057069131347364.0,4664999992.0,2026-06-27,2026-06-27,0.08,100.0,0.0,0.0,0.0,0.0,99.8333,2026-07-22,,3660000.0,3673135.0,471700.0,,,,
2026-06-28,460889.0,462982.0,460889.0,2150049312706204.0,4664999992.0,2026-06-28,2026-06-28,0.08,100.0,0.0,0.0,0.0,0.0,99.8333,2026-07-22,,3689990.0,3702618.0,898531.0,,,,
2026-06-29,451095.0,453144.0,451095.0,2104358772056712.0,4664999992.0,2026-06-29,2026-06-29,0.07,100.0,0.0,0.0,0.0,0.0,99.8333,2026-07-22,,3560000.0,3590396.0,870599.0,,,,
2026-06-30,455185.0,457253.0,455185.0,2123438245662912.0,4664999992.0,2026-06-30,2026-06-30,0.07,100.0,0.0,0.0,0.0,0.0,99.8333,2026-07-22,,3540000.0,3566028.0,600032.0,,,,
2026-07-01,467361.0,469485.0,467361.0,2180240485072325.0,4664999992.0,2026-07-01,2026-07-01,0.07,100.0,0.0,0.0,0.0,0.0,99.8333,2026-07-22,,3650000.0,3647673.0,1054139.0,,,,
2026-07-02,467343.0,469466.0,467343.0,2180153316059734.0,4664999992.0,2026-07-02,2026-07-02,0.07,100.0,0.0,0.0,0.0,0.0,99.8333,2026-07-22,,0.0,3647673.0,0.0,,,,
2026-07-03,467324.0,469447.0,467324.0,2180066147055025.0,4664999992.0,2026-07-03,2026-07-03,0.07,100.0,0.0,0.0,0.0,0.0,99.8333,2026-07-22,,,,,,,,
2026-07-04,467305.0,469429.0,467305.0,2179978978058196.0,4664999992.0,2026-07-04,2026-07-04,0.07,100.0,0.0,0.0,0.0,0.0,99.8333,2026-07-22,,0.0,3647673.0,0.0,,,,
2026-07-05,467287.0,469410.0,467287.0,2179891809069249.0,4664999992.0,2026-07-05,2026-07-05,0.07,100.0,0.0,0.0,0.0,0.0,99.8333,2026-07-22,,0.0,3647673.0,0.0,,,,
2026-07-06,467268.0,469391.0,467268.0,2179804640088182.0,4664999992.0,2026-07-06,2026-07-06,0.07,100.0,0.0,0.0,0.0,0.0,99.8333,2026-07-22,,0.0,3647673.0,0.0,,,,
2026-07-07,480633.0,482811.0,480633.0,2242152557825494.0,4664999992.0,2026-07-07,2026-07-07,0.07,99.69,0.0,0.31,0.0,0.0,99.8333,2026-07-22,,3780000.0,3784848.0,543333.0,,,,
2026-07-08,489243.0,491460.0,489243.0,2282319950610664.0,4664999992.0,2026-07-08,2026-07-08,0.07,99.91,0.0,0.0,0.0,0.09,99.8333,2026-07-22,,3790430.0,3821600.0,454404.0,,,,
2026-07-09,489224.0,491441.0,489224.0,2282231374471005.0,4664999992.0,2026-07-09,2026-07-09,0.07,99.91,0.0,0.0,0.0,0.09,99.8333,2026-07-22,,0.0,3821600.0,0.0,,,,
2026-07-10,489205.0,491422.0,489205.0,2282142798339354.0,4664999992.0,2026-07-10,2026-07-10,0.07,99.91,0.0,0.0,0.0,0.09,99.8333,2026-07-22,,,,,,,,
2026-07-11,477433.0,479598.0,477433.0,2227224062318398.0,4664999992.0,2026-07-11,2026-07-11,0.07,100.0,0.0,0.0,0.0,0.0,99.8333,2026-07-22,,3687340.0,3682714.0,538358.0,,,,
2026-07-12,478896.0,481067.0,478896.0,2234051105340036.0,4664999992.0,2026-07-12,2026-07-12,0.07,100.0,0.0,0.0,0.0,0.0,99.8333,2026-07-22,,3710000.0,3688920.0,1059609.0,,,,
2026-07-13,481164.0,483346.0,481164.0,2244628799216249.0,4664999992.0,2026-07-13,2026-07-13,0.07,100.0,0.0,0.0,0.0,0.0,99.8333,2026-07-22,,3704700.0,3685692.0,995056.0,,,,
2026-07-14,488823.0,491041.0,488823.0,2280361461892606.0,4664999992.0,2026-07-14,2026-07-14,0.07,100.0,0.0,0.0,0.0,0.0,99.8333,2026-07-22,,,,,,,,
,,,,,,2026-07-15,2026-07-15,0.07,100.0,0.0,0.0,0.0,0.0,99.8333,2026-07-22,,,,,,,,
,,,,,,2026-07-16,2026-07-16,0.07,100.0,0.0,0.0,0.0,0.0,99.8333,2026-07-22,,,,,,,,
2026-07-17,502602.0,504882.0,502602.0,2344638570814731.0,4664999992.0,2026-07-17,2026-07-17,0.07,100.0,0.0,0.0,0.0,0.0,99.8333,2026-07-22,,,,,,,,
,,,,,,2026-07-18,2026-07-18,0.07,100.0,0.0,0.0,0.0,0.0,99.8333,2026-07-22,,,,,,,,
