تاریخ_nav,قیمت ابطال,قیمت صدور,قیمت آماری,ارزش خالص دارایی‌ها,تعداد واحدهای سرمایه‌گذاری شده,date_greg,تاریخ_comp,پنج نماد برتر (%),سهام (%),اوراق (%),سایر (%),نقد (%),سپرده (%),gold_legs_weight_pct,legs_as_of,reconciled_total_pct,silverbar_last_price,silverbar_settlement_price,silverbar_trades_volume,usdt_open,usdt_close,usdt_high,usdt_low
2024-03-03,25978.0,26012.0,25978.0,21008693236638.0,827693000.0,2024-03-03,2024-03-03,0.0,0.0,0.0,0.26,0.0,0.15,99.33709999999999,2026-06-21,,,,,,,,
2024-03-04,26574.0,26609.0,26574.0,21506923011700.0,828293000.0,2024-03-04,2024-03-04,0.0,0.0,0.0,0.33,0.0,0.15,99.33709999999999,2026-06-21,,,,,,,,
2024-03-05,27445.0,27481.0,27445.0,22260615817790.0,830093000.0,2024-03-05,2024-03-05,0.0,0.0,0.0,0.6,0.0,0.08,99.33709999999999,2026-06-21,,,,,,,,
2024-03-06,27353.0,27389.0,27353.0,22271295332469.0,833193000.0,2024-03-06,2024-03-06,0.0,0.0,0.0,1.02,0.0,0.07,99.33709999999999,2026-06-21,,,,,,,,
2024-03-07,27410.0,27446.0,27410.0,22317621115330.0,833193000.0,2024-03-07,2024-03-07,0.0,0.0,0.0,1.01,0.0,0.07,99.33709999999999,2026-06-21,,,,,,,,
2024-03-08,27409.0,27445.0,27409.0,22316982139057.0,833193000.0,2024-03-08,2024-03-08,0.0,0.0,0.0,1.01,0.0,0.07,99.33709999999999,2026-06-21,,,,,,,,
2024-03-09,27778.0,27814.0,27778.0,23031184970879.0,848093000.0,2024-03-09,2024-03-09,0.0,0.0,0.0,1.84,0.0,0.48,99.33709999999999,2026-06-21,,,,,,,,
2024-03-10,27100.0,27136.0,27100.0,22458150383960.0,847693000.0,2024-03-10,2024-03-10,0.0,0.0,0.0,0.27,0.0,1.25,99.33709999999999,2026-06-21,,,,,,,,
2024-03-11,27205.0,27241.0,27205.0,22754827296205.0,855393000.0,2024-03-11,2024-03-11,0.0,0.0,0.26,1.48,0.0,0.09,99.33709999999999,2026-06-21,,,,,,,,
2024-03-12,27124.0,27159.0,27124.0,22691771957244.0,855593000.0,2024-03-12,2024-03-12,0.0,0.0,0.38,0.44,0.0,1.01,99.33709999999999,2026-06-21,,,,,,,,
2024-03-13,26914.0,26949.0,26914.0,22527243483304.0,855993000.0,2024-03-13,2024-03-13,0.0,0.0,0.38,0.58,0.0,0.93,99.33709999999999,2026-06-21,,,,,,,,
2024-03-14,27050.0,27085.0,27050.0,22640732154388.0,855993000.0,2024-03-14,2024-03-14,0.0,0.0,0.38,0.57,0.0,0.92,99.33709999999999,2026-06-21,,,,,,,,
2024-03-15,27049.0,27084.0,27049.0,22640087366919.0,855993000.0,2024-03-15,2024-03-15,0.0,0.0,0.38,0.57,0.0,0.92,99.33709999999999,2026-06-21,,,,,,,,
2024-03-16,27447.0,27482.0,27447.0,23011433606977.0,857393000.0,2024-03-16,2024-03-16,0.0,0.0,0.37,0.68,0.0,0.95,99.33709999999999,2026-06-21,,,,,,,,
2024-03-17,27863.0,27899.0,27863.0,23494689893477.0,862193000.0,2024-03-17,2024-03-17,0.0,0.0,0.38,1.07,0.0,1.1,99.33709999999999,2026-06-21,,,,,,,,
2024-03-18,28489.0,28526.0,28489.0,24022380276386.0,862193000.0,2024-03-18,2024-03-18,0.0,0.0,0.37,0.5,0.0,1.62,99.33709999999999,2026-06-21,,,,,,,,
2024-03-19,28488.0,28525.0,28488.0,24021695729692.0,862193000.0,2024-03-19,2024-03-19,0.0,0.0,0.37,0.5,0.0,1.62,99.33709999999999,2026-06-21,,,,,,,,
2024-03-20,28488.0,28525.0,28488.0,24021010970544.0,862193000.0,2024-03-20,2024-03-20,0.0,0.0,0.37,0.5,0.0,1.62,99.33709999999999,2026-06-21,,,,,,,,
2024-03-21,28487.0,28524.0,28487.0,24020326720626.0,862193000.0,2024-03-21,2024-03-21,0.0,0.0,0.37,0.5,0.0,1.62,99.33709999999999,2026-06-21,,,,,,,,
2024-03-22,28486.0,28523.0,28486.0,24019642470708.0,862193000.0,2024-03-22,2024-03-22,0.0,0.0,0.37,0.5,0.0,1.62,99.33709999999999,2026-06-21,,,,,,,,
2024-03-23,28485.0,28522.0,28485.0,24018958220790.0,862193000.0,2024-03-23,2024-03-23,0.0,0.0,0.37,0.5,0.0,1.62,99.33709999999999,2026-06-21,,,,,,,,
2024-03-24,29106.0,29144.0,29106.0,24653138284356.0,865993000.0,2024-03-24,2024-03-24,0.0,0.0,0.36,0.49,0.0,2.03,99.33709999999999,2026-06-21,,,,,,,,
2024-03-25,28932.0,28969.0,28932.0,24945457139544.0,881193000.0,2024-03-25,2024-03-25,0.0,0.0,0.36,3.02,0.0,0.81,99.33709999999999,2026-06-21,,,,,,,,
2024-03-26,28879.0,28915.0,28879.0,25017772243403.0,885293000.0,2024-03-26,2024-03-26,0.0,0.0,0.36,2.13,0.0,2.16,99.33709999999999,2026-06-21,,,,,,,,
2024-03-27,28882.0,28918.0,28882.0,25020499578477.0,885293000.0,2024-03-27,2024-03-27,0.0,0.0,0.36,1.98,0.0,2.16,99.33709999999999,2026-06-21,,,,,,,,
2024-03-28,28974.0,29010.0,28974.0,25100062058112.0,885293000.0,2024-03-28,2024-03-28,0.0,0.0,0.36,1.46,0.0,2.15,99.33709999999999,2026-06-21,,,,,,,,
2024-03-29,28973.0,29009.0,28973.0,25099349277488.0,885293000.0,2024-03-29,2024-03-29,0.0,0.0,0.36,1.46,0.0,2.15,99.33709999999999,2026-06-21,,,,,,,,
2024-03-30,29305.0,29342.0,29305.0,25387286148172.0,885293000.0,2024-03-30,2024-03-30,0.0,0.0,0.35,1.18,0.0,2.13,99.33709999999999,2026-06-21,,,,,,,,
2024-03-31,29304.0,29342.0,29304.0,25386560318731.0,885293000.0,2024-03-31,2024-03-31,0.0,0.0,0.35,1.18,0.0,2.13,99.33709999999999,2026-06-21,,,,,,,,
2024-04-01,29303.0,29341.0,29303.0,25385834489290.0,885293000.0,2024-04-01,2024-04-01,0.0,0.0,0.35,1.18,0.0,2.13,99.33709999999999,2026-06-21,,,,,,,,
2024-04-02,30604.0,30643.0,30604.0,26512034286434.0,885293000.0,2024-04-02,2024-04-02,0.0,0.0,0.34,1.05,0.0,2.04,99.33709999999999,2026-06-21,,,,,,,,
2024-04-03,31354.0,31394.0,31354.0,27161946136482.0,885293000.0,2024-04-03,2024-04-03,0.0,0.0,0.33,1.69,0.0,1.08,99.33709999999999,2026-06-21,,,,,,,,
2024-04-04,31874.0,31914.0,31874.0,27612767921739.0,885293000.0,2024-04-04,2024-04-04,0.0,0.0,0.32,1.42,0.0,1.07,99.33709999999999,2026-06-21,,,,,,,,
2024-04-05,31873.0,31914.0,31873.0,27611990831872.0,885293000.0,2024-04-05,2024-04-05,0.0,0.0,0.32,1.42,0.0,1.07,99.33709999999999,2026-06-21,,,,,,,,
2024-04-06,32362.0,32403.0,32362.0,28035466433105.0,885293000.0,2024-04-06,2024-04-06,0.0,0.0,0.32,1.26,0.0,1.05,99.33709999999999,2026-06-21,,,,,,,,
2024-04-07,31480.0,31520.0,31480.0,27268295439439.0,885193000.0,2024-04-07,2024-04-07,0.0,0.0,0.33,1.16,0.0,1.08,99.33709999999999,2026-06-21,,,,,,,,
2024-04-08,30822.0,30860.0,30822.0,26962892296635.0,893793000.0,2024-04-08,2024-04-08,0.0,0.0,0.33,3.06,0.0,0.06,99.33709999999999,2026-06-21,,,,,,,,
2024-04-09,31992.0,32032.0,31992.0,28383756304139.0,906193000.0,2024-04-09,2024-04-09,0.0,0.0,0.32,3.37,0.0,0.98,99.33709999999999,2026-06-21,,,,,,,,
2024-04-10,31991.0,32031.0,31991.0,28382951458814.0,906193000.0,2024-04-10,2024-04-10,0.0,0.0,0.32,3.37,0.0,0.98,99.33709999999999,2026-06-21,,,,,,,,
2024-04-11,31990.0,32030.0,31990.0,28382146613489.0,906193000.0,2024-04-11,2024-04-11,0.0,0.0,0.32,3.37,0.0,0.98,99.33709999999999,2026-06-21,,,,,,,,
2024-04-12,31990.0,32029.0,31990.0,28381341961492.0,906193000.0,2024-04-12,2024-04-12,0.0,0.0,0.32,3.37,0.0,0.98,99.33709999999999,2026-06-21,,,,,,,,
2024-04-13,33487.0,33529.0,33487.0,29710266529725.0,906193000.0,2024-04-13,2024-04-13,0.0,0.0,0.3,3.94,0.0,0.05,99.33709999999999,2026-06-21,,,,,,,,
2024-04-14,33073.0,33114.0,33073.0,29342233676461.0,906193000.0,2024-04-14,2024-04-14,0.0,0.0,0.31,3.99,0.0,0.05,99.33709999999999,2026-06-21,,,,,,,,
2024-04-15,32297.0,32337.0,32297.0,28653771928696.0,906193000.0,2024-04-15,2024-04-15,0.0,0.0,0.05,3.92,0.0,0.05,99.33709999999999,2026-06-21,,,,,,,,
2024-04-16,32939.0,32979.0,32939.0,29302531404642.0,908593000.0,2024-04-16,2024-04-16,0.0,0.0,0.4,1.97,0.0,0.06,99.33709999999999,2026-06-21,,,,,,,,
2024-04-17,33703.0,33744.0,33703.0,30285977139718.0,917593000.0,2024-04-17,2024-04-17,0.0,0.0,0.34,2.4,0.0,0.15,99.33709999999999,2026-06-21,,,,,,,,
2024-04-18,33703.0,33744.0,33703.0,30285882734420.0,917593000.0,2024-04-18,2024-04-18,0.0,0.0,0.34,1.26,0.0,0.15,99.33709999999999,2026-06-21,,,,,,,,
2024-04-19,33670.0,33711.0,33670.0,30256124622916.0,917593000.0,2024-04-19,2024-04-19,0.0,0.0,0.34,1.17,0.0,0.15,99.33709999999999,2026-06-21,,,,,,,,
2024-04-20,32166.0,32205.0,32166.0,28914248466724.0,917893000.0,2024-04-20,2024-04-20,0.0,0.0,0.24,0.06,0.0,0.16,99.33709999999999,2026-06-21,,,,,,,,
2024-04-21,32383.0,32422.0,32383.0,29108934577612.0,917893000.0,2024-04-21,2024-04-21,0.0,0.0,0.17,0.03,0.0,0.22,99.33709999999999,2026-06-21,,,,,,,,
2024-04-22,31975.0,32014.0,31975.0,28742559257042.0,917893000.0,2024-04-22,2024-04-22,0.0,0.0,0.16,0.02,0.0,0.22,99.33709999999999,2026-06-21,,,,,,,,
2024-04-23,31273.0,31311.0,31273.0,28111543165149.0,917893000.0,2024-04-23,2024-04-23,0.0,0.0,0.16,0.02,0.0,0.23,99.33709999999999,2026-06-21,,,,,,,,
2024-04-24,31020.0,31058.0,31020.0,27884375995217.0,917893000.0,2024-04-24,2024-04-24,0.0,0.0,0.16,0.02,0.0,0.23,99.33709999999999,2026-06-21,,,,,,,,
2024-04-25,30958.0,30996.0,30958.0,27828422925212.0,917893000.0,2024-04-25,2024-04-25,0.0,0.0,0.16,0.02,0.0,0.23,99.33709999999999,2026-06-21,,,,,,,,
2024-04-26,30957.0,30995.0,30957.0,27827615109131.0,917893000.0,2024-04-26,2024-04-26,0.0,0.0,0.16,0.02,0.0,0.23,99.33709999999999,2026-06-21,,,,,,,,
2024-04-27,30487.0,30524.0,30487.0,27404795816379.0,917893000.0,2024-04-27,2024-04-27,0.0,0.0,0.0,0.2,0.0,0.06,99.33709999999999,2026-06-21,,,,,,,,
2024-04-28,30487.0,30524.0,30487.0,27648530097111.0,925893000.0,2024-04-28,2024-04-28,0.0,0.0,0.0,0.9,0.0,0.06,99.33709999999999,2026-06-21,,,,,,,,
2024-04-29,31060.0,31098.0,31060.0,28709414788641.0,943293000.0,2024-04-29,2024-04-29,0.0,0.0,0.06,2.49,0.0,0.06,99.33709999999999,2026-06-21,,,,,,,,
2024-04-30,31391.0,31429.0,31391.0,29075048962807.0,945193000.0,2024-04-30,2024-04-30,0.0,0.0,0.48,1.54,0.0,0.06,99.33709999999999,2026-06-21,,,,,,,,
2024-05-01,30732.0,30770.0,30732.0,28464394563886.0,945193000.0,2024-05-01,2024-05-01,0.0,0.0,0.59,0.97,0.0,0.27,99.33709999999999,2026-06-21,,,,,,,,
2024-05-02,30726.0,30764.0,30726.0,28459051210752.0,945193000.0,2024-05-02,2024-05-02,0.0,0.0,0.59,0.66,0.0,0.27,99.33709999999999,2026-06-21,,,,,,,,
2024-05-03,30726.0,30763.0,30726.0,28458238019285.0,945193000.0,2024-05-03,2024-05-03,0.0,0.0,0.59,0.66,0.0,0.27,99.33709999999999,2026-06-21,,,,,,,,
2024-05-04,30725.0,30762.0,30725.0,28457417030211.0,945193000.0,2024-05-04,2024-05-04,0.0,0.0,0.59,0.66,0.0,0.27,99.33709999999999,2026-06-21,,,,,,,,
2024-05-05,30036.0,30073.0,30036.0,27834773853337.0,945693000.0,2024-05-05,2024-05-05,0.0,0.0,0.59,0.07,0.0,0.27,99.33709999999999,2026-06-21,,,,,,,,
2024-05-06,30870.0,30907.0,30870.0,28853992481815.0,953693000.0,2024-05-06,2024-05-06,0.0,0.0,0.57,0.86,0.0,0.05,99.33709999999999,2026-06-21,,,,,,,,
2024-05-07,30453.0,30490.0,30453.0,28464398158541.0,953693000.0,2024-05-07,2024-05-07,0.0,0.0,0.49,0.04,0.0,0.06,99.33709999999999,2026-06-21,,,,,,,,
2024-05-08,30397.0,30435.0,30397.0,28461317159901.0,955293000.0,2024-05-08,2024-05-08,0.0,0.0,0.49,0.19,0.0,0.06,99.33709999999999,2026-06-21,,,,,,,,
2024-05-09,30396.0,30433.0,30396.0,28459662338512.0,955293000.0,2024-05-09,2024-05-09,0.0,0.0,0.49,0.19,0.0,0.06,99.33709999999999,2026-06-21,,,,,,,,
2024-05-10,30394.0,30432.0,30394.0,28458369381248.0,955293000.0,2024-05-10,2024-05-10,0.0,0.0,0.49,0.19,0.0,0.06,99.33709999999999,2026-06-21,,,,,,,,
2024-05-11,30296.0,30334.0,30296.0,28366544653253.0,955293000.0,2024-05-11,2024-05-11,0.0,0.0,0.3,0.05,0.0,0.06,99.33709999999999,2026-06-21,,,,,,,,
2024-05-12,30111.0,30148.0,30111.0,28192809618583.0,955293000.0,2024-05-12,2024-05-12,0.0,0.0,0.31,0.05,0.0,0.06,99.33709999999999,2026-06-21,,,,,,,,
2024-05-13,29705.0,29741.0,29705.0,27934593042051.0,959393000.0,2024-05-13,2024-05-13,0.0,0.0,0.27,0.45,0.0,0.06,99.33709999999999,2026-06-21,,,,,,,,
2024-05-14,29644.0,29681.0,29644.0,27954989362418.0,961993000.0,2024-05-14,2024-05-14,0.0,0.0,0.47,0.29,0.0,0.06,99.33709999999999,2026-06-21,,,,,,,,
2024-05-15,29720.0,29757.0,29720.0,28047429027685.0,962693000.0,2024-05-15,2024-05-15,0.0,0.0,0.47,0.17,0.0,0.05,99.33709999999999,2026-06-21,,,,,,,,
2024-05-16,29622.0,29658.0,29622.0,27954121645973.0,962693000.0,2024-05-16,2024-05-16,0.0,0.0,0.47,0.17,0.0,0.05,99.33709999999999,2026-06-21,,,,,,,,
2024-05-17,29621.0,29657.0,29621.0,27953151849213.0,962693000.0,2024-05-17,2024-05-17,0.0,0.0,0.47,0.17,0.0,0.05,99.33709999999999,2026-06-21,,,,,,,,
2024-05-18,29390.0,29426.0,29390.0,27797044625713.0,964793000.0,2024-05-18,2024-05-18,0.0,0.0,0.47,0.24,0.0,0.05,99.33709999999999,2026-06-21,,,,,,,,
2024-05-19,29437.0,29474.0,29437.0,28104008226057.0,973693000.0,2024-05-19,2024-05-19,0.0,0.0,0.46,0.94,0.0,0.07,99.33709999999999,2026-06-21,,,,,,,,
2024-05-20,29436.0,29473.0,29436.0,28103060440685.0,973693000.0,2024-05-20,2024-05-20,0.0,0.0,0.46,0.62,0.0,0.05,99.33709999999999,2026-06-21,,,,,,,,
2024-05-21,29559.0,29596.0,29559.0,28226403383906.0,973893000.0,2024-05-21,2024-05-21,0.0,0.0,0.44,0.05,0.0,0.05,99.33709999999999,2026-06-21,,,,,,,,
2024-05-22,29558.0,29595.0,29558.0,28225428144373.0,973893000.0,2024-05-22,2024-05-22,0.0,0.0,0.44,0.05,0.0,0.05,99.33709999999999,2026-06-21,,,,,,,,
2024-05-23,29240.0,29277.0,29240.0,27921965358780.0,973893000.0,2024-05-23,2024-05-23,0.0,0.0,0.45,0.05,0.0,0.05,99.33709999999999,2026-06-21,,,,,,,,
2024-05-24,29239.0,29276.0,29239.0,27920989491927.0,973893000.0,2024-05-24,2024-05-24,0.0,0.0,0.45,0.05,0.0,0.05,99.33709999999999,2026-06-21,,,,,,,,
2024-05-25,28612.0,28647.0,28612.0,27321452732805.0,973893000.0,2024-05-25,2024-05-25,0.0,0.0,0.46,0.02,0.0,0.07,99.33709999999999,2026-06-21,,,,,,,,
2024-05-26,28727.0,28763.0,28727.0,27465899872945.0,975093000.0,2024-05-26,2024-05-26,0.0,0.0,0.46,0.15,0.0,0.06,99.33709999999999,2026-06-21,,,,,,,,
2024-05-27,29316.0,29352.0,29316.0,28114181919486.0,977993000.0,2024-05-27,2024-05-27,0.0,0.0,0.27,0.37,0.0,0.09,99.33709999999999,2026-06-21,,,,,,,,
2024-05-28,30231.0,30269.0,30231.0,29067709970652.0,980493000.0,2024-05-28,2024-05-28,0.0,0.0,0.2,0.5,0.0,0.09,99.33709999999999,2026-06-21,,,,,,,,
2024-05-29,29588.0,29625.0,29588.0,28449319820665.0,980493000.0,2024-05-29,2024-05-29,0.0,0.0,0.21,0.45,0.0,0.1,99.33709999999999,2026-06-21,,,,,,,,
2024-05-30,29571.0,29608.0,29571.0,28432783059700.0,980493000.0,2024-05-30,2024-05-30,0.0,0.0,0.21,0.04,0.0,0.1,99.33709999999999,2026-06-21,,,,,,,,
2024-05-31,29570.0,29607.0,29570.0,28431799748379.0,980493000.0,2024-05-31,2024-05-31,0.0,0.0,0.21,0.04,0.0,0.1,99.33709999999999,2026-06-21,,,,,,,,
2024-06-01,29290.0,29326.0,29290.0,28183084130072.0,981193000.0,2024-06-01,2024-06-01,0.0,0.0,0.21,0.1,0.0,0.05,99.33709999999999,2026-06-21,,,,,,,,
2024-06-02,29770.0,29806.0,29770.0,28686350404749.0,982593000.0,2024-06-02,2024-06-02,0.0,0.0,0.21,0.24,0.0,0.05,99.33709999999999,2026-06-21,,,,,,,,
2024-06-03,29769.0,29805.0,29769.0,28685417560712.0,982593000.0,2024-06-03,2024-06-03,0.0,0.0,0.21,0.24,0.0,0.05,99.33709999999999,2026-06-21,,,,,,,,
2024-06-04,29768.0,29804.0,29768.0,28684426682833.0,982593000.0,2024-06-04,2024-06-04,0.0,0.0,0.21,0.24,0.0,0.05,99.33709999999999,2026-06-21,,,,,,,,
2024-06-05,29557.0,29593.0,29557.0,28587519935934.0,986193000.0,2024-06-05,2024-06-05,0.0,0.0,0.21,0.55,0.0,0.05,99.33709999999999,2026-06-21,,,,,,,,
2024-06-06,29521.0,29557.0,29521.0,28552702106892.0,986193000.0,2024-06-06,2024-06-06,0.0,0.0,0.21,0.55,0.0,0.05,99.33709999999999,2026-06-21,,,,,,,,
2024-06-07,29520.0,29556.0,29520.0,28551714946052.0,986193000.0,2024-06-07,2024-06-07,0.0,0.0,0.21,0.55,0.0,0.05,99.33709999999999,2026-06-21,,,,,,,,
2024-06-08,29258.0,29294.0,29258.0,28298511933701.0,986193000.0,2024-06-08,2024-06-08,0.0,0.0,0.21,0.41,0.0,0.05,99.33709999999999,2026-06-21,,,,,,,,
2024-06-09,29276.0,29312.0,29276.0,28248669399600.0,983893000.0,2024-06-09,2024-06-09,0.0,0.0,0.16,0.4,0.0,0.05,99.33709999999999,2026-06-21,,,,,,,,
2024-06-10,29034.0,29070.0,29034.0,28015121422757.0,983893000.0,2024-06-10,2024-06-10,0.0,0.0,0.17,0.04,0.0,0.05,99.33709999999999,2026-06-21,,,,,,,,
2024-06-11,28873.0,28909.0,28873.0,27865411866099.0,984093000.0,2024-06-11,2024-06-11,0.0,0.0,0.17,0.06,0.0,0.05,99.33709999999999,2026-06-21,,,,,,,,
2024-06-12,28978.0,29014.0,28978.0,27920793965022.0,982493000.0,2024-06-12,2024-06-12,0.0,0.0,0.0,0.2,0.0,0.07,99.33709999999999,2026-06-21,,,,,,,,
2024-06-13,28929.0,28965.0,28929.0,27873770755175.0,982493000.0,2024-06-13,2024-06-13,0.0,0.0,0.0,0.2,0.0,0.07,99.33709999999999,2026-06-21,,,,,,,,
2024-06-14,28928.0,28964.0,28928.0,27872798964819.0,982493000.0,2024-06-14,2024-06-14,0.0,0.0,0.0,0.2,0.0,0.07,99.33709999999999,2026-06-21,,,,,,,,
2024-06-15,29151.0,29187.0,29151.0,28090167844308.0,982593000.0,2024-06-15,2024-06-15,0.0,0.0,0.0,0.04,0.0,0.07,99.33709999999999,2026-06-21,,,,,,,,
2024-06-16,29110.0,29145.0,29110.0,28050377930418.0,982593000.0,2024-06-16,2024-06-16,0.0,0.0,0.0,0.03,0.0,0.08,99.33709999999999,2026-06-21,,,,,,,,
2024-06-17,29109.0,29144.0,29109.0,28049402478593.0,982593000.0,2024-06-17,2024-06-17,0.0,0.0,0.0,0.03,0.0,0.08,99.33709999999999,2026-06-21,,,,,,,,
2024-06-18,28913.0,28949.0,28913.0,27860894617457.0,982593000.0,2024-06-18,2024-06-18,0.0,0.0,0.0,0.03,0.0,0.08,99.33709999999999,2026-06-21,,,,,,,,
2024-06-19,29026.0,29056.0,29026.0,27984404910914.0,983093000.0,2024-06-19,2024-06-19,0.0,0.0,0.0,0.07,0.0,0.08,99.33709999999999,2026-06-21,,,,,,,,
2024-06-20,29046.0,29076.0,29046.0,28003556790153.0,983093000.0,2024-06-20,2024-06-20,0.0,0.0,0.0,0.07,0.0,0.08,99.33709999999999,2026-06-21,,,,,,,,
2024-06-21,29045.0,29075.0,29045.0,28002583462901.0,983093000.0,2024-06-21,2024-06-21,0.0,0.0,0.0,0.07,0.0,0.08,99.33709999999999,2026-06-21,,,,,,,,
2024-06-22,29392.0,29423.0,29392.0,28343296915082.0,983293000.0,2024-06-22,2024-06-22,0.0,0.0,0.0,0.04,0.0,0.13,99.33709999999999,2026-06-21,,,,,,,,
2024-06-23,29720.0,29835.0,29720.0,29078451806493.0,997393000.0,2024-06-23,2024-06-23,0.0,0.0,0.0,0.01,0.0,0.13,99.33709999999999,2026-06-21,,,,,,,,
2024-06-24,30429.0,30547.0,30429.0,29772025771917.0,997393000.0,2024-06-24,2024-06-24,0.0,0.0,0.0,0.01,0.0,1.53,99.33709999999999,2026-06-21,,,,,,,,
2024-06-25,30428.0,30546.0,30428.0,29770864016869.0,997393000.0,2024-06-25,2024-06-25,0.0,0.0,0.0,0.01,0.0,1.53,99.33709999999999,2026-06-21,,,,,,,,
2024-06-26,30313.0,30430.0,30313.0,30006962888724.0,1008893000.0,2024-06-26,2024-06-26,0.0,0.0,0.0,1.15,0.0,0.13,99.33709999999999,2026-06-21,,,,,,,,
2024-06-27,30463.0,30580.0,30463.0,30155273863183.0,1008893000.0,2024-06-27,2024-06-27,0.0,0.0,0.0,1.14,0.0,0.13,99.33709999999999,2026-06-21,,,,,,,,
2024-06-28,30462.0,30579.0,30462.0,30154270000586.0,1008893000.0,2024-06-28,2024-06-28,0.0,0.0,0.0,1.14,0.0,0.13,99.33709999999999,2026-06-21,,,,,,,,
2024-06-29,30626.0,30743.0,30626.0,30693287831925.0,1021193000.0,2024-06-29,2024-06-29,0.0,0.0,0.0,0.43,0.0,1.27,99.33709999999999,2026-06-21,,,,,,,,
2024-06-30,31355.0,31476.0,31355.0,31477472033975.0,1022893000.0,2024-06-30,2024-06-30,0.0,0.0,0.0,0.74,0.0,1.21,99.33709999999999,2026-06-21,,,,,,,,
2024-07-01,31105.0,31226.0,31105.0,31027295899111.0,1016493000.0,2024-07-01,2024-07-01,0.0,0.0,0.0,0.75,0.0,1.38,99.33709999999999,2026-06-21,,,,,,,,
2024-07-02,31043.0,31164.0,31043.0,30966166039107.0,1016493000.0,2024-07-02,2024-07-02,0.0,0.0,0.0,0.75,0.0,0.75,99.33709999999999,2026-06-21,,,,,,,,
2024-07-03,30554.0,30673.0,30554.0,30340699279879.0,1011993000.0,2024-07-03,2024-07-03,0.0,0.0,0.0,1.37,0.0,0.43,99.33709999999999,2026-06-21,,,,,,,,
2024-07-04,30544.0,30663.0,30544.0,30330449030449.0,1011993000.0,2024-07-04,2024-07-04,0.0,0.0,0.0,1.37,0.0,0.43,99.33709999999999,2026-06-21,,,,,,,,
2024-07-05,30543.0,30662.0,30543.0,30329387604340.0,1011993000.0,2024-07-05,2024-07-05,0.0,0.0,0.0,1.37,0.0,0.43,99.33709999999999,2026-06-21,,,,,,,,
2024-07-06,29903.0,30015.0,29903.0,29374276434803.0,1001293000.0,2024-07-06,2024-07-06,0.0,0.0,0.0,1.9,0.0,0.49,99.33709999999999,2026-06-21,,,,,,,,
2024-07-07,30040.0,30152.0,30040.0,29509028034962.0,1001293000.0,2024-07-07,2024-07-07,0.0,0.0,0.0,1.03,0.0,0.29,99.33709999999999,2026-06-21,,,,,,,,
2024-07-08,29493.0,29603.0,29493.0,28971064163939.0,1001293000.0,2024-07-08,2024-07-08,0.0,0.0,0.0,1.05,0.0,0.3,99.33709999999999,2026-06-21,,,,,,,,
2024-07-09,29097.0,29205.0,29097.0,28579282646266.0,1001193000.0,2024-07-09,2024-07-09,0.0,0.0,0.0,1.12,0.0,0.3,99.33709999999999,2026-06-21,,,,,,,,
2024-07-10,29250.0,29359.0,29250.0,28706323095235.0,1000393000.0,2024-07-10,2024-07-10,0.0,0.0,0.01,1.48,0.0,0.31,99.33709999999999,2026-06-21,,,,,,,,
2024-07-11,29186.0,29294.0,29186.0,28643023988994.0,1000393000.0,2024-07-11,2024-07-11,0.0,0.0,0.01,1.48,0.0,0.31,99.33709999999999,2026-06-21,,,,,,,,
2024-07-12,29185.0,29293.0,29185.0,28642010294750.0,1000393000.0,2024-07-12,2024-07-12,0.0,0.0,0.01,1.48,0.0,0.31,99.33709999999999,2026-06-21,,,,,,,,
2024-07-13,29029.0,29138.0,29029.0,28489808296925.0,1000393000.0,2024-07-13,2024-07-13,0.0,0.0,0.01,0.01,0.0,0.92,99.33709999999999,2026-06-21,,,,,,,,
2024-07-14,29454.0,29562.0,29454.0,29556996602490.0,1022493000.0,2024-07-14,2024-07-14,0.0,0.0,0.01,0.37,0.0,0.22,99.33709999999999,2026-06-21,,,,,,,,
2024-07-15,29452.0,29561.0,29452.0,29555843939301.0,1022493000.0,2024-07-15,2024-07-15,0.0,0.0,0.01,0.37,0.0,0.22,99.33709999999999,2026-06-21,,,,,,,,
2024-07-16,29451.0,29559.0,29451.0,29554691276112.0,1022493000.0,2024-07-16,2024-07-16,0.0,0.0,0.01,0.37,0.0,0.22,99.33709999999999,2026-06-21,,,,,,,,
2024-07-17,29738.0,29846.0,29738.0,30341604843022.0,1039293000.0,2024-07-17,2024-07-17,0.0,0.0,0.01,0.03,0.0,2.18,99.33709999999999,2026-06-21,,,,,,,,
2024-07-18,29639.0,29747.0,29639.0,30240903438472.0,1039293000.0,2024-07-18,2024-07-18,0.0,0.0,0.01,0.01,0.0,2.19,99.33709999999999,2026-06-21,,,,,,,,
2024-07-19,29638.0,29745.0,29638.0,30239731604372.0,1039293000.0,2024-07-19,2024-07-19,0.0,0.0,0.01,0.01,0.0,2.19,99.33709999999999,2026-06-21,,,,,,,,
2024-07-20,29206.0,29311.0,29206.0,30538120831533.0,1064593000.0,2024-07-20,2024-07-20,0.0,0.0,0.01,0.01,0.0,1.69,99.33709999999999,2026-06-21,,,,,,,,
2024-07-21,29381.0,29488.0,29381.0,30903739015020.0,1070793000.0,2024-07-21,2024-07-21,0.0,0.0,0.01,0.24,0.0,2.43,99.33709999999999,2026-06-21,,,,,,,,
2024-07-22,29375.0,29479.0,29375.0,31749099866371.0,1099793000.0,2024-07-22,2024-07-22,0.0,0.0,0.22,1.91,0.0,1.07,99.33709999999999,2026-06-21,,,,,,,,
2024-07-23,29866.0,29971.0,29866.0,32512572173478.0,1107593000.0,2024-07-23,2024-07-23,0.0,0.0,0.21,2.45,0.0,2.84,99.33709999999999,2026-06-21,,,,,,,,
2024-07-24,29852.0,29956.0,29852.0,33076639825679.0,1126993000.0,2024-07-24,2024-07-24,0.0,0.0,0.21,3.46,0.0,2.0,99.33709999999999,2026-06-21,,,,,,,,
2024-07-25,29645.0,29748.0,29645.0,32846738323771.0,1126993000.0,2024-07-25,2024-07-25,0.0,0.0,0.21,3.22,0.0,2.01,99.33709999999999,2026-06-21,,,,,,,,
2024-07-26,29644.0,29747.0,29644.0,32845492439861.0,1126993000.0,2024-07-26,2024-07-26,0.0,0.0,0.21,3.22,0.0,2.01,99.33709999999999,2026-06-21,,,,,,,,
2024-07-27,29953.0,30057.0,29953.0,33748341540180.0,1145693000.0,2024-07-27,2024-07-27,0.0,0.0,0.65,0.94,0.0,3.26,99.33709999999999,2026-06-21,,,,,,,,
2024-07-28,29952.0,30056.0,29952.0,33747067759701.0,1145693000.0,2024-07-28,2024-07-28,0.0,0.0,0.65,0.94,0.0,3.26,99.33709999999999,2026-06-21,,,,,,,,
2024-07-29,30409.0,30514.0,30409.0,34490008945516.0,1153193000.0,2024-07-29,2024-07-29,0.0,0.0,0.63,2.22,0.0,3.34,99.33709999999999,2026-06-21,,,,,,,,
2024-07-30,30436.0,30541.0,30436.0,34542499605308.0,1153893000.0,2024-07-30,2024-07-30,0.0,0.0,0.63,2.27,0.0,3.97,99.33709999999999,2026-06-21,,,,,,,,
2024-07-31,30959.0,31065.0,30959.0,35153775500245.0,1154493000.0,2024-07-31,2024-07-31,0.0,0.0,0.62,3.0,0.0,3.11,99.33709999999999,2026-06-21,,,,,,,,
2024-08-01,31172.0,31280.0,31172.0,35396047906213.0,1154493000.0,2024-08-01,2024-08-01,0.0,0.0,0.62,2.85,0.0,3.09,99.33709999999999,2026-06-21,,,,,,,,
2024-08-02,31171.0,31279.0,31171.0,35394734018567.0,1154493000.0,2024-08-02,2024-08-02,0.0,0.0,0.62,2.85,0.0,3.09,99.33709999999999,2026-06-21,,,,,,,,
2024-08-03,31778.0,31889.0,31778.0,36548194766607.0,1169093000.0,2024-08-03,2024-08-03,0.0,0.0,0.61,1.29,0.0,3.08,99.33709999999999,2026-06-21,,,,,,,,
2024-08-04,31455.0,31565.0,31455.0,36233517623520.0,1170893000.0,2024-08-04,2024-08-04,0.0,0.0,0.6,2.66,0.0,2.98,99.33709999999999,2026-06-21,,,,,,,,
2024-08-05,31409.0,31518.0,31409.0,36365804354340.0,1176793000.0,2024-08-05,2024-08-05,0.0,0.0,0.61,2.65,0.0,3.05,99.33709999999999,2026-06-21,,,,,,,,
2024-08-06,31403.0,31512.0,31403.0,36864470387941.0,1192893000.0,2024-08-06,2024-08-06,0.0,0.0,0.61,1.65,0.0,3.54,99.33709999999999,2026-06-21,,,,,,,,
2024-08-07,31402.0,31511.0,31402.0,36863104754225.0,1192893000.0,2024-08-07,2024-08-07,0.0,0.0,0.61,1.65,0.0,3.54,99.33709999999999,2026-06-21,,,,,,,,
2024-08-08,31374.0,31483.0,31374.0,36830438030566.0,1192893000.0,2024-08-08,2024-08-08,0.0,0.0,0.61,1.59,0.0,3.55,99.33709999999999,2026-06-21,,,,,,,,
2024-08-09,31373.0,31482.0,31373.0,36829070767587.0,1192893000.0,2024-08-09,2024-08-09,0.0,0.0,0.61,1.59,0.0,3.55,99.33709999999999,2026-06-21,,,,,,,,
2024-08-10,31034.0,31142.0,31034.0,36431615420802.0,1192893000.0,2024-08-10,2024-08-10,0.0,0.0,0.61,2.68,0.0,3.83,99.33709999999999,2026-06-21,,,,,,,,
2024-08-11,30395.0,30500.0,30395.0,35687126056018.0,1193093000.0,2024-08-11,2024-08-11,0.0,0.0,0.63,2.4,0.0,3.91,99.33709999999999,2026-06-21,,,,,,,,
2024-08-12,30845.0,30951.0,30845.0,36560788427839.0,1204293000.0,2024-08-12,2024-08-12,0.0,0.0,0.61,2.25,0.0,3.87,99.33709999999999,2026-06-21,,,,,,,,
2024-08-13,30574.0,30679.0,30574.0,36239263303834.0,1204293000.0,2024-08-13,2024-08-13,0.0,0.0,0.4,2.06,0.0,4.81,99.33709999999999,2026-06-21,,,,,,,,
2024-08-14,30534.0,30640.0,30534.0,36192736625199.0,1204293000.0,2024-08-14,2024-08-14,0.0,0.0,0.4,1.51,0.0,5.03,99.33709999999999,2026-06-21,,,,,,,,
2024-08-15,30410.0,30516.0,30410.0,36045750593723.0,1204293000.0,2024-08-15,2024-08-15,0.0,0.0,0.4,1.38,0.0,5.06,99.33709999999999,2026-06-21,,,,,,,,
2024-08-16,30409.0,30515.0,30409.0,36044387569271.0,1204293000.0,2024-08-16,2024-08-16,0.0,0.0,0.4,1.38,0.0,5.06,99.33709999999999,2026-06-21,,,,,,,,
2024-08-17,30308.0,30413.0,30308.0,35961052768717.0,1205493000.0,2024-08-17,2024-08-17,0.0,0.0,0.4,1.29,0.0,5.08,99.33709999999999,2026-06-21,,,,,,,,
2024-08-18,30452.0,30557.0,30452.0,36185985099021.0,1207293000.0,2024-08-18,2024-08-18,0.0,0.0,0.4,1.1,0.0,5.15,99.33709999999999,2026-06-21,,,,,,,,
2024-08-19,30820.0,30927.0,30820.0,36627236593257.0,1207393000.0,2024-08-19,2024-08-19,0.0,0.0,0.39,1.08,0.0,5.23,99.33709999999999,2026-06-21,,,,,,,,
2024-08-20,30892.0,30999.0,30892.0,37024499151838.0,1217493000.0,2024-08-20,2024-08-20,0.0,0.0,0.39,0.55,0.0,5.22,99.33709999999999,2026-06-21,,,,,,,,
2024-08-21,30964.0,31071.0,30964.0,37147573437533.0,1218693000.0,2024-08-21,2024-08-21,0.0,0.0,0.39,1.26,0.0,5.21,99.33709999999999,2026-06-21,,,,,,,,
2024-08-22,30952.0,31060.0,30952.0,37133551692010.0,1218693000.0,2024-08-22,2024-08-22,0.0,0.0,0.39,1.26,0.0,5.21,99.33709999999999,2026-06-21,,,,,,,,
2024-08-23,30951.0,31058.0,30951.0,37132159570528.0,1218693000.0,2024-08-23,2024-08-23,0.0,0.0,0.39,1.26,0.0,5.21,99.33709999999999,2026-06-21,,,,,,,,
2024-08-24,31059.0,31166.0,31059.0,37447700521090.0,1224693000.0,2024-08-24,2024-08-24,0.0,0.0,0.34,0.86,0.0,5.29,99.33709999999999,2026-06-21,,,,,,,,
2024-08-25,31057.0,31165.0,31057.0,37446298871737.0,1224693000.0,2024-08-25,2024-08-25,0.0,0.0,0.34,0.86,0.0,5.29,99.33709999999999,2026-06-21,,,,,,,,
2024-08-26,31433.0,31543.0,31433.0,37971121742570.0,1226993000.0,2024-08-26,2024-08-26,0.0,0.0,0.29,0.74,0.0,5.2,99.33709999999999,2026-06-21,,,,,,,,
2024-08-27,31046.0,31154.0,31046.0,37646977237131.0,1231593000.0,2024-08-27,2024-08-27,0.0,0.0,0.29,0.45,0.0,5.5,99.33709999999999,2026-06-21,,,,,,,,
2024-08-28,31319.0,31428.0,31319.0,38134679483266.0,1236593000.0,2024-08-28,2024-08-28,0.0,0.0,0.28,0.82,0.0,5.42,99.33709999999999,2026-06-21,,,,,,,,
2024-08-29,31399.0,31508.0,31399.0,38231620182458.0,1236593000.0,2024-08-29,2024-08-29,0.0,0.0,0.28,0.82,0.0,5.4,99.33709999999999,2026-06-21,,,,,,,,
2024-08-30,31398.0,31507.0,31398.0,38230196704107.0,1236593000.0,2024-08-30,2024-08-30,0.0,0.0,0.28,0.82,0.0,5.4,99.33709999999999,2026-06-21,,,,,,,,
2024-08-31,31447.0,31556.0,31447.0,38476022331171.0,1242493000.0,2024-08-31,2024-08-31,0.0,0.0,0.28,0.68,0.0,5.78,99.33709999999999,2026-06-21,,,,,,,,
2024-09-01,31616.0,31725.0,31616.0,38780230708203.0,1245593000.0,2024-09-01,2024-09-01,0.0,0.0,0.28,0.8,0.0,5.89,99.33709999999999,2026-06-21,,,,,,,,
2024-09-02,31615.0,31724.0,31615.0,38778789561658.0,1245593000.0,2024-09-02,2024-09-02,0.0,0.0,0.28,0.8,0.0,5.89,99.33709999999999,2026-06-21,,,,,,,,
2024-09-03,31644.0,31754.0,31644.0,38814587052475.0,1245593000.0,2024-09-03,2024-09-03,0.0,0.0,0.28,1.05,0.0,5.86,99.33709999999999,2026-06-21,,,,,,,,
2024-09-04,31643.0,31752.0,31643.0,38813145042743.0,1245593000.0,2024-09-04,2024-09-04,0.0,0.0,0.28,1.05,0.0,5.86,99.33709999999999,2026-06-21,,,,,,,,
2024-09-05,31560.0,31670.0,31560.0,38711923535034.0,1245593000.0,2024-09-05,2024-09-05,0.0,0.0,0.28,1.06,0.0,5.88,99.33709999999999,2026-06-21,,,,,,,,
2024-09-06,31559.0,31668.0,31559.0,38710481392752.0,1245593000.0,2024-09-06,2024-09-06,0.0,0.0,0.28,1.06,0.0,5.88,99.33709999999999,2026-06-21,,,,,,,,
2024-09-07,31324.0,31433.0,31324.0,38259299202055.0,1240393000.0,2024-09-07,2024-09-07,0.0,0.0,0.21,1.13,0.0,5.93,99.33709999999999,2026-06-21,,,,,,,,
2024-09-08,31376.0,31484.0,31376.0,38674670218570.0,1251593000.0,2024-09-08,2024-09-08,0.0,0.0,0.21,0.96,0.0,5.6,99.33709999999999,2026-06-21,,,,,,,,
2024-09-09,31510.0,31619.0,31510.0,39199368782938.0,1262993000.0,2024-09-09,2024-09-09,0.0,0.0,0.21,0.79,0.0,6.43,99.33709999999999,2026-06-21,,,,,,,,
2024-09-10,31531.0,31639.0,31531.0,39224392105549.0,1262993000.0,2024-09-10,2024-09-10,0.0,0.0,0.21,0.69,0.0,7.28,99.33709999999999,2026-06-21,,,,,,,,
2024-09-11,31683.0,31792.0,31683.0,39413809417906.0,1262993000.0,2024-09-11,2024-09-11,0.0,0.0,0.21,0.55,0.0,7.24,99.33709999999999,2026-06-21,,,,,,,,
2024-09-12,31682.0,31791.0,31682.0,39412353743764.0,1262993000.0,2024-09-12,2024-09-12,0.0,0.0,0.21,0.55,0.0,7.24,99.33709999999999,2026-06-21,,,,,,,,
2024-09-13,31680.0,31790.0,31680.0,39410898069622.0,1262993000.0,2024-09-13,2024-09-13,0.0,0.0,0.21,0.55,0.0,7.24,99.33709999999999,2026-06-21,,,,,,,,
2024-09-14,32007.0,32118.0,32007.0,39817409862252.0,1262993000.0,2024-09-14,2024-09-14,0.0,0.0,0.2,0.2,0.0,7.17,99.33709999999999,2026-06-21,,,,,,,,
2024-09-15,31771.0,31881.0,31771.0,39524130206096.0,1262993000.0,2024-09-15,2024-09-15,0.0,0.0,0.21,0.68,0.0,6.72,99.33709999999999,2026-06-21,,,,,,,,
2024-09-16,31982.0,32091.0,31982.0,40025400782022.0,1270493000.0,2024-09-16,2024-09-16,0.0,0.0,0.2,0.43,0.0,6.67,99.33709999999999,2026-06-21,,,,,,,,
2024-09-17,32118.0,32229.0,32118.0,40196590910015.0,1270493000.0,2024-09-17,2024-09-17,0.0,0.0,0.2,0.69,0.0,6.83,99.33709999999999,2026-06-21,,,,,,,,
2024-09-18,32218.0,32328.0,32218.0,40320775848359.0,1270493000.0,2024-09-18,2024-09-18,0.0,0.0,0.2,1.18,0.0,6.32,99.33709999999999,2026-06-21,,,,,,,,
2024-09-19,32193.0,32304.0,32193.0,40290322191002.0,1270493000.0,2024-09-19,2024-09-19,0.0,0.0,0.2,1.18,0.0,6.32,99.33709999999999,2026-06-21,,,,,,,,
2024-09-20,32192.0,32303.0,32192.0,40288837892685.0,1270493000.0,2024-09-20,2024-09-20,0.0,0.0,0.2,1.18,0.0,6.32,99.33709999999999,2026-06-21,,,,,,,,
2024-09-21,32191.0,32302.0,32191.0,40287353594368.0,1270493000.0,2024-09-21,2024-09-21,0.0,0.0,0.2,1.18,0.0,6.32,99.33709999999999,2026-06-21,,,,,,,,
2024-09-22,32700.0,32812.0,32700.0,40966938936788.0,1271793000.0,2024-09-22,2024-09-22,0.0,0.0,0.2,1.11,0.0,6.22,99.33709999999999,2026-06-21,,,,,,,,
2024-09-23,33007.0,33120.0,33007.0,41430427773719.0,1274193000.0,2024-09-23,2024-09-23,0.0,0.0,0.2,1.1,0.0,6.26,99.33709999999999,2026-06-21,,,,,,,,
2024-09-24,33674.0,33790.0,33674.0,42308106173821.0,1275393000.0,2024-09-24,2024-09-24,0.0,0.0,0.19,0.82,0.0,6.31,99.33709999999999,2026-06-21,,,,,,,,
2024-09-25,33416.0,33531.0,33416.0,41950423039507.0,1274393000.0,2024-09-25,2024-09-25,0.0,0.0,0.19,0.94,0.0,6.45,99.33709999999999,2026-06-21,,,,,,,,
2024-09-26,33496.0,33612.0,33496.0,42051596382358.0,1274393000.0,2024-09-26,2024-09-26,0.0,0.0,0.19,0.94,0.0,6.43,99.33709999999999,2026-06-21,,,,,,,,
2024-09-27,33495.0,33610.0,33495.0,42049988298578.0,1274393000.0,2024-09-27,2024-09-27,0.0,0.0,0.19,0.94,0.0,6.43,99.33709999999999,2026-06-21,,,,,,,,
2024-09-28,34767.0,34887.0,34767.0,43778656360473.0,1278193000.0,2024-09-28,2024-09-28,0.0,0.0,0.19,0.82,0.0,6.13,99.33709999999999,2026-06-21,,,,,,,,
2024-09-29,33896.0,34012.0,33896.0,42668159005211.0,1277793000.0,2024-09-29,2024-09-29,0.0,0.0,0.19,1.3,0.0,6.57,99.33709999999999,2026-06-21,,,,,,,,
2024-09-30,33863.0,33979.0,33863.0,42627567350056.0,1277793000.0,2024-09-30,2024-09-30,0.0,0.0,0.19,1.3,0.0,6.55,99.33709999999999,2026-06-21,,,,,,,,
2024-10-01,34303.0,34420.0,34303.0,43551985818258.0,1288593000.0,2024-10-01,2024-10-01,0.0,0.0,0.19,0.86,0.0,6.93,99.33709999999999,2026-06-21,,,,,,,,
2024-10-02,34974.0,35094.0,34974.0,44603165426720.0,1294293000.0,2024-10-02,2024-10-02,0.0,0.0,0.18,1.05,0.0,6.45,99.33709999999999,2026-06-21,,,,,,,,
2024-10-03,35110.0,35230.0,35110.0,44775717922954.0,1294293000.0,2024-10-03,2024-10-03,0.0,0.0,0.18,0.79,0.0,6.42,99.33709999999999,2026-06-21,,,,,,,,
2024-10-04,35108.0,35229.0,35108.0,44774038557202.0,1294293000.0,2024-10-04,2024-10-04,0.0,0.0,0.18,0.79,0.0,6.42,99.33709999999999,2026-06-21,,,,,,,,
2024-10-05,35164.0,35285.0,35164.0,46532699450254.0,1342293000.0,2024-10-05,2024-10-05,0.0,0.0,0.18,0.01,0.0,4.16,99.33709999999999,2026-06-21,,,,,,,,
2024-10-06,35667.0,35790.0,35667.0,47461905292723.0,1349693000.0,2024-10-06,2024-10-06,0.0,0.0,0.17,2.27,0.0,4.37,99.33709999999999,2026-06-21,,,,,,,,
2024-10-07,35511.0,35635.0,35511.0,47393966285379.0,1353593000.0,2024-10-07,2024-10-07,0.0,0.0,0.17,1.98,0.0,4.92,99.33709999999999,2026-06-21,,,,,,,,
2024-10-08,35207.0,35329.0,35207.0,46987805096405.0,1353593000.0,2024-10-08,2024-10-08,0.0,0.0,0.17,4.11,0.0,3.13,99.33709999999999,2026-06-21,,,,,,,,
2024-10-09,35030.0,35151.0,35030.0,46754923825059.0,1353693000.0,2024-10-09,2024-10-09,0.0,0.0,0.17,4.13,0.0,3.25,99.33709999999999,2026-06-21,,,,,,,,
2024-10-10,35326.0,35451.0,35326.0,47149764165502.0,1353693000.0,2024-10-10,2024-10-10,0.0,0.0,0.17,2.45,0.0,3.22,99.33709999999999,2026-06-21,,,,,,,,
2024-10-11,35324.0,35450.0,35324.0,47147992997009.0,1353693000.0,2024-10-11,2024-10-11,0.0,0.0,0.17,2.45,0.0,3.22,99.33709999999999,2026-06-21,,,,,,,,
2024-10-12,35239.0,35364.0,35239.0,46963171106202.0,1351693000.0,2024-10-12,2024-10-12,0.0,0.0,0.17,3.52,0.0,2.18,99.33709999999999,2026-06-21,,,,,,,,
2024-10-13,35592.0,35718.0,35592.0,47433383521251.0,1351693000.0,2024-10-13,2024-10-13,0.0,0.0,0.17,3.49,0.0,2.01,99.33709999999999,2026-06-21,,,,,,,,
2024-10-14,35931.0,36058.0,35931.0,47856441627074.0,1350893000.0,2024-10-14,2024-10-14,0.0,0.0,0.17,3.45,0.0,1.99,99.33709999999999,2026-06-21,,,,,,,,
2024-10-15,35810.0,35938.0,35810.0,47771575171535.0,1352993000.0,2024-10-15,2024-10-15,0.0,0.0,0.17,3.41,0.0,1.94,99.33709999999999,2026-06-21,,,,,,,,
2024-10-16,36415.0,36543.0,36415.0,50293534700815.0,1400093000.0,2024-10-16,2024-10-16,0.0,0.0,0.17,1.42,0.0,2.06,99.33709999999999,2026-06-21,,,,,,,,
2024-10-17,36448.0,36579.0,36448.0,50339162073354.0,1400093000.0,2024-10-17,2024-10-17,0.0,0.0,0.17,0.13,0.0,2.06,99.33709999999999,2026-06-21,,,,,,,,
2024-10-18,36447.0,36577.0,36447.0,50337275011996.0,1400093000.0,2024-10-18,2024-10-18,0.0,0.0,0.17,0.13,0.0,2.06,99.33709999999999,2026-06-21,,,,,,,,
2024-10-19,37214.0,37347.0,37214.0,52267448189329.0,1423493000.0,2024-10-19,2024-10-19,0.0,0.0,0.16,0.2,0.0,3.92,99.33709999999999,2026-06-21,,,,,,,,
2024-10-20,37345.0,37480.0,37345.0,52791712382689.0,1432593000.0,2024-10-20,2024-10-20,0.0,0.0,0.15,1.02,0.0,3.59,99.33709999999999,2026-06-21,,,,,,,,
2024-10-21,38170.0,38308.0,38170.0,53881091451448.0,1430593000.0,2024-10-21,2024-10-21,0.0,0.0,0.15,1.76,0.0,3.21,99.33709999999999,2026-06-21,,,,,,,,
2024-10-22,38497.0,38636.0,38497.0,54369086419557.0,1431293000.0,2024-10-22,2024-10-22,0.0,0.0,0.15,1.75,0.0,3.04,99.33709999999999,2026-06-21,,,,,,,,
2024-10-23,39118.0,39260.0,39118.0,55168521507731.0,1429293000.0,2024-10-23,2024-10-23,0.0,0.0,0.15,1.72,0.0,3.04,99.33709999999999,2026-06-21,,,,,,,,
2024-10-24,39203.0,39345.0,39203.0,55288228051498.0,1429293000.0,2024-10-24,2024-10-24,0.0,0.0,0.15,1.71,0.0,3.03,99.33709999999999,2026-06-21,,,,,,,,
2024-10-25,39201.0,39344.0,39201.0,55286182162093.0,1429293000.0,2024-10-25,2024-10-25,0.0,0.0,0.15,1.71,0.0,3.03,99.33709999999999,2026-06-21,,,,,,,,
2024-10-26,37826.0,37963.0,37826.0,53309024833884.0,1428293000.0,2024-10-26,2024-10-26,0.0,0.0,0.15,1.78,0.0,3.0,99.33709999999999,2026-06-21,,,,,,,,
2024-10-27,37557.0,37695.0,37557.0,52813760003983.0,1425193000.0,2024-10-27,2024-10-27,0.0,0.0,0.15,0.94,0.0,3.8,99.33709999999999,2026-06-21,,,,,,,,
2024-10-28,38038.0,38177.0,38038.0,53470264474041.0,1424693000.0,2024-10-28,2024-10-28,0.0,0.0,0.15,0.8,0.0,3.54,99.33709999999999,2026-06-21,,,,,,,,
2024-10-29,39082.0,39227.0,39082.0,54449709005626.0,1412193000.0,2024-10-29,2024-10-29,0.0,0.0,0.15,0.86,0.0,3.42,99.33709999999999,2026-06-21,,,,,,,,
2024-10-30,39188.0,39333.0,39188.0,53954073739813.0,1395793000.0,2024-10-30,2024-10-30,0.0,0.0,0.15,1.56,0.0,2.55,99.33709999999999,2026-06-21,,,,,,,,
2024-10-31,38753.0,38896.0,38753.0,53355968079743.0,1395793000.0,2024-10-31,2024-10-31,0.0,0.0,0.15,1.71,0.0,2.58,99.33709999999999,2026-06-21,,,,,,,,
2024-11-01,38752.0,38895.0,38752.0,53353946436028.0,1395793000.0,2024-11-01,2024-11-01,0.0,0.0,0.15,1.71,0.0,2.58,99.33709999999999,2026-06-21,,,,,,,,
2024-11-02,39131.0,39275.0,39131.0,53875594310503.0,1395793000.0,2024-11-02,2024-11-02,0.0,0.0,0.15,1.72,0.0,1.4,99.33709999999999,2026-06-21,,,,,,,,
2024-11-03,39346.0,39491.0,39346.0,54290276859055.0,1398793000.0,2024-11-03,2024-11-03,0.0,0.0,0.15,0.8,0.0,2.31,99.33709999999999,2026-06-21,,,,,,,,
2024-11-04,38486.0,38627.0,38486.0,53102930997138.0,1398793000.0,2024-11-04,2024-11-04,0.0,0.0,0.16,1.07,0.0,2.58,99.33709999999999,2026-06-21,,,,,,,,
2024-11-05,38513.0,38655.0,38513.0,53060375023521.0,1396693000.0,2024-11-05,2024-11-05,0.0,0.0,0.16,1.23,0.0,2.57,99.33709999999999,2026-06-21,,,,,,,,
2024-11-06,38710.0,38850.0,38710.0,53489294264908.0,1400793000.0,2024-11-06,2024-11-06,0.0,0.0,0.16,3.34,0.0,1.01,99.33709999999999,2026-06-21,,,,,,,,
2024-11-07,38369.0,38508.0,38369.0,53018609332879.0,1400793000.0,2024-11-07,2024-11-07,0.0,0.0,0.16,3.36,0.0,1.02,99.33709999999999,2026-06-21,,,,,,,,
2024-11-08,38367.0,38506.0,38367.0,53016619052890.0,1400793000.0,2024-11-08,2024-11-08,0.0,0.0,0.16,3.36,0.0,1.02,99.33709999999999,2026-06-21,,,,,,,,
2024-11-09,37910.0,38047.0,37910.0,52384309432823.0,1400793000.0,2024-11-09,2024-11-09,0.0,0.0,0.16,3.35,0.0,1.27,99.33709999999999,2026-06-21,,,,,,,,
2024-11-10,36953.0,37087.0,36953.0,50992142309764.0,1398893000.0,2024-11-10,2024-11-10,0.0,0.0,0.16,3.33,0.0,1.38,99.33709999999999,2026-06-21,,,,,,,,
2024-11-11,35847.0,35978.0,35847.0,48956293248663.0,1384693000.0,2024-11-11,2024-11-11,0.0,0.0,0.0,1.31,0.0,2.7,99.33709999999999,2026-06-21,,,,,,,,
2024-11-12,36178.0,36310.0,36178.0,49622700826268.0,1390593000.0,2024-11-12,2024-11-12,0.0,0.0,0.0,1.71,0.0,1.26,99.33709999999999,2026-06-21,,,,,,,,
2024-11-13,37236.0,37372.0,37236.0,51073497040587.0,1390593000.0,2024-11-13,2024-11-13,0.0,0.0,0.0,0.68,0.0,2.61,99.33709999999999,2026-06-21,,,,,,,,
2024-11-14,36634.0,36767.0,36634.0,50248231426246.0,1390593000.0,2024-11-14,2024-11-14,0.0,0.0,0.0,0.69,0.0,2.65,99.33709999999999,2026-06-21,,,,,,,,
2024-11-15,36633.0,36766.0,36633.0,50246288528081.0,1390593000.0,2024-11-15,2024-11-15,0.0,0.0,0.0,0.69,0.0,2.65,99.33709999999999,2026-06-21,,,,,,,,
2024-11-16,36554.0,36687.0,36554.0,49904373479544.0,1384193000.0,2024-11-16,2024-11-16,0.0,0.0,0.0,0.98,0.0,2.66,99.33709999999999,2026-06-21,,,,,,,,
2024-11-17,36526.0,36659.0,36526.0,49866148543010.0,1384193000.0,2024-11-17,2024-11-17,0.0,0.0,0.0,0.99,0.0,2.2,99.33709999999999,2026-06-21,,,,,,,,
2024-11-18,36697.0,36831.0,36697.0,50099356710723.0,1384193000.0,2024-11-18,2024-11-18,0.0,0.0,0.0,0.61,0.0,2.57,99.33709999999999,2026-06-21,,,,,,,,
2024-11-19,37757.0,37893.0,37757.0,52014471180905.0,1396593000.0,2024-11-19,2024-11-19,0.0,0.0,0.0,1.46,0.0,1.53,99.33709999999999,2026-06-21,,,,,,,,
2024-11-20,37921.0,38056.0,37921.0,52699525137461.0,1408693000.0,2024-11-20,2024-11-20,0.0,0.0,0.0,2.47,0.0,1.83,99.33709999999999,2026-06-21,,,,,,,,
2024-11-21,38303.0,38440.0,38303.0,53229833365502.0,1408693000.0,2024-11-21,2024-11-21,0.0,0.0,0.0,2.45,0.0,1.81,99.33709999999999,2026-06-21,,,,,,,,
2024-11-22,38301.0,38438.0,38301.0,53227865064558.0,1408693000.0,2024-11-22,2024-11-22,0.0,0.0,0.0,2.45,0.0,1.81,99.33709999999999,2026-06-21,,,,,,,,
2024-11-23,39300.0,39439.0,39300.0,54791956198213.0,1413193000.0,2024-11-23,2024-11-23,0.0,0.0,0.0,2.24,0.0,2.23,99.33709999999999,2026-06-21,,,,,,,,
2024-11-24,38092.0,38226.0,38092.0,53356272272632.0,1419693000.0,2024-11-24,2024-11-24,0.0,0.0,0.0,3.0,0.0,1.82,99.33709999999999,2026-06-21,,,,,,,,
2024-11-25,38092.0,38226.0,38092.0,53374993530960.0,1420193000.0,2024-11-25,2024-11-25,0.0,0.0,0.0,2.93,0.0,2.34,99.33709999999999,2026-06-21,,,,,,,,
2024-11-26,37831.0,37963.0,37831.0,53288870372141.0,1427593000.0,2024-11-26,2024-11-26,0.0,0.0,0.0,1.89,0.0,3.44,99.33709999999999,2026-06-21,,,,,,,,
2024-11-27,37939.0,38071.0,37939.0,53452232094082.0,1427893000.0,2024-11-27,2024-11-27,0.0,0.0,0.0,0.78,0.0,5.05,99.33709999999999,2026-06-21,,,,,,,,
2024-11-28,37878.0,38011.0,37878.0,53367234534602.0,1427893000.0,2024-11-28,2024-11-28,0.0,0.0,0.0,0.78,0.0,5.06,99.33709999999999,2026-06-21,,,,,,,,
2024-11-29,37877.0,38009.0,37877.0,53365243502653.0,1427893000.0,2024-11-29,2024-11-29,0.0,0.0,0.0,0.78,0.0,5.06,99.33709999999999,2026-06-21,,,,,,,,
2024-11-30,38615.0,38751.0,38615.0,54640404089861.0,1433993000.0,2024-11-30,2024-11-30,0.0,0.0,0.0,2.85,0.0,2.06,99.33709999999999,2026-06-21,,,,,,,,
2024-12-01,38025.0,38159.0,38025.0,54075780679385.0,1441093000.0,2024-12-01,2024-12-01,0.0,0.0,0.0,1.69,0.0,2.52,99.33709999999999,2026-06-21,,,,,,,,
2024-12-02,38360.0,38497.0,38360.0,54851414862222.0,1448893000.0,2024-12-02,2024-12-02,0.0,0.0,0.0,0.45,0.0,2.49,99.33709999999999,2026-06-21,,,,,,,,
2024-12-03,38456.0,38593.0,38456.0,55042787619408.0,1450293000.0,2024-12-03,2024-12-03,0.0,0.0,0.0,2.62,0.0,1.33,99.33709999999999,2026-06-21,,,,,,,,
2024-12-04,38847.0,38985.0,38847.0,55601561006435.0,1450293000.0,2024-12-04,2024-12-04,0.0,0.0,0.0,2.38,0.0,1.41,99.33709999999999,2026-06-21,,,,,,,,
2024-12-05,38845.0,38984.0,38845.0,55599474087392.0,1450293000.0,2024-12-05,2024-12-05,0.0,0.0,0.0,2.38,0.0,1.41,99.33709999999999,2026-06-21,,,,,,,,
2024-12-06,38844.0,38982.0,38844.0,55597387168349.0,1450293000.0,2024-12-06,2024-12-06,0.0,0.0,0.0,2.38,0.0,1.41,99.33709999999999,2026-06-21,,,,,,,,
2024-12-07,38413.0,38549.0,38413.0,55256848068958.0,1457493000.0,2024-12-07,2024-12-07,0.0,0.0,0.0,1.11,0.0,2.71,99.33709999999999,2026-06-21,,,,,,,,
2024-12-08,38886.0,39025.0,38886.0,55937736116764.0,1457493000.0,2024-12-08,2024-12-08,0.0,0.0,0.0,0.52,0.0,3.16,99.33709999999999,2026-06-21,,,,,,,,
2024-12-09,39123.0,39264.0,39123.0,56447438065150.0,1461793000.0,2024-12-09,2024-12-09,0.0,0.0,0.0,0.41,0.0,2.61,99.33709999999999,2026-06-21,,0.0,850000.0,0.0,,,,
2024-12-10,39348.0,39490.0,39348.0,57074928565631.0,1469493000.0,2024-12-10,2024-12-10,0.0,0.0,0.0,0.31,0.0,2.35,99.33709999999999,2026-06-21,,895000.0,889261.0,280165.0,,,,
2024-12-11,39958.0,40100.0,39958.0,59437280958164.0,1506493000.0,2024-12-11,2024-12-11,0.0,0.0,0.0,0.01,0.0,1.79,99.33709999999999,2026-06-21,,929990.0,921791.0,159393.0,,,,
2024-12-12,40092.0,40235.0,40092.0,59638017583220.0,1506493000.0,2024-12-12,2024-12-12,0.0,0.0,0.0,0.01,0.0,1.79,99.33709999999999,2026-06-21,,929990.0,929925.0,42378.0,,,,
2024-12-13,40091.0,40234.0,40091.0,59635814094221.0,1506493000.0,2024-12-13,2024-12-13,0.0,0.0,0.0,0.01,0.0,1.79,99.33709999999999,2026-06-21,,,,,,,,
2024-12-14,40956.0,41102.0,40956.0,62457895237277.0,1543993000.0,2024-12-14,2024-12-14,0.0,0.0,0.0,1.75,0.0,0.72,99.33709999999999,2026-06-21,,940000.0,933166.0,82857.0,,,,
2024-12-15,40433.0,40578.0,40433.0,62371872866702.0,1561593000.0,2024-12-15,2024-12-15,0.0,0.0,0.0,0.9,0.0,2.52,99.33709999999999,2026-06-21,,936000.0,937912.0,41001.0,,,,
2024-12-16,41229.0,41378.0,41229.0,63946710514009.0,1569993000.0,2024-12-16,2024-12-16,0.0,0.0,0.0,1.7,0.0,1.99,99.33709999999999,2026-06-21,,939940.0,939965.0,60646.0,,,,
2024-12-17,41203.0,41351.0,41203.0,64149810926614.0,1575893000.0,2024-12-17,2024-12-17,0.0,0.0,0.0,1.66,0.0,2.56,99.33709999999999,2026-06-21,,957970.0,951589.0,161592.0,,,,
2024-12-18,41128.0,41277.0,41128.0,63995091710650.0,1574993000.0,2024-12-18,2024-12-18,0.0,0.0,0.0,1.76,0.0,2.16,99.33709999999999,2026-06-21,,950000.0,949995.0,153951.0,,,,
2024-12-19,40661.0,40808.0,40661.0,63268900616704.0,1574993000.0,2024-12-19,2024-12-19,0.0,0.0,0.0,1.78,0.0,2.19,99.33709999999999,2026-06-21,,950000.0,946054.0,4361.0,,,,
2024-12-20,40659.0,40806.0,40659.0,63266471661443.0,1574993000.0,2024-12-20,2024-12-20,0.0,0.0,0.0,1.78,0.0,2.19,99.33709999999999,2026-06-21,,,,,,,,
2024-12-21,40359.0,40506.0,40359.0,62657531595211.0,1571493000.0,2024-12-21,2024-12-21,0.0,0.0,0.0,1.74,0.0,2.14,99.33709999999999,2026-06-21,,950000.0,948855.0,11223.0,,,,
2024-12-22,40395.0,40542.0,40395.0,62689657329626.0,1570893000.0,2024-12-22,2024-12-22,0.0,0.0,0.0,1.69,0.0,1.92,99.33709999999999,2026-06-21,,949000.0,937641.0,100928.0,,,,
2024-12-23,41159.0,41310.0,41159.0,63875883852615.0,1570893000.0,2024-12-23,2024-12-23,0.0,0.0,0.0,1.26,0.0,1.85,99.33709999999999,2026-06-21,,949990.0,949949.0,28736.0,,,,
2024-12-24,41437.0,41591.0,41437.0,64185681744922.0,1567993000.0,2024-12-24,2024-12-24,0.0,0.0,0.0,0.15,0.0,1.84,99.33709999999999,2026-06-21,,949920.0,949924.0,29344.0,,,,
2024-12-25,41380.0,41534.0,41380.0,64056422943152.0,1566993000.0,2024-12-25,2024-12-25,0.0,0.0,0.0,0.15,0.0,1.66,99.33709999999999,2026-06-21,,954000.0,946655.0,89504.0,,,,
2024-12-26,41725.0,41880.0,41725.0,64590113622657.0,1566993000.0,2024-12-26,2024-12-26,0.0,0.0,0.0,0.15,0.0,1.65,99.33709999999999,2026-06-21,,956000.0,955990.0,4154.0,,,,
2024-12-27,41723.0,41879.0,41723.0,64587744922113.0,1566993000.0,2024-12-27,2024-12-27,0.0,0.0,0.0,0.15,0.0,1.65,99.33709999999999,2026-06-21,,,,,,,,
2024-12-28,42663.0,42822.0,42663.0,66021621471256.0,1566493000.0,2024-12-28,2024-12-28,0.0,0.0,0.0,1.65,0.0,0.04,99.33709999999999,2026-06-21,,970000.0,969567.0,25245.0,,,,
2024-12-29,41777.0,41934.0,41777.0,64061164261505.0,1552393000.0,2024-12-29,2024-12-29,0.0,0.0,0.0,1.69,0.0,0.01,99.33709999999999,2026-06-21,,985000.0,984586.0,22380.0,,,,
2024-12-30,42289.0,42449.0,42289.0,64846978022537.0,1552393000.0,2024-12-30,2024-12-30,0.0,0.0,0.0,0.0,0.0,1.68,99.33709999999999,2026-06-21,,985000.0,965840.0,114138.0,,,,
2024-12-31,42519.0,42678.0,42519.0,64411784734284.0,1533893000.0,2024-12-31,2024-12-31,0.0,0.0,0.0,2.29,0.0,0.77,99.33709999999999,2026-06-21,,980000.0,969727.0,110530.0,,,,
2025-01-01,42532.0,42691.0,42532.0,64432023354644.0,1533893000.0,2025-01-01,2025-01-01,0.0,0.0,0.0,0.78,0.0,1.1,99.33709999999999,2026-06-21,,969000.0,970932.0,60144.0,,,,
2025-01-02,42374.0,42532.0,42374.0,64192785946536.0,1533893000.0,2025-01-02,2025-01-02,0.0,0.0,0.0,0.78,0.0,1.11,99.33709999999999,2026-06-21,,971970.0,972136.0,4319.0,,,,
2025-01-03,42372.0,42531.0,42372.0,64190421977749.0,1533893000.0,2025-01-03,2025-01-03,0.0,0.0,0.0,0.78,0.0,1.11,99.33709999999999,2026-06-21,,,,,,,,
2025-01-04,41365.0,41522.0,41365.0,61381328213708.0,1502893000.0,2025-01-04,2025-01-04,0.0,0.0,0.0,1.1,0.0,1.12,99.33709999999999,2026-06-21,,949990.0,953167.0,124794.0,,,,
2025-01-05,41556.0,41715.0,41556.0,61182880005105.0,1491293000.0,2025-01-05,2025-01-05,0.0,0.0,0.0,0.79,0.0,0.08,99.33709999999999,2026-06-21,,945600.0,949786.0,36057.0,,,,
2025-01-06,41096.0,41254.0,41096.0,60465681285895.0,1490293000.0,2025-01-06,2025-01-06,0.0,0.0,0.0,0.06,0.0,0.09,99.33709999999999,2026-06-21,,940000.0,942727.0,99091.0,,,,
2025-01-07,42154.0,42315.0,42154.0,61979234333292.0,1489293000.0,2025-01-07,2025-01-07,0.0,0.0,0.0,0.0,0.0,0.08,99.33709999999999,2026-06-21,,955000.0,957793.0,24713.0,,,,
2025-01-08,42431.0,42593.0,42431.0,62718067637834.0,1497093000.0,2025-01-08,2025-01-08,0.0,0.0,0.0,0.0,0.0,0.0,99.33709999999999,2026-06-21,,947000.0,952684.0,279048.0,,,,
2025-01-09,42771.0,42934.0,42771.0,63220378664632.0,1497093000.0,2025-01-09,2025-01-09,0.0,0.0,0.0,0.0,0.0,0.0,99.33709999999999,2026-06-21,,960000.0,964317.0,1306.0,,,,
2025-01-10,42770.0,42932.0,42770.0,63218053632616.0,1497093000.0,2025-01-10,2025-01-10,0.0,0.0,0.0,0.0,0.0,0.0,99.33709999999999,2026-06-21,,,,,,,,
2025-01-11,43196.0,43360.0,43196.0,63813225508302.0,1496293000.0,2025-01-11,2025-01-11,0.0,0.0,0.0,0.0,0.0,0.52,99.33709999999999,2026-06-21,,957000.0,948319.0,109947.0,,,,
2025-01-12,42943.0,43106.0,42943.0,63439871235283.0,1496293000.0,2025-01-12,2025-01-12,0.0,0.0,0.0,0.0,0.0,0.47,99.33709999999999,2026-06-21,,953010.0,956905.0,378724.0,,,,
2025-01-13,43159.0,43323.0,43159.0,63758901859676.0,1496293000.0,2025-01-13,2025-01-13,0.0,0.0,0.0,0.0,0.0,0.47,99.33709999999999,2026-06-21,,963000.0,964151.0,283685.0,,,,
2025-01-14,43157.0,43322.0,43157.0,63756547741673.0,1496293000.0,2025-01-14,2025-01-14,0.0,0.0,0.0,0.0,0.0,0.47,99.33709999999999,2026-06-21,,0.0,964151.0,0.0,,,,
2025-01-15,42680.0,42842.0,42680.0,63051281647965.0,1496293000.0,2025-01-15,2025-01-15,0.0,0.0,0.0,0.0,0.0,0.47,99.33709999999999,2026-06-21,,941050.0,943241.0,609354.0,,,,
2025-01-16,42529.0,42691.0,42529.0,62828372300881.0,1496293000.0,2025-01-16,2025-01-16,0.0,0.0,0.0,0.0,0.0,0.47,99.33709999999999,2026-06-21,,944150.0,946234.0,17486.0,,,,
2025-01-17,42527.0,42689.0,42527.0,62826038153654.0,1496293000.0,2025-01-17,2025-01-17,0.0,0.0,0.0,0.0,0.0,0.47,99.33709999999999,2026-06-21,,,,,,,,
2025-01-18,42797.0,42960.0,42797.0,63485928023243.0,1502393000.0,2025-01-18,2025-01-18,0.0,0.0,0.0,0.0,0.0,0.52,99.33709999999999,2026-06-21,,949990.0,949600.0,500047.0,,,,
2025-01-19,42822.0,42984.0,42822.0,63543637986743.0,1502893000.0,2025-01-19,2025-01-19,0.0,0.0,0.0,0.2,0.0,0.04,99.33709999999999,2026-06-21,,950000.0,945810.0,382840.0,,,,
2025-01-20,42719.0,42882.0,42719.0,63562269624714.0,1506893000.0,2025-01-20,2025-01-20,0.0,0.0,0.0,0.0,0.0,0.35,99.33709999999999,2026-06-21,,936510.0,945349.0,178702.0,,,,
2025-01-21,44091.0,44260.0,44091.0,65722684579468.0,1509593000.0,2025-01-21,2025-01-21,0.0,0.0,0.0,0.0,0.0,0.3,99.33709999999999,2026-06-21,,900020.0,928706.0,658236.0,,,,
2025-01-22,44955.0,45127.0,44955.0,68205967371380.0,1536193000.0,2025-01-22,2025-01-22,0.0,0.0,0.0,0.0,0.0,0.29,99.33709999999999,2026-06-21,,936940.0,931074.0,208380.0,,,,
2025-01-23,45197.0,45371.0,45197.0,68573816752653.0,1536193000.0,2025-01-23,2025-01-23,0.0,0.0,0.0,0.0,0.0,0.29,99.33709999999999,2026-06-21,,938000.0,947977.0,43376.0,,,,
2025-01-24,45196.0,45369.0,45196.0,68571354064034.0,1536193000.0,2025-01-24,2025-01-24,0.0,0.0,0.0,0.0,0.0,0.29,99.33709999999999,2026-06-21,,,,,,,,
2025-01-25,45467.0,45643.0,45467.0,68846818936541.0,1533193000.0,2025-01-25,2025-01-25,0.0,0.0,0.0,1.19,0.0,0.27,99.33709999999999,2026-06-21,,910000.0,918176.0,65236.0,,,,
2025-01-26,45680.0,45857.0,45680.0,69278492955210.0,1535593000.0,2025-01-26,2025-01-26,0.0,0.0,0.0,0.62,0.0,0.07,99.33709999999999,2026-06-21,,905000.0,902164.0,644755.0,,,,
2025-01-27,45938.0,46117.0,45938.0,69633037710678.0,1534793000.0,2025-01-27,2025-01-27,0.0,0.0,0.0,0.56,0.0,0.29,99.33709999999999,2026-06-21,,909910.0,900545.0,205323.0,,,,
2025-01-28,45936.0,46115.0,45936.0,69630518935237.0,1534793000.0,2025-01-28,2025-01-28,0.0,0.0,0.0,0.56,0.0,0.29,99.33709999999999,2026-06-21,,0.0,900545.0,0.0,,,,
2025-01-29,45384.0,45560.0,45384.0,69088202165968.0,1541293000.0,2025-01-29,2025-01-29,0.0,0.0,0.0,0.27,0.0,0.1,99.33709999999999,2026-06-21,,900000.0,899956.0,357707.0,,,,
2025-01-30,45455.0,45632.0,45455.0,69197344436878.0,1541293000.0,2025-01-30,2025-01-30,0.0,0.0,0.0,0.27,0.0,0.1,99.33709999999999,2026-06-21,,904000.0,907097.0,14224.0,,,,
2025-01-31,45454.0,45631.0,45454.0,69194839602595.0,1541293000.0,2025-01-31,2025-01-31,0.0,0.0,0.0,0.27,0.0,0.1,99.33709999999999,2026-06-21,,,,,,,,
2025-02-01,46376.0,46556.0,46376.0,71016230410688.0,1550293000.0,2025-02-01,2025-02-01,0.0,0.0,0.0,0.08,0.0,0.29,99.33709999999999,2026-06-21,,900000.0,903854.0,135514.0,,,,
2025-02-02,46675.0,46856.0,46675.0,72491529446221.0,1572093000.0,2025-02-02,2025-02-02,0.0,0.0,0.0,0.0,0.0,0.28,99.33709999999999,2026-06-21,,901990.0,900527.0,32087.0,,,,
2025-02-03,46680.0,46860.0,46680.0,73208021820895.0,1587293000.0,2025-02-03,2025-02-03,0.0,0.0,0.0,0.41,0.0,0.31,99.33709999999999,2026-06-21,,901940.0,900534.0,75107.0,,,,
2025-02-04,47234.0,47418.0,47234.0,74356079760867.0,1593193000.0,2025-02-04,2025-02-04,0.0,0.0,0.0,0.0,0.0,0.32,99.33709999999999,2026-06-21,,899990.0,895975.0,238763.0,,,,
2025-02-05,48818.0,49008.0,48818.0,76858872463922.0,1593393000.0,2025-02-05,2025-02-05,0.0,0.0,0.0,0.16,0.0,0.31,99.33709999999999,2026-06-21,,916500.0,909464.0,183863.0,,,,
2025-02-06,49380.0,49573.0,49380.0,77744666513055.0,1593393000.0,2025-02-06,2025-02-06,0.0,0.0,0.0,0.16,0.0,0.3,99.33709999999999,2026-06-21,,919830.0,915439.0,30335.0,,,,
2025-02-07,49378.0,49571.0,49378.0,77741926515408.0,1593393000.0,2025-02-07,2025-02-07,0.0,0.0,0.0,0.16,0.0,0.3,99.33709999999999,2026-06-21,,,,,,,,
2025-02-08,49377.0,49570.0,49377.0,77739186481982.0,1593393000.0,2025-02-08,2025-02-08,0.0,0.0,0.0,0.16,0.0,0.3,99.33709999999999,2026-06-21,,0.0,915439.0,0.0,,,,
2025-02-09,51685.0,51884.0,51685.0,82753640459936.0,1620093000.0,2025-02-09,2025-02-09,0.0,0.0,0.0,0.21,0.0,0.25,99.33709999999999,2026-06-21,,961210.0,939470.0,572623.0,,,,
2025-02-10,51683.0,51882.0,51683.0,82750757984656.0,1620093000.0,2025-02-10,2025-02-10,0.0,0.0,0.0,0.21,0.0,0.25,99.33709999999999,2026-06-21,,0.0,939470.0,0.0,,,,
2025-02-11,52814.0,53021.0,52814.0,84027469742679.0,1609993000.0,2025-02-11,2025-02-11,0.0,0.0,0.0,0.72,0.0,0.24,99.33709999999999,2026-06-21,,958990.0,954198.0,113956.0,,,,
2025-02-12,52812.0,53019.0,52812.0,84024526129790.0,1609993000.0,2025-02-12,2025-02-12,0.0,0.0,0.0,0.72,0.0,0.24,99.33709999999999,2026-06-21,,0.0,954198.0,0.0,,,,
2025-02-13,54254.0,54468.0,54254.0,86318896909950.0,1609993000.0,2025-02-13,2025-02-13,0.0,0.0,0.0,0.71,0.0,0.23,99.33709999999999,2026-06-21,,960000.0,958218.0,40534.0,,,,
2025-02-14,54252.0,54465.0,54253.0,86315953064768.0,1609993000.0,2025-02-14,2025-02-14,99.06,99.06,0.0,0.71,0.0,1.14,99.33709999999999,2026-06-21,,,,,,,,
2025-02-15,54644.0,54857.0,54644.0,86872127044292.0,1608792999.0,2025-02-15,2025-02-15,99.65,99.65,0.0,0.12,0.0,1.13,99.33709999999999,2026-06-21,,963960.0,959044.0,338708.0,,,,
2025-02-16,54180.0,54392.0,54180.0,86135376115975.0,1608792999.0,2025-02-16,2025-02-16,99.71,99.71,0.0,0.05,0.0,1.15,99.33709999999999,2026-06-21,,970000.0,965174.0,62937.0,,,,
2025-02-17,54282.0,54494.0,54282.0,86460781414763.0,1611792999.0,2025-02-17,2025-02-17,99.76,99.76,0.0,0.0,0.0,1.15,99.33709999999999,2026-06-21,,980000.0,979402.0,490208.0,,,,
2025-02-18,55043.0,55257.0,55043.0,88371163487697.0,1624492999.0,2025-02-18,2025-02-18,99.58,99.58,0.0,0.0,0.0,0.42,99.33709999999999,2026-06-21,,1016990.0,1014256.0,424334.0,,,,
2025-02-19,56970.0,57190.0,56970.0,92809783241601.0,1648092999.0,2025-02-19,2025-02-19,99.67,99.77,0.0,0.0,0.0,0.23,99.33709999999999,2026-06-21,,1005280.0,1019105.0,157301.0,,,,
2025-02-20,58245.0,58471.0,58245.0,94886618074918.0,1648092999.0,2025-02-20,2025-02-20,99.67,99.78,0.0,0.0,0.0,0.22,99.33709999999999,2026-06-21,,1060010.0,1066822.0,64067.0,,,,
2025-02-21,58243.0,58469.0,58243.0,94883433960914.0,1648092999.0,2025-02-21,2025-02-21,99.67,99.78,0.0,0.0,0.0,0.22,99.33709999999999,2026-06-21,,,,,,,,
2025-02-22,57960.0,58182.0,57960.0,96798916808935.0,1689092999.0,2025-02-22,2025-02-22,99.47,99.58,0.0,0.19,0.0,0.23,99.33709999999999,2026-06-21,,1067190.0,1077625.0,206919.0,,,,
2025-02-23,56462.0,56675.0,56462.0,95307217890455.0,1706992999.0,2025-02-23,2025-02-23,96.93,97.03,0.0,2.73,0.0,0.24,99.33709999999999,2026-06-21,,1039980.0,1035805.0,299310.0,,,,
2025-02-24,56558.0,56774.0,56558.0,95894026110896.0,1714492999.0,2025-02-24,2025-02-24,97.14,97.24,0.0,1.99,0.0,0.77,99.33709999999999,2026-06-21,,1032960.0,1029966.0,192673.0,,,,
2025-02-25,55413.0,55625.0,55413.0,93675581306496.0,1709492999.0,2025-02-25,2025-02-25,96.64,96.75,0.0,2.47,0.0,0.78,99.33709999999999,2026-06-21,,1000160.0,999323.0,192406.0,,,,
2025-02-26,56697.0,56916.0,56697.0,95335826548551.0,1700492999.0,2025-02-26,2025-02-26,97.38,97.48,0.0,2.11,0.0,0.41,99.33709999999999,2026-06-21,,1011980.0,1007702.0,218125.0,,,,
2025-02-27,56116.0,56333.0,56116.0,94359294655442.0,1700492999.0,2025-02-27,2025-02-27,97.36,97.46,0.0,2.12,0.0,0.42,99.33709999999999,2026-06-21,,1000980.0,1001394.0,14251.0,,,,
2025-02-28,56114.0,56331.0,56114.0,94356040362428.0,1700492999.0,2025-02-28,2025-02-28,97.36,97.46,0.0,2.12,0.0,0.42,99.33709999999999,2026-06-21,,,,,,,,
2025-03-01,53917.0,54128.0,53917.0,90714904745773.0,1701492999.0,2025-03-01,2025-03-01,99.01,99.12,0.0,0.67,0.0,0.21,99.33709999999999,2026-06-21,,978090.0,983684.0,59596.0,,,,
2025-03-02,54341.0,54555.0,54341.0,91579678185971.0,1704292999.0,2025-03-02,2025-03-02,99.62,99.73,0.0,0.0,0.0,0.27,99.33709999999999,2026-06-21,,994390.0,984797.0,326247.0,,,,
2025-03-03,53451.0,53662.0,53451.0,90145119800375.0,1705492999.0,2025-03-03,2025-03-03,99.67,99.78,0.0,0.0,0.0,0.22,99.33709999999999,2026-06-21,,960000.0,958891.0,344037.0,,,,
2025-03-04,54238.0,54452.0,54238.0,91808973262793.0,1711692999.0,2025-03-04,2025-03-04,99.61,99.78,0.0,0.0,0.0,0.22,99.33709999999999,2026-06-21,,960000.0,964272.0,471339.0,,,,
2025-03-05,53346.0,53557.0,53346.0,90298937866207.0,1711692999.0,2025-03-05,2025-03-05,99.52,99.7,0.0,0.07,0.0,0.23,99.33709999999999,2026-06-21,,943000.0,945100.0,207629.0,,,,
2025-03-06,53446.0,53657.0,53446.0,90467213758735.0,1711692999.0,2025-03-06,2025-03-06,99.52,99.7,0.0,0.07,0.0,0.23,99.33709999999999,2026-06-21,,941000.0,936031.0,173313.0,,,,
2025-03-07,53444.0,53655.0,53444.0,90464058377134.0,1711692999.0,2025-03-07,2025-03-07,99.52,99.7,0.0,0.07,0.0,0.23,99.33709999999999,2026-06-21,,,,,,,,
2025-03-08,54954.0,55167.0,54954.0,95439014860128.0,1755692999.0,2025-03-08,2025-03-08,99.6,99.78,0.0,0.0,0.0,0.22,99.33709999999999,2026-06-21,,959950.0,956029.0,345152.0,,,,
2025-03-09,56484.0,56702.0,56484.0,98823688844216.0,1768592999.0,2025-03-09,2025-03-09,97.8,98.08,0.0,1.71,0.0,0.21,99.33709999999999,2026-06-21,,979990.0,965573.0,196832.0,,,,
2025-03-10,56766.0,56989.0,56766.0,98466273312031.0,1753592999.0,2025-03-10,2025-03-10,97.55,97.82,0.0,1.96,0.0,0.22,99.33709999999999,2026-06-21,,994000.0,985724.0,53708.0,,,,
2025-03-11,55724.0,55941.0,55724.0,97092363848302.0,1761392999.0,2025-03-11,2025-03-11,98.35,98.84,0.0,0.94,0.0,0.22,99.33709999999999,2026-06-21,,959910.0,964095.0,306013.0,,,,
2025-03-12,56106.0,56327.0,56106.0,97758291070284.0,1761392999.0,2025-03-12,2025-03-12,98.25,98.91,0.0,0.87,0.0,0.22,99.33709999999999,2026-06-21,,962610.0,954686.0,414626.0,,,,
2025-03-13,56789.0,57013.0,56789.0,98949515764904.0,1761392999.0,2025-03-13,2025-03-13,98.27,98.92,0.0,0.86,0.0,0.22,99.33709999999999,2026-06-21,,964000.0,957421.0,272911.0,,,,
2025-03-14,56788.0,57011.0,56788.0,98946146754014.0,1761392999.0,2025-03-14,2025-03-14,98.27,98.92,0.0,0.86,0.0,0.22,99.33709999999999,2026-06-21,,,,,,,,
2025-03-15,56609.0,56833.0,56609.0,98714113024418.0,1762792999.0,2025-03-15,2025-03-15,98.54,99.27,0.0,0.51,0.0,0.22,99.33709999999999,2026-06-21,,966000.0,966313.0,132473.0,,,,
2025-03-16,58293.0,58522.0,58293.0,103481012285295.0,1794192999.0,2025-03-16,2025-03-16,98.9,99.71,0.0,0.0,0.0,0.29,99.33709999999999,2026-06-21,,1000000.0,985013.0,126396.0,,,,
2025-03-17,60894.0,61134.0,60894.0,109621303023734.0,1819192999.0,2025-03-17,2025-03-17,98.6,99.4,0.0,0.3,0.0,0.3,99.33709999999999,2026-06-21,,1034010.0,1032737.0,171037.0,,,,
2025-03-20,63876.0,64125.0,63876.0,116202562629124.0,1819192999.0,2025-03-20,2025-03-20,97.32,98.11,0.0,1.71,0.0,0.18,99.33709999999999,2026-06-21,,0.0,1084364.0,0.0,,,,
2025-03-21,63874.0,64123.0,63874.0,116199207881577.0,1819192999.0,2025-03-21,2025-03-21,97.32,98.1,0.0,1.72,0.0,0.18,99.33709999999999,2026-06-21,,,,,,,,
2025-03-22,63872.0,64121.0,63872.0,116195853087882.0,1819192999.0,2025-03-22,2025-03-22,97.32,98.1,0.0,1.72,0.0,0.18,99.33709999999999,2026-06-21,,0.0,1084364.0,0.0,,,,
2025-03-23,63870.0,64119.0,63870.0,116192498294236.0,1819192999.0,2025-03-23,2025-03-23,97.32,98.1,0.0,1.72,0.0,0.18,99.33709999999999,2026-06-21,,0.0,1084364.0,0.0,,,,
2025-03-24,63869.0,64117.0,63869.0,116189143500641.0,1819192999.0,2025-03-24,2025-03-24,97.32,98.1,0.0,1.72,0.0,0.18,99.33709999999999,2026-06-21,,0.0,1084364.0,0.0,,,,
2025-03-25,66713.0,66973.0,66713.0,121362926499582.0,1819192999.0,2025-03-25,2025-03-25,96.74,97.52,0.0,1.31,0.0,1.17,99.33709999999999,2026-06-21,,1137000.0,1115252.0,126028.0,,,,
2025-03-26,68355.0,68623.0,68355.0,124350056824504.0,1819192999.0,2025-03-26,2025-03-26,97.01,97.78,0.0,1.08,0.0,1.14,99.33709999999999,2026-06-21,,1157350.0,1163222.0,207924.0,,,,
2025-03-27,68579.0,68848.0,68579.0,124758193392089.0,1819192999.0,2025-03-27,2025-03-27,97.01,97.79,0.0,1.07,0.0,1.14,99.33709999999999,2026-06-21,,1160000.0,1165330.0,40355.0,,,,
2025-03-28,68577.0,68846.0,68577.0,124754514971632.0,1819192999.0,2025-03-28,2025-03-28,97.01,97.79,0.0,1.07,0.0,1.14,99.33709999999999,2026-06-21,,,,,,,,
2025-03-29,71232.0,71511.0,71232.0,131066229226107.0,1839992999.0,2025-03-29,2025-03-29,97.63,98.41,0.0,0.46,0.0,1.13,99.33709999999999,2026-06-21,,1223590.0,1213170.0,323675.0,,,,
2025-03-30,69821.0,70095.0,69821.0,128471034710010.0,1839992999.0,2025-03-30,2025-03-30,96.67,97.46,0.0,0.23,0.0,2.31,99.33709999999999,2026-06-21,,1238790.0,1230900.0,151052.0,,,,
2025-03-31,69826.0,70100.0,69826.0,128480073894011.0,1839992999.0,2025-03-31,2025-03-31,96.66,97.46,0.0,0.23,0.0,2.31,99.33709999999999,2026-06-21,,0.0,1230900.0,0.0,,,,
2025-04-01,69824.0,70098.0,69824.0,128476289523288.0,1839992999.0,2025-04-01,2025-04-01,96.66,97.46,0.0,0.23,0.0,2.31,99.33709999999999,2026-06-21,,0.0,1230900.0,0.0,,,,
2025-04-02,69822.0,70096.0,69822.0,128472505152622.0,1839992999.0,2025-04-02,2025-04-02,96.66,97.46,0.0,0.23,0.0,2.31,99.33709999999999,2026-06-21,,0.0,1230900.0,0.0,,,,
2025-04-03,69820.0,70094.0,69820.0,128468720782013.0,1839992999.0,2025-04-03,2025-04-03,96.66,97.46,0.0,0.23,0.0,2.31,99.33709999999999,2026-06-21,,0.0,1230900.0,0.0,,,,
2025-04-04,69818.0,70092.0,69818.0,128464940066651.0,1839992999.0,2025-04-04,2025-04-04,96.66,97.46,0.0,0.23,0.0,2.31,99.33709999999999,2026-06-21,,,,,,,,
2025-04-05,66525.0,66787.0,66525.0,121275180520300.0,1822992999.0,2025-04-05,2025-04-05,95.86,96.65,0.0,0.89,0.0,2.46,99.33709999999999,2026-06-21,,1169360.0,1169360.0,18975.0,,,,
2025-04-06,67245.0,67509.0,67245.0,123213167006069.0,1832292999.0,2025-04-06,2025-04-06,95.69,96.44,0.0,0.25,0.0,3.31,99.33709999999999,2026-06-21,,1110900.0,1113453.0,244741.0,,,,
2025-04-07,67672.0,67935.0,67672.0,125442365253251.0,1853692999.0,2025-04-07,2025-04-07,96.46,97.24,0.0,0.22,0.0,2.54,99.33709999999999,2026-06-21,,1157900.0,1155773.0,126193.0,,,,
2025-04-08,64959.0,65213.0,64959.0,119960102885538.0,1846692999.0,2025-04-08,2025-04-08,96.35,97.12,0.0,1.38,0.0,1.5,99.33709999999999,2026-06-21,,1097990.0,1097990.0,52888.0,,,,
2025-04-09,62475.0,62722.0,62475.0,114092203690124.0,1826192999.0,2025-04-09,2025-04-09,95.07,95.82,0.0,1.67,0.0,2.51,99.33709999999999,2026-06-21,,1043100.0,1054434.0,62189.0,,,,
2025-04-10,63781.0,64033.0,63781.0,116475972327491.0,1826192999.0,2025-04-10,2025-04-10,95.16,95.91,0.0,1.64,0.0,2.45,99.33709999999999,2026-06-21,,1060000.0,1064825.0,13962.0,,,,
2025-04-11,63778.0,64031.0,63778.0,116471643503472.0,1826192999.0,2025-04-11,2025-04-11,95.16,95.91,0.0,1.64,0.0,2.45,99.33709999999999,2026-06-21,,,,,,,,
2025-04-12,60772.0,61014.0,60772.0,109991155828513.0,1809892999.0,2025-04-12,2025-04-12,95.41,96.16,0.0,2.06,0.0,1.78,99.33709999999999,2026-06-21,,1011590.0,1019323.0,50754.0,,,,
2025-04-13,58521.0,58758.0,58521.0,103575573590687.0,1769892999.0,2025-04-13,2025-04-13,96.15,96.91,0.0,0.55,0.0,2.54,99.33709999999999,2026-06-21,,968360.0,968360.0,23920.0,,,,
2025-04-14,55756.0,55980.0,55756.0,98442790790736.0,1765592999.0,2025-04-14,2025-04-14,95.91,96.87,0.0,2.18,0.0,0.95,99.33709999999999,2026-06-21,,920000.0,923251.0,288137.0,,,,
2025-04-15,56182.0,56412.0,56182.0,97790803257666.0,1740592999.0,2025-04-15,2025-04-15,95.72,96.72,0.0,1.26,0.0,2.02,99.33709999999999,2026-06-21,,959000.0,960937.0,68813.0,,,,
2025-04-16,56877.0,57109.0,56877.0,98828945978297.0,1737592999.0,2025-04-16,2025-04-16,96.82,97.85,0.0,0.95,0.0,1.2,99.33709999999999,2026-06-21,,979980.0,984485.0,30034.0,,,,
2025-04-17,56809.0,57041.0,56809.0,98711435608909.0,1737592999.0,2025-04-17,2025-04-17,96.8,97.82,0.0,0.98,0.0,1.2,99.33709999999999,2026-06-21,,976000.0,972282.0,3445.0,,,,
2025-04-18,56806.0,57038.0,56806.0,98706520748625.0,1737592999.0,2025-04-18,2025-04-18,96.8,97.82,0.0,0.98,0.0,1.2,99.33709999999999,2026-06-21,,,,,,,,
2025-04-19,53978.0,54200.0,53978.0,93359956446047.0,1729592999.0,2025-04-19,2025-04-19,96.82,97.84,0.0,0.76,0.0,1.4,99.33709999999999,2026-06-21,,923670.0,926890.0,23834.0,,,,
2025-04-20,52180.0,52394.0,52180.0,89988447402238.0,1724592999.0,2025-04-20,2025-04-20,96.69,97.7,0.0,0.68,0.0,1.62,99.33709999999999,2026-06-21,,880550.0,881757.0,49061.0,,,,
2025-04-21,54389.0,54616.0,54389.0,92982665228097.0,1709592999.0,2025-04-21,2025-04-21,97.1,98.12,0.0,0.3,0.0,1.58,99.33709999999999,2026-06-21,,915800.0,912491.0,235789.0,,,,
2025-04-22,51938.0,52155.0,51938.0,88372162701346.0,1701492999.0,2025-04-22,2025-04-22,96.66,97.69,0.0,1.86,0.0,0.45,99.33709999999999,2026-06-21,,881000.0,891651.0,31125.0,,,,
2025-04-23,52584.0,52803.0,52584.0,88461235937908.0,1682292999.0,2025-04-23,2025-04-23,94.56,95.59,0.0,3.3,0.0,1.11,99.33709999999999,2026-06-21,,885000.0,884890.0,58803.0,,,,
2025-04-24,52582.0,52801.0,52582.0,88457684717325.0,1682292999.0,2025-04-24,2025-04-24,94.56,95.59,0.0,3.3,0.0,1.11,99.33709999999999,2026-06-21,,0.0,884890.0,0.0,,,,
2025-04-25,52580.0,52799.0,52580.0,88454133496795.0,1682292999.0,2025-04-25,2025-04-25,94.56,95.59,0.0,3.3,0.0,1.11,99.33709999999999,2026-06-21,,,,,,,,
2025-04-26,52978.0,53200.0,52978.0,88314620790673.0,1666992999.0,2025-04-26,2025-04-26,94.56,95.61,0.0,2.01,0.0,2.38,99.33709999999999,2026-06-21,,897000.0,888386.0,53067.0,,,,
2025-04-27,54366.0,54599.0,54366.0,89687005502480.0,1649692999.0,2025-04-27,2025-04-27,96.58,97.63,0.0,0.47,0.0,1.9,99.33709999999999,2026-06-21,,916990.0,917584.0,63216.0,,,,
2025-04-28,52354.0,52578.0,52354.0,85341180458283.0,1630092999.0,2025-04-28,2025-04-28,95.66,96.73,0.0,2.57,0.0,0.7,99.33709999999999,2026-06-21,,886500.0,892853.0,31597.0,,,,
2025-04-29,52435.0,52662.0,52435.0,84189202375827.0,1605592999.0,2025-04-29,2025-04-29,96.19,97.3,0.0,1.2,0.0,1.5,99.33709999999999,2026-06-21,,917000.0,906549.0,27770.0,,,,
2025-04-30,52365.0,52593.0,52365.0,83626979295188.0,1596992999.0,2025-04-30,2025-04-30,97.44,98.57,0.0,0.61,0.0,0.82,99.33709999999999,2026-06-21,,910000.0,903159.0,92259.0,,,,
2025-05-01,52133.0,52360.0,52133.0,83256373388375.0,1596992999.0,2025-05-01,2025-05-01,97.44,98.56,0.0,0.62,0.0,0.82,99.33709999999999,2026-06-21,,908000.0,899430.0,8686.0,,,,
2025-05-02,52131.0,52358.0,52131.0,83252960397455.0,1596992999.0,2025-05-02,2025-05-02,97.44,98.56,0.0,0.62,0.0,0.82,99.33709999999999,2026-06-21,,,,,,,,
2025-05-03,54886.0,55126.0,54886.0,88245220838445.0,1607792999.0,2025-05-03,2025-05-03,98.61,99.72,0.0,0.01,0.0,0.27,99.33709999999999,2026-06-21,,940990.0,935549.0,56181.0,,,,
2025-05-04,56077.0,56322.0,56077.0,90187668986982.0,1608292999.0,2025-05-04,2025-05-04,98.48,99.57,0.0,0.16,0.0,0.27,99.33709999999999,2026-06-21,,943970.0,942049.0,22317.0,,,,
2025-05-05,54477.0,54716.0,54477.0,87342541902159.0,1603292999.0,2025-05-05,2025-05-05,98.33,99.42,0.0,0.31,0.0,0.27,99.33709999999999,2026-06-21,,920000.0,932112.0,26040.0,,,,
2025-05-06,54326.0,54564.0,54326.0,86730289554533.0,1596492999.0,2025-05-06,2025-05-06,98.21,99.28,0.0,0.46,0.0,0.26,99.33709999999999,2026-06-21,,902110.0,913498.0,26969.0,,,,
2025-05-07,54119.0,54358.0,54119.0,85924824050090.0,1587692999.0,2025-05-07,2025-05-07,98.42,99.47,0.0,0.24,0.0,0.29,99.33709999999999,2026-06-21,,870000.0,885633.0,197414.0,,,,
2025-05-08,54306.0,54546.0,54306.0,86221292672802.0,1587692999.0,2025-05-08,2025-05-08,98.41,99.47,0.0,0.24,0.0,0.29,99.33709999999999,2026-06-21,,887910.0,881933.0,18775.0,,,,
2025-05-09,54304.0,54544.0,54304.0,86217800409584.0,1587692999.0,2025-05-09,2025-05-09,98.41,99.47,0.0,0.24,0.0,0.29,99.33709999999999,2026-06-21,,,,,,,,
2025-05-10,54780.0,55021.0,54780.0,86973355825704.0,1587692999.0,2025-05-10,2025-05-10,98.89,99.95,0.0,0.05,0.0,0.0,99.33709999999999,2026-06-21,,880000.0,880370.0,91390.0,,,,
2025-05-11,53924.0,54162.0,53924.0,85631416783173.0,1587992999.0,2025-05-11,2025-05-11,98.89,99.94,0.0,0.02,0.0,0.04,99.33709999999999,2026-06-21,,870000.0,897807.0,22743.0,,,,
2025-05-12,53633.0,53869.0,53633.0,85135935635162.0,1587392999.0,2025-05-12,2025-05-12,98.78,99.85,0.0,0.13,0.0,0.02,99.33709999999999,2026-06-21,,880000.0,878661.0,26851.0,,,,
2025-05-13,53635.0,53872.0,53635.0,85001088530557.0,1584792999.0,2025-05-13,2025-05-13,98.58,99.66,0.0,0.27,0.0,0.07,99.33709999999999,2026-06-21,,880000.0,879901.0,27619.0,,,,
2025-05-14,52998.0,53232.0,52998.0,83943223137994.0,1583892999.0,2025-05-14,2025-05-14,98.72,99.82,0.0,0.13,0.0,0.05,99.33709999999999,2026-06-21,,887940.0,885519.0,21374.0,,,,
2025-05-15,52676.0,52908.0,52676.0,83433119534200.0,1583892999.0,2025-05-15,2025-05-15,98.76,99.82,0.0,0.01,0.0,0.17,99.33709999999999,2026-06-21,,850000.0,851066.0,13284.0,,,,
2025-05-16,52674.0,52906.0,52674.0,83429686888609.0,1583892999.0,2025-05-16,2025-05-16,98.76,99.82,0.0,0.01,0.0,0.17,99.33709999999999,2026-06-21,,,,,,,,
2025-05-17,51823.0,52051.0,51823.0,82081707989460.0,1583892999.0,2025-05-17,2025-05-17,98.79,99.88,0.0,0.0,0.0,0.12,99.33709999999999,2026-06-21,,858990.0,855310.0,9449.0,,,,
2025-05-18,50065.0,50285.0,50065.0,79182412132513.0,1581592999.0,2025-05-18,2025-05-18,98.55,99.64,0.0,0.01,0.0,0.35,99.33709999999999,2026-06-21,,830000.0,844455.0,15034.0,,,,
2025-05-19,51501.0,51728.0,51501.0,81381494394072.0,1580192999.0,2025-05-19,2025-05-19,98.68,99.74,0.0,0.08,0.0,0.18,99.33709999999999,2026-06-21,,830000.0,843486.0,22094.0,,,,
2025-05-20,54045.0,54282.0,54045.0,85709438342908.0,1585892999.0,2025-05-20,2025-05-20,98.76,99.84,0.0,0.05,0.0,0.11,99.33709999999999,2026-06-21,,880000.0,873321.0,19995.0,,,,
2025-05-21,54158.0,54398.0,54158.0,84745941818107.0,1564792999.0,2025-05-21,2025-05-21,97.4,98.47,0.0,1.42,0.0,0.11,99.33709999999999,2026-06-21,,880000.0,900730.0,26984.0,,,,
2025-05-22,53239.0,53474.0,53239.0,83307450299570.0,1564792999.0,2025-05-22,2025-05-22,97.35,98.44,0.0,1.45,0.0,0.11,99.33709999999999,2026-06-21,,887500.0,887948.0,6549.0,,,,
2025-05-23,53236.0,53472.0,53236.0,83303999405930.0,1564792999.0,2025-05-23,2025-05-23,97.35,98.44,0.0,1.45,0.0,0.11,99.33709999999999,2026-06-21,,,,,,,,
2025-05-24,53716.0,53954.0,53716.0,83893260876811.0,1561792999.0,2025-05-24,2025-05-24,98.53,99.61,0.0,0.27,0.0,0.12,99.33709999999999,2026-06-21,,880000.0,890262.0,25278.0,,,,
2025-05-25,53532.0,53770.0,53532.0,83107722834332.0,1552492999.0,2025-05-25,2025-05-25,98.17,99.24,0.0,0.64,0.0,0.12,99.33709999999999,2026-06-21,,860000.0,862487.0,91479.0,,,,
2025-05-26,52922.0,53158.0,52922.0,82102585173236.0,1551392999.0,2025-05-26,2025-05-26,98.74,99.83,0.0,0.05,0.0,0.12,99.33709999999999,2026-06-21,,860000.0,857645.0,19676.0,,,,
2025-05-27,53026.0,53263.0,53026.0,82020633513838.0,1546792999.0,2025-05-27,2025-05-27,98.71,99.77,0.0,0.13,0.0,0.1,99.33709999999999,2026-06-21,,844990.0,841868.0,151318.0,,,,
2025-05-28,53368.0,53606.0,53368.0,82436936700549.0,1544692999.0,2025-05-28,2025-05-28,98.62,99.7,0.0,0.3,0.0,0.0,99.33709999999999,2026-06-21,,854380.0,846925.0,109359.0,,,,
2025-05-29,52498.0,52732.0,52498.0,81093229505777.0,1544692999.0,2025-05-29,2025-05-29,98.61,99.69,0.0,0.31,0.0,0.0,99.33709999999999,2026-06-21,,844980.0,842006.0,5368.0,,,,
2025-05-30,52496.0,52730.0,52496.0,81089863784724.0,1544692999.0,2025-05-30,2025-05-30,98.61,99.69,0.0,0.31,0.0,0.0,99.33709999999999,2026-06-21,,,,,,,,
2025-05-31,52592.0,52827.0,52592.0,80965155385140.0,1539492999.0,2025-05-31,2025-05-31,98.76,99.83,0.0,0.17,0.0,0.0,99.33709999999999,2026-06-21,,837590.0,829815.0,152674.0,,,,
2025-06-01,52344.0,52578.0,52344.0,80583294575649.0,1539492999.0,2025-06-01,2025-06-01,98.93,99.99,0.0,0.01,0.0,0.0,99.33709999999999,2026-06-21,,825000.0,818254.0,79738.0,,,,
2025-06-02,53377.0,53615.0,53377.0,82173042906402.0,1539492999.0,2025-06-02,2025-06-02,98.69,99.71,0.0,0.29,0.0,0.0,99.33709999999999,2026-06-21,,852000.0,830306.0,67760.0,,,,
2025-06-03,53709.0,53948.0,53709.0,82528590206267.0,1536592999.0,2025-06-03,2025-06-03,98.58,99.62,0.0,0.26,0.0,0.12,99.33709999999999,2026-06-21,,871550.0,870028.0,28829.0,,,,
2025-06-04,53707.0,53946.0,53707.0,82525229924459.0,1536592999.0,2025-06-04,2025-06-04,98.58,99.62,0.0,0.26,0.0,0.12,99.33709999999999,2026-06-21,,0.0,870028.0,0.0,,,,
2025-06-05,53704.0,53944.0,53704.0,82521869511611.0,1536592999.0,2025-06-05,2025-06-05,98.58,99.62,0.0,0.26,0.0,0.12,99.33709999999999,2026-06-21,,0.0,870028.0,0.0,,,,
2025-06-06,53702.0,53942.0,53702.0,82518509098813.0,1536592999.0,2025-06-06,2025-06-06,98.58,99.62,0.0,0.26,0.0,0.12,99.33709999999999,2026-06-21,,,,,,,,
2025-06-07,52895.0,53130.0,52895.0,81605590712175.0,1542792999.0,2025-06-07,2025-06-07,98.71,99.81,0.0,0.0,0.0,0.19,99.33709999999999,2026-06-21,,904000.0,905917.0,29801.0,,,,
2025-06-08,53237.0,53473.0,53237.0,82260720934603.0,1545192999.0,2025-06-08,2025-06-08,98.32,99.41,0.0,0.01,0.0,0.58,99.33709999999999,2026-06-21,,903950.0,900671.0,39986.0,,,,
2025-06-09,53977.0,54215.0,53977.0,83485334628789.0,1546692999.0,2025-06-09,2025-06-09,97.33,98.41,0.0,0.86,0.0,0.73,99.33709999999999,2026-06-21,,911850.0,907108.0,112306.0,,,,
2025-06-10,52982.0,53216.0,52982.0,81947661653040.0,1546692999.0,2025-06-10,2025-06-10,97.19,98.29,0.0,0.0,0.0,1.71,99.33709999999999,2026-06-21,,908410.0,900194.0,74469.0,,,,
2025-06-11,54134.0,54373.0,54134.0,83723093092964.0,1546592999.0,2025-06-11,2025-06-11,97.12,98.19,0.0,0.14,0.0,1.67,99.33709999999999,2026-06-21,,905000.0,902408.0,84387.0,,,,
2025-06-12,55329.0,55573.0,55329.0,85571028153360.0,1546592999.0,2025-06-12,2025-06-12,97.15,98.23,0.0,0.02,0.0,1.75,99.33709999999999,2026-06-21,,931000.0,922835.0,24315.0,,,,
2025-06-13,55327.0,55571.0,55327.0,85567663799577.0,1546592999.0,2025-06-13,2025-06-13,97.15,98.23,0.0,0.02,0.0,1.75,99.33709999999999,2026-06-21,,,,,,,,
2025-06-14,55324.0,55569.0,55324.0,85564299650778.0,1546592999.0,2025-06-14,2025-06-14,97.15,98.23,0.0,0.02,0.0,1.75,99.33709999999999,2026-06-21,,0.0,922835.0,0.0,,,,
2025-06-15,55322.0,55567.0,55322.0,85560934597097.0,1546592999.0,2025-06-15,2025-06-15,97.16,98.23,0.0,0.02,0.0,1.75,99.33709999999999,2026-06-21,,0.0,922835.0,0.0,,,,
2025-06-16,55320.0,55564.0,55320.0,85557570243466.0,1546592999.0,2025-06-16,2025-06-16,97.16,98.23,0.0,0.02,0.0,1.75,99.33709999999999,2026-06-21,,0.0,922835.0,0.0,,,,
2025-06-17,55318.0,55562.0,55318.0,85554205889886.0,1546592999.0,2025-06-17,2025-06-17,97.16,98.23,0.0,0.02,0.0,1.75,99.33709999999999,2026-06-21,,0.0,922835.0,0.0,,,,
2025-06-18,55316.0,55560.0,55316.0,85550841536356.0,1546592999.0,2025-06-18,2025-06-18,97.16,98.23,0.0,0.02,0.0,1.75,99.33709999999999,2026-06-21,,0.0,922835.0,0.0,,,,
2025-06-19,55314.0,55558.0,55314.0,85547477182877.0,1546592999.0,2025-06-19,2025-06-19,97.16,98.23,0.0,0.02,0.0,1.75,99.33709999999999,2026-06-21,,0.0,922835.0,0.0,,,,
2025-06-20,55311.0,55556.0,55311.0,85544112829448.0,1546592999.0,2025-06-20,2025-06-20,97.16,98.23,0.0,0.02,0.0,1.75,99.33709999999999,2026-06-21,,,,,,,,
2025-06-21,55309.0,55554.0,55309.0,85540748595341.0,1546592999.0,2025-06-21,2025-06-21,97.16,98.23,0.0,0.02,0.0,1.75,99.33709999999999,2026-06-21,,0.0,922835.0,0.0,,,,
2025-06-22,55307.0,55551.0,55307.0,85537384290348.0,1546592999.0,2025-06-22,2025-06-22,97.16,98.23,0.0,0.02,0.0,1.75,99.33709999999999,2026-06-21,,0.0,922835.0,0.0,,,,
2025-06-23,55305.0,55549.0,55305.0,85534019937072.0,1546592999.0,2025-06-23,2025-06-23,97.16,98.23,0.0,0.02,0.0,1.75,99.33709999999999,2026-06-21,,0.0,922835.0,0.0,,,,
2025-06-24,55303.0,55547.0,55303.0,85530655583847.0,1546592999.0,2025-06-24,2025-06-24,97.16,98.23,0.0,0.02,0.0,1.75,99.33709999999999,2026-06-21,,0.0,922835.0,0.0,,,,
2025-06-25,55300.0,55545.0,55300.0,85527291230673.0,1546592999.0,2025-06-25,2025-06-25,97.16,98.23,0.0,0.02,0.0,1.75,99.33709999999999,2026-06-21,,0.0,922835.0,0.0,,,,
2025-06-26,55298.0,55543.0,55298.0,85523926877549.0,1546592999.0,2025-06-26,2025-06-26,97.16,98.23,0.0,0.02,0.0,1.75,99.33709999999999,2026-06-21,,0.0,922835.0,0.0,,,,
2025-06-27,55296.0,55541.0,55296.0,85520562524476.0,1546592999.0,2025-06-27,2025-06-27,97.16,98.23,0.0,0.02,0.0,1.75,99.33709999999999,2026-06-21,,,,,,,,
2025-06-28,55417.0,55665.0,55417.0,84194395542482.0,1519292999.0,2025-06-28,2025-06-28,96.97,98.05,0.0,0.2,0.0,1.75,99.33709999999999,2026-06-21,,938950.0,939579.0,31060.0,,,,
2025-06-29,58095.0,58357.0,58095.0,87218197183331.0,1501292999.0,2025-06-29,2025-06-29,97.73,98.81,0.0,1.17,0.0,0.02,99.33709999999999,2026-06-21,,961980.0,953279.0,31831.0,,,,
2025-06-30,60441.0,60706.0,60441.0,92824298943847.0,1535792999.0,2025-06-30,2025-06-30,98.95,99.99,0.0,0.0,0.0,0.01,99.33709999999999,2026-06-21,,955000.0,976971.0,129071.0,,,,
2025-07-01,61481.0,61753.0,61481.0,94877086872979.0,1543192999.0,2025-07-01,2025-07-01,97.75,98.77,0.0,1.12,0.0,0.11,99.33709999999999,2026-06-21,,980000.0,991226.0,88355.0,,,,
2025-07-02,61086.0,61359.0,61086.0,94475942174442.0,1546592999.0,2025-07-02,2025-07-02,98.14,99.16,0.0,0.24,0.0,0.6,99.33709999999999,2026-06-21,,970700.0,967206.0,257649.0,,,,
2025-07-03,61084.0,61357.0,61084.0,94472268951141.0,1546592999.0,2025-07-03,2025-07-03,98.14,99.16,0.0,0.01,0.0,0.83,99.33709999999999,2026-06-21,,0.0,967206.0,0.0,,,,
2025-07-04,61082.0,61354.0,61082.0,94468595727895.0,1546592999.0,2025-07-04,2025-07-04,98.14,99.16,0.0,0.01,0.0,0.83,99.33709999999999,2026-06-21,,,,,,,,
2025-07-05,61079.0,61352.0,61079.0,94464922636352.0,1546592999.0,2025-07-05,2025-07-05,98.14,99.16,0.0,0.01,0.0,0.83,99.33709999999999,2026-06-21,,0.0,967206.0,0.0,,,,
2025-07-06,61077.0,61350.0,61077.0,94461249413216.0,1546592999.0,2025-07-06,2025-07-06,98.15,99.16,0.0,0.01,0.0,0.83,99.33709999999999,2026-06-21,,0.0,967206.0,0.0,,,,
2025-07-07,58781.0,59043.0,58781.0,90850739587864.0,1545592999.0,2025-07-07,2025-07-07,97.85,98.9,0.0,0.01,0.0,1.09,99.33709999999999,2026-06-21,,972000.0,971337.0,144442.0,,,,
2025-07-08,58072.0,58331.0,58072.0,90057568175045.0,1550792999.0,2025-07-08,2025-07-08,97.88,98.95,0.0,0.01,0.0,1.04,99.33709999999999,2026-06-21,,979840.0,978145.0,251895.0,,,,
2025-07-09,57835.0,58091.0,57835.0,90268506061226.0,1560792999.0,2025-07-09,2025-07-09,97.74,98.85,0.0,0.1,0.0,1.05,99.33709999999999,2026-06-21,,988990.0,974891.0,291107.0,,,,
2025-07-10,57833.0,58089.0,57833.0,90264952487203.0,1560792999.0,2025-07-10,2025-07-10,97.74,98.85,0.0,0.1,0.0,1.05,99.33709999999999,2026-06-21,,0.0,974891.0,0.0,,,,
2025-07-11,57830.0,58087.0,57830.0,90261400173233.0,1560792999.0,2025-07-11,2025-07-11,97.74,98.85,0.0,0.1,0.0,1.05,99.33709999999999,2026-06-21,,,,,,,,
2025-07-12,57025.0,57276.0,57025.0,89939005938455.0,1577192999.0,2025-07-12,2025-07-12,97.18,98.3,0.0,0.01,0.0,1.69,99.33709999999999,2026-06-21,,1004020.0,1003758.0,104404.0,,,,
2025-07-13,58773.0,59034.0,58773.0,93777359522934.0,1595592999.0,2025-07-13,2025-07-13,97.8,98.93,0.0,0.0,0.0,1.07,99.33709999999999,2026-06-21,,1030010.0,1025508.0,176772.0,,,,
2025-07-14,58966.0,59227.0,58966.0,95276911398075.0,1615792999.0,2025-07-14,2025-07-14,98.02,99.18,0.0,0.0,0.0,0.82,99.33709999999999,2026-06-21,,1050000.0,1066032.0,124740.0,,,,
2025-07-15,58747.0,59006.0,58747.0,95605129408660.0,1627392999.0,2025-07-15,2025-07-15,96.93,98.1,0.0,1.09,0.0,0.81,99.33709999999999,2026-06-21,,1050000.0,1045801.0,140482.0,,,,
2025-07-16,59155.0,59417.0,59155.0,96901098734352.0,1638092999.0,2025-07-16,2025-07-16,97.53,98.68,0.0,0.52,0.0,0.8,99.33709999999999,2026-06-21,,1020000.0,1022941.0,187231.0,,,,
2025-07-17,59153.0,59415.0,59153.0,96897319281182.0,1638092999.0,2025-07-17,2025-07-17,97.53,98.68,0.0,0.52,0.0,0.8,99.33709999999999,2026-06-21,,0.0,1022941.0,0.0,,,,
2025-07-18,59150.0,59412.0,59150.0,96893539828069.0,1638092999.0,2025-07-18,2025-07-18,97.53,98.68,0.0,0.52,0.0,0.8,99.33709999999999,2026-06-21,,,,,,,,
2025-07-19,58300.0,58556.0,58300.0,96334030443123.0,1652392999.0,2025-07-19,2025-07-19,97.0,98.15,0.0,0.38,0.0,1.47,99.33709999999999,2026-06-21,,1016900.0,1011893.0,33137.0,,,,
2025-07-20,57669.0,57922.0,57669.0,96513816327311.0,1673592999.0,2025-07-20,2025-07-20,96.9,98.07,0.0,0.01,0.0,1.92,99.33709999999999,2026-06-21,,995130.0,1000988.0,309008.0,,,,
2025-07-21,58465.0,58721.0,58465.0,98495020556907.0,1684692999.0,2025-07-21,2025-07-21,96.52,97.71,0.0,0.43,0.0,1.86,99.33709999999999,2026-06-21,,1030050.0,1022020.0,137116.0,,,,
2025-07-22,59471.0,59734.0,59471.0,100517875655183.0,1690192999.0,2025-07-22,2025-07-22,96.53,97.72,0.0,0.49,0.0,1.79,99.33709999999999,2026-06-21,,1051960.0,1050593.0,173044.0,,,,
2025-07-23,59512.0,59774.0,59512.0,100675979760845.0,1691692999.0,2025-07-23,2025-07-23,96.24,97.43,0.0,0.8,0.0,1.77,99.33709999999999,2026-06-21,,1051950.0,1059288.0,46661.0,,,,
2025-07-24,59510.0,59772.0,59510.0,100672079330846.0,1691692999.0,2025-07-24,2025-07-24,96.24,97.43,0.0,0.01,0.0,2.56,99.33709999999999,2026-06-21,,0.0,1059288.0,0.0,,,,
2025-07-25,59507.0,59770.0,59507.0,100668178900907.0,1691692999.0,2025-07-25,2025-07-25,96.24,97.43,0.0,0.01,0.0,2.56,99.33709999999999,2026-06-21,,,,,,,,
2025-07-26,58375.0,58631.0,58375.0,99037867585596.0,1696592999.0,2025-07-26,2025-07-26,96.11,97.42,0.0,1.19,0.0,1.39,99.33709999999999,2026-06-21,,1038600.0,1030500.0,290593.0,,,,
2025-07-27,57883.0,58135.0,57883.0,99321757509419.0,1715892999.0,2025-07-27,2025-07-27,96.01,97.31,0.0,1.38,0.0,1.31,99.33709999999999,2026-06-21,,1033970.0,1034152.0,24994.0,,,,
2025-07-28,59321.0,59580.0,59321.0,104072454924492.0,1754392999.0,2025-07-28,2025-07-28,10.79,10.79,0.0,87.96,0.0,1.25,99.33709999999999,2026-06-21,,1050000.0,1054034.0,351971.0,,,,
2025-07-29,59434.0,59696.0,59434.0,105809833508083.0,1780292999.0,2025-07-29,2025-07-29,10.76,10.76,0.0,88.28,0.0,0.96,99.33709999999999,2026-06-21,,1071990.0,1059859.0,208101.0,,,,
2025-07-30,59112.0,59370.0,59112.0,106631136359496.0,1803892999.0,2025-07-30,2025-07-30,10.82,10.82,0.0,86.88,0.0,2.3,99.33709999999999,2026-06-21,,1074830.0,1075254.0,140065.0,,,,
2025-07-31,59110.0,59368.0,59110.0,106628281785901.0,1803892999.0,2025-07-31,2025-07-31,10.82,10.82,0.0,86.88,0.0,2.3,99.33709999999999,2026-06-21,,0.0,1075254.0,0.0,,,,
2025-08-01,59109.0,59367.0,59109.0,106625426691137.0,1803892999.0,2025-08-01,2025-08-01,10.82,10.82,0.0,86.88,0.0,2.3,99.33709999999999,2026-06-21,,,,,,,,
2025-08-02,61461.0,61733.0,61461.0,111810167740133.0,1819192999.0,2025-08-02,2025-08-02,10.89,10.89,0.0,87.44,0.0,1.67,99.33709999999999,2026-06-21,,1085000.0,1089233.0,110261.0,,,,
2025-08-03,62623.0,62902.0,62623.0,114148266435593.0,1822792999.0,2025-08-03,2025-08-03,10.62,10.62,0.0,87.7,0.0,1.68,99.33709999999999,2026-06-21,,1090000.0,1099262.0,160470.0,,,,
2025-08-04,63647.0,63930.0,63647.0,116377689752995.0,1828492999.0,2025-08-04,2025-08-04,10.66,10.66,0.0,87.92,0.0,1.42,99.33709999999999,2026-06-21,,1110000.0,1102628.0,180109.0,,,,
2025-08-05,62950.0,63230.0,62950.0,115129453732851.0,1828892999.0,2025-08-05,2025-08-05,10.56,10.56,0.0,88.58,0.0,0.86,99.33709999999999,2026-06-21,,1118580.0,1123720.0,49767.0,,,,
2025-08-06,63215.0,63497.0,63215.0,115613496057490.0,1828892999.0,2025-08-06,2025-08-06,10.6,10.6,0.0,88.62,0.0,0.78,99.33709999999999,2026-06-21,,1109110.0,1111163.0,130020.0,,,,
2025-08-07,63214.0,63496.0,63214.0,115611558263513.0,1828892999.0,2025-08-07,2025-08-07,10.6,10.6,0.0,87.8,0.0,1.6,99.33709999999999,2026-06-21,,0.0,1111163.0,0.0,,,,
2025-08-08,63213.0,63495.0,63213.0,115609620469566.0,1828892999.0,2025-08-08,2025-08-08,10.6,10.6,0.0,87.8,0.0,1.6,99.33709999999999,2026-06-21,,,,,,,,
2025-08-09,61777.0,62052.0,61777.0,112983221930737.0,1828892999.0,2025-08-09,2025-08-09,10.75,10.75,0.0,87.94,0.0,1.31,99.33709999999999,2026-06-21,,1098900.0,1099384.0,24748.0,,,,
2025-08-10,61380.0,61652.0,61380.0,112938517659007.0,1839992999.0,2025-08-10,2025-08-10,10.9,10.9,0.0,87.8,0.0,1.3,99.33709999999999,2026-06-21,,1093930.0,1092527.0,46722.0,,,,
2025-08-11,62046.0,62320.0,62046.0,114430483938877.0,1844292999.0,2025-08-11,2025-08-11,10.79,10.79,0.0,87.88,0.0,1.33,99.33709999999999,2026-06-21,,1109990.0,1112085.0,102227.0,,,,
2025-08-12,61405.0,61677.0,61405.0,113494824067577.0,1848292999.0,2025-08-12,2025-08-12,10.83,10.83,0.0,87.83,0.0,1.34,99.33709999999999,2026-06-21,,1099100.0,1094522.0,169841.0,,,,
2025-08-13,62155.0,62430.0,62155.0,115352982724652.0,1855892999.0,2025-08-13,2025-08-13,10.84,10.84,0.0,87.63,0.0,1.53,99.33709999999999,2026-06-21,,1124800.0,1114893.0,191821.0,,,,
2025-08-14,62153.0,62428.0,62153.0,115349941120870.0,1855892999.0,2025-08-14,2025-08-14,10.84,10.84,0.0,87.63,0.0,1.53,99.33709999999999,2026-06-21,,0.0,1114893.0,0.0,,,,
2025-08-15,62152.0,62427.0,62152.0,115346899716635.0,1855892999.0,2025-08-15,2025-08-15,10.84,10.84,0.0,87.63,0.0,1.53,99.33709999999999,2026-06-21,,,,,,,,
2025-08-16,61345.0,61616.0,61345.0,114267249945823.0,1862692999.0,2025-08-16,2025-08-16,10.82,10.82,0.0,87.68,0.0,1.5,99.33709999999999,2026-06-21,,1090070.0,1094935.0,55140.0,,,,
2025-08-17,61908.0,62180.0,61908.0,115717387842588.0,1869192999.0,2025-08-17,2025-08-17,10.72,10.72,0.0,87.79,0.0,1.49,99.33709999999999,2026-06-21,,1111990.0,1113572.0,85195.0,,,,
2025-08-18,62262.0,62537.0,62262.0,117450815292216.0,1886392999.0,2025-08-18,2025-08-18,10.7,10.7,0.0,87.86,0.0,1.44,99.33709999999999,2026-06-21,,1115000.0,1120410.0,112015.0,,,,
2025-08-19,62176.0,62453.0,62176.0,117611913235945.0,1891592999.0,2025-08-19,2025-08-19,10.69,10.69,0.0,88.43,0.0,0.88,99.33709999999999,2026-06-21,,1110000.0,1109915.0,48236.0,,,,
2025-08-20,62834.0,63113.0,62834.0,119892729700892.0,1908092999.0,2025-08-20,2025-08-20,10.69,10.69,0.0,88.57,0.0,0.74,99.33709999999999,2026-06-21,,1120000.0,1095930.0,113923.0,,,,
2025-08-21,62831.0,63110.0,62831.0,119888135692628.0,1908092999.0,2025-08-21,2025-08-21,10.69,10.69,0.0,88.57,0.0,0.74,99.33709999999999,2026-06-21,,0.0,1095930.0,0.0,,,,
2025-08-22,62829.0,63108.0,62829.0,119883542058983.0,1908092999.0,2025-08-22,2025-08-22,10.69,10.69,0.0,88.57,0.0,0.74,99.33709999999999,2026-06-21,,,,,,,,
2025-08-23,63721.0,64002.0,63721.0,122758766119529.0,1926492999.0,2025-08-23,2025-08-23,10.53,10.53,0.0,87.91,0.0,1.56,99.33709999999999,2026-06-21,,1137000.0,1122940.0,291092.0,,,,
2025-08-24,63719.0,64000.0,63719.0,122754097131060.0,1926492999.0,2025-08-24,2025-08-24,10.53,10.53,0.0,87.91,0.0,1.56,99.33709999999999,2026-06-21,,0.0,1122940.0,0.0,,,,
2025-08-25,63746.0,64026.0,63746.0,124273079563741.0,1949492999.0,2025-08-25,2025-08-25,10.57,10.57,0.0,88.07,0.0,1.36,99.33709999999999,2026-06-21,,1168000.0,1168323.0,108213.0,,,,
2025-08-26,64504.0,64789.0,64504.0,125795740252713.0,1950192999.0,2025-08-26,2025-08-26,10.25,10.25,0.0,88.04,0.0,1.71,99.33709999999999,2026-06-21,,1165000.0,1169537.0,107625.0,,,,
2025-08-27,67215.0,67516.0,67215.0,131082285198687.0,1950192999.0,2025-08-27,2025-08-27,10.29,10.29,0.0,88.72,0.0,0.99,99.33709999999999,2026-06-21,,1188990.0,1188861.0,112649.0,,,,
2025-08-28,67212.0,67513.0,67212.0,131077333462043.0,1950192999.0,2025-08-28,2025-08-28,10.29,10.29,0.0,88.72,0.0,0.99,99.33709999999999,2026-06-21,,0.0,1188861.0,0.0,,,,
2025-08-29,67210.0,67511.0,67210.0,131072382075474.0,1950192999.0,2025-08-29,2025-08-29,10.29,10.29,0.0,88.72,0.0,0.99,99.33709999999999,2026-06-21,,,,,,,,
2025-08-30,69818.0,70130.0,69818.0,136507684127151.0,1955192999.0,2025-08-30,2025-08-30,10.27,10.27,0.0,89.73,0.0,0.0,99.33709999999999,2026-06-21,,1248300.0,1248300.0,251195.0,,,,
2025-08-31,72584.0,72910.0,72584.0,141916061623208.0,1955192999.0,2025-08-31,2025-08-31,10.12,10.12,0.0,89.71,0.0,0.17,99.33709999999999,2026-06-21,,1290000.0,1300979.0,197843.0,,,,
2025-09-01,72581.0,72907.0,72581.0,141910791335985.0,1955192999.0,2025-09-01,2025-09-01,10.12,10.12,0.0,89.71,0.0,0.17,99.33709999999999,2026-06-21,,0.0,1300979.0,0.0,,,,
2025-09-02,70637.0,70955.0,70637.0,137402412344677.0,1945192999.0,2025-09-02,2025-09-02,10.04,10.04,0.0,89.79,0.0,0.17,99.33709999999999,2026-06-21,,1321000.0,1317248.0,229828.0,,,,
2025-09-03,70789.0,71108.0,70789.0,137068267494529.0,1936292999.0,2025-09-03,2025-09-03,10.18,10.18,0.0,89.82,0.0,0.0,99.33709999999999,2026-06-21,,1348990.0,1315944.0,151735.0,,,,
2025-09-04,70786.0,71105.0,70786.0,137063130225344.0,1936292999.0,2025-09-04,2025-09-04,10.18,10.18,0.0,89.27,0.0,0.55,99.33709999999999,2026-06-21,,0.0,1315944.0,0.0,,,,
2025-09-05,70784.0,71103.0,70784.0,137057992956236.0,1936292999.0,2025-09-05,2025-09-05,10.18,10.18,0.0,89.27,0.0,0.55,99.33709999999999,2026-06-21,,,,,,,,
2025-09-06,71023.0,71343.0,71023.0,137520795771228.0,1936292999.0,2025-09-06,2025-09-06,10.17,10.17,0.0,89.74,0.0,0.09,99.33709999999999,2026-06-21,,1354880.0,1337158.0,222552.0,,,,
2025-09-07,71982.0,72306.0,71982.0,139629676428172.0,1939792999.0,2025-09-07,2025-09-07,10.11,10.11,0.0,89.8,0.0,0.09,99.33709999999999,2026-06-21,,1398500.0,1369565.0,198396.0,,,,
2025-09-08,71832.0,72155.0,71832.0,139338247941663.0,1939792999.0,2025-09-08,2025-09-08,10.02,10.02,0.0,89.8,0.0,0.18,99.33709999999999,2026-06-21,,1395000.0,1392832.0,215254.0,,,,
2025-09-09,71823.0,72146.0,71823.0,139012024107471.0,1935492999.0,2025-09-09,2025-09-09,10.1,10.1,0.0,89.72,0.0,0.18,99.33709999999999,2026-06-21,,1390000.0,1385291.0,215666.0,,,,
2025-09-10,71820.0,72143.0,71820.0,139006833133729.0,1935492999.0,2025-09-10,2025-09-10,10.1,10.1,0.0,89.49,0.0,0.41,99.33709999999999,2026-06-21,,0.0,1385291.0,0.0,,,,
2025-09-11,71817.0,72141.0,71817.0,139001642135443.0,1935492999.0,2025-09-11,2025-09-11,10.1,10.1,0.0,89.49,0.0,0.41,99.33709999999999,2026-06-21,,0.0,1385291.0,0.0,,,,
2025-09-12,71814.0,72138.0,71814.0,138996451137236.0,1935492999.0,2025-09-12,2025-09-12,10.1,10.1,0.0,89.49,0.0,0.41,99.33709999999999,2026-06-21,,,,,,,,
2025-09-13,69230.0,69542.0,69230.0,133994529940061.0,1935492999.0,2025-09-13,2025-09-13,10.15,10.15,0.0,89.65,0.0,0.2,99.33709999999999,2026-06-21,,1340000.0,1344761.0,133467.0,,,,
2025-09-14,69083.0,69392.0,69083.0,134496491367375.0,1946892999.0,2025-09-14,2025-09-14,10.23,10.23,0.0,89.57,0.0,0.2,99.33709999999999,2026-06-21,,1389520.0,1382644.0,114739.0,,,,
2025-09-15,70778.0,71093.0,70778.0,138341708028510.0,1954592999.0,2025-09-15,2025-09-15,10.11,10.11,0.0,89.48,0.0,0.41,99.33709999999999,2026-06-21,,1440000.0,1440329.0,142200.0,,,,
2025-09-16,71828.0,72145.0,71828.0,142908160235251.0,1989592999.0,2025-09-16,2025-09-16,10.09,10.09,0.0,89.51,0.0,0.4,99.33709999999999,2026-06-21,,1443000.0,1477036.0,150664.0,,,,
2025-09-17,72390.0,72716.0,72390.0,144033682441316.0,1989692999.0,2025-09-17,2025-09-17,9.84,9.84,0.0,89.77,0.0,0.39,99.33709999999999,2026-06-21,,1446480.0,1431138.0,271754.0,,,,
2025-09-18,72387.0,72713.0,72387.0,144028324587082.0,1989692999.0,2025-09-18,2025-09-18,9.84,9.84,0.0,89.77,0.0,0.39,99.33709999999999,2026-06-21,,0.0,1431138.0,0.0,,,,
2025-09-19,72385.0,72710.0,72385.0,144022966732930.0,1989692999.0,2025-09-19,2025-09-19,9.84,9.84,0.0,89.77,0.0,0.39,99.33709999999999,2026-06-21,,,,,,,,
2025-09-20,75716.0,76043.0,75716.0,158314837201664.0,2090892999.0,2025-09-20,2025-09-20,9.76,9.76,0.0,89.87,0.0,0.37,99.33709999999999,2026-06-21,,1502100.0,1502683.0,341157.0,,,,
2025-09-21,77807.0,78140.0,77807.0,165550159313604.0,2127692999.0,2025-09-21,2025-09-21,9.43,9.43,0.0,86.72,0.0,3.85,99.33709999999999,2026-06-21,,1577810.0,1576710.0,666464.0,,,,
2025-09-22,76944.0,77279.0,76944.0,163112721035593.0,2119892999.0,2025-09-22,2025-09-22,9.24,9.24,0.0,90.4,0.0,0.36,99.33709999999999,2026-06-21,,1588000.0,1581969.0,273631.0,,,,
2025-09-23,78955.0,79309.0,78955.0,170771830279220.0,2162892999.0,2025-09-23,2025-09-23,9.16,9.16,0.0,90.26,0.0,0.58,99.33709999999999,2026-06-21,,1622000.0,1623653.0,222761.0,,,,
2025-09-24,81388.0,81749.0,81388.0,179045669094013.0,2199892999.0,2025-09-24,2025-09-24,9.16,9.16,0.0,90.28,0.0,0.56,99.33709999999999,2026-06-21,,1704830.0,1704830.0,113003.0,,,,
2025-09-25,81385.0,81746.0,81385.0,179039293432341.0,2199892999.0,2025-09-25,2025-09-25,9.16,9.16,0.0,90.14,0.0,0.7,99.33709999999999,2026-06-21,,0.0,1704830.0,0.0,,,,
2025-09-26,81383.0,81743.0,81383.0,179032917770765.0,2199892999.0,2025-09-26,2025-09-26,9.16,9.16,0.0,90.14,0.0,0.7,99.33709999999999,2026-06-21,,,,,,,,
2025-09-27,84406.0,84785.0,84406.0,188570060875084.0,2234092999.0,2025-09-27,2025-09-27,8.92,8.92,0.0,90.97,0.0,0.11,99.33709999999999,2026-06-21,,1790070.0,1790070.0,38753.0,,,,
2025-09-28,81414.0,81781.0,81414.0,181781080858503.0,2232792999.0,2025-09-28,2025-09-28,8.74,8.74,0.0,91.15,0.0,0.11,99.33709999999999,2026-06-21,,1816810.0,1861925.0,647243.0,,,,
2025-09-29,84480.0,84860.0,84480.0,188625888611503.0,2232792999.0,2025-09-29,2025-09-29,8.74,8.74,0.0,91.14,0.0,0.12,99.33709999999999,2026-06-21,,1955020.0,1948447.0,383958.0,,,,
2025-09-30,86175.0,86563.0,86175.0,192341471511146.0,2231992999.0,2025-09-30,2025-09-30,8.66,8.66,0.0,91.22,0.0,0.12,99.33709999999999,2026-06-21,,1963000.0,1952651.0,361618.0,,,,
2025-10-01,87645.0,88043.0,87645.0,194886786679581.0,2223592999.0,2025-10-01,2025-10-01,8.69,8.69,0.0,91.2,0.0,0.11,99.33709999999999,2026-06-21,,2047080.0,2044721.0,392036.0,,,,
2025-10-02,87642.0,88040.0,87642.0,194879502940141.0,2223592999.0,2025-10-02,2025-10-02,8.69,8.69,0.0,90.8,0.0,0.51,99.33709999999999,2026-06-21,,0.0,2044721.0,0.0,,,,
2025-10-03,87639.0,88038.0,87639.0,194873953145377.0,2223592999.0,2025-10-03,2025-10-03,8.69,8.69,0.0,90.8,0.0,0.51,99.33709999999999,2026-06-21,,,,,,,,
2025-10-04,87058.0,87453.0,87058.0,193041643903100.0,2217392999.0,2025-10-04,2025-10-04,8.71,8.71,0.0,91.15,0.0,0.14,99.33709999999999,2026-06-21,,1997700.0,1996950.0,433900.0,,,,
2025-10-05,86393.0,86784.0,86393.0,191566197909687.0,2217392999.0,2025-10-05,2025-10-05,8.72,8.72,0.0,91.14,0.0,0.14,99.33709999999999,2026-06-21,,1996910.0,2005392.0,122496.0,,,,
2025-10-06,84339.0,84722.0,84339.0,185570002941145.0,2200292999.0,2025-10-06,2025-10-06,8.89,8.89,0.0,90.97,0.0,0.14,99.33709999999999,2026-06-21,,1959990.0,1984534.0,400236.0,,,,
2025-10-07,88170.0,88571.0,88170.0,193857861476716.0,2198692999.0,2025-10-07,2025-10-07,8.76,8.76,0.0,91.19,0.0,0.05,99.33709999999999,2026-06-21,,1997100.0,1991274.0,301192.0,,,,
2025-10-08,90705.0,91118.0,90705.0,199431892463689.0,2198692999.0,2025-10-08,2025-10-08,8.73,8.73,0.0,91.15,0.0,0.12,99.33709999999999,2026-06-21,,2046000.0,2076285.0,440932.0,,,,
2025-10-09,90701.0,91114.0,90701.0,199424416327900.0,2198692999.0,2025-10-09,2025-10-09,8.73,8.73,0.0,91.14,0.0,0.13,99.33709999999999,2026-06-21,,0.0,2076285.0,0.0,,,,
2025-10-10,90698.0,91111.0,90698.0,199416940192786.0,2198692999.0,2025-10-10,2025-10-10,8.73,8.73,0.0,91.14,0.0,0.13,99.33709999999999,2026-06-21,,,,,,,,
2025-10-11,88653.0,89057.0,88653.0,194460664861681.0,2193492999.0,2025-10-11,2025-10-11,8.72,8.72,0.0,91.15,0.0,0.13,99.33709999999999,2026-06-21,,1972480.0,2001263.0,329022.0,,,,
2025-10-12,88064.0,88463.0,88064.0,193906896591768.0,2201892999.0,2025-10-12,2025-10-12,8.75,8.75,0.0,91.08,0.0,0.17,99.33709999999999,2026-06-21,,1948110.0,1919992.0,370595.0,,,,
2025-10-13,87913.0,88311.0,87913.0,193574031505055.0,2201892999.0,2025-10-13,2025-10-13,8.73,8.73,0.0,91.01,0.0,0.26,99.33709999999999,2026-06-21,,2009740.0,2005948.0,257836.0,,,,
2025-10-14,87296.0,87692.0,87296.0,192216829063081.0,2201892999.0,2025-10-14,2025-10-14,8.71,8.71,0.0,91.03,0.0,0.26,99.33709999999999,2026-06-21,,1999920.0,2005054.0,327125.0,,,,
2025-10-15,88923.0,89327.0,88923.0,195888337261404.0,2202892999.0,2025-10-15,2025-10-15,8.68,8.68,0.0,91.06,0.0,0.26,99.33709999999999,2026-06-21,,2080000.0,2073592.0,192385.0,,,,
2025-10-16,88920.0,89323.0,88920.0,195880974720782.0,2202892999.0,2025-10-16,2025-10-16,8.68,8.68,0.0,90.8,0.0,0.52,99.33709999999999,2026-06-21,,0.0,2073592.0,0.0,,,,
2025-10-17,88917.0,89320.0,88917.0,195873611980476.0,2202892999.0,2025-10-17,2025-10-17,8.68,8.68,0.0,90.8,0.0,0.52,99.33709999999999,2026-06-21,,,,,,,,
2025-10-18,87060.0,87456.0,87060.0,191897405976824.0,2204192999.0,2025-10-18,2025-10-18,8.78,8.78,0.0,91.01,0.0,0.21,99.33709999999999,2026-06-21,,2016890.0,2002043.0,213645.0,,,,
2025-10-19,89570.0,89977.0,89570.0,197464523743593.0,2204592999.0,2025-10-19,2025-10-19,8.67,8.67,0.0,91.13,0.0,0.2,99.33709999999999,2026-06-21,,2076100.0,2064930.0,448361.0,,,,
2025-10-20,88346.0,88746.0,88346.0,195737932904190.0,2215592999.0,2025-10-20,2025-10-20,8.74,8.74,0.0,91.05,0.0,0.21,99.33709999999999,2026-06-21,,2042770.0,2041140.0,177590.0,,,,
2025-10-21,88027.0,88428.0,88027.0,195032118988122.0,2215592999.0,2025-10-21,2025-10-21,8.66,8.66,0.0,91.13,0.0,0.21,99.33709999999999,2026-06-21,,1971040.0,1994035.0,210358.0,,,,
2025-10-22,86293.0,86685.0,86293.0,191190943995003.0,2215592999.0,2025-10-22,2025-10-22,8.74,8.74,0.0,91.04,0.0,0.22,99.33709999999999,2026-06-21,,1942100.0,1929404.0,594074.0,,,,
2025-10-23,86290.0,86682.0,86290.0,191183697460946.0,2215592999.0,2025-10-23,2025-10-23,8.74,8.74,0.0,90.79,0.0,0.47,99.33709999999999,2026-06-21,,0.0,1929404.0,0.0,,,,
2025-10-24,86287.0,86679.0,86287.0,191176450885171.0,2215592999.0,2025-10-24,2025-10-24,8.74,8.74,0.0,90.79,0.0,0.47,99.33709999999999,2026-06-21,,,,,,,,
2025-10-25,86385.0,86776.0,86385.0,192144831400578.0,2224292999.0,2025-10-25,2025-10-25,8.78,8.78,0.0,91.0,0.0,0.22,99.33709999999999,2026-06-21,,1936700.0,1925023.0,252617.0,,,,
2025-10-26,87480.0,87878.0,87480.0,194581415048793.0,2224292999.0,2025-10-26,2025-10-26,8.67,8.67,0.0,91.12,0.0,0.21,99.33709999999999,2026-06-21,,1930000.0,1972358.0,199512.0,,,,
2025-10-27,85946.0,86336.0,85946.0,191254899007195.0,2225292999.0,2025-10-27,2025-10-27,8.72,8.72,0.0,91.06,0.0,0.22,99.33709999999999,2026-06-21,,1899990.0,1896628.0,195019.0,,,,
2025-10-28,83845.0,84226.0,83845.0,186587378168082.0,2225392999.0,2025-10-28,2025-10-28,8.75,8.75,0.0,91.03,0.0,0.22,99.33709999999999,2026-06-21,,1821000.0,1817657.0,494136.0,,,,
2025-10-29,85309.0,85697.0,85309.0,189846650690073.0,2225392999.0,2025-10-29,2025-10-29,8.7,8.7,0.0,91.08,0.0,0.22,99.33709999999999,2026-06-21,,1895300.0,1887291.0,249265.0,,,,
2025-10-30,85306.0,85694.0,85306.0,189839427431212.0,2225392999.0,2025-10-30,2025-10-30,8.7,8.7,0.0,91.08,0.0,0.22,99.33709999999999,2026-06-21,,0.0,1887291.0,0.0,,,,
2025-10-31,85303.0,85691.0,85303.0,189832205969579.0,2225392999.0,2025-10-31,2025-10-31,8.7,8.7,0.0,91.08,0.0,0.22,99.33709999999999,2026-06-21,,,,,,,,
2025-11-01,86055.0,86445.0,86055.0,192453719299514.0,2236392999.0,2025-11-01,2025-11-01,8.7,8.7,0.0,91.08,0.0,0.22,99.33709999999999,2026-06-21,,1942990.0,1932729.0,163707.0,,,,
2025-11-02,85574.0,85963.0,85574.0,191830729071989.0,2241692999.0,2025-11-02,2025-11-02,8.68,8.68,0.0,91.1,0.0,0.22,99.33709999999999,2026-06-21,,1910000.0,1893289.0,248279.0,,,,
2025-11-03,85619.0,86005.0,85619.0,193814875945154.0,2263692999.0,2025-11-03,2025-11-03,8.66,8.66,0.0,91.12,0.0,0.22,99.33709999999999,2026-06-21,,1880000.0,1892385.0,133538.0,,,,
2025-11-04,85691.0,86080.0,85691.0,195041675729265.0,2276092999.0,2025-11-04,2025-11-04,8.59,8.59,0.0,91.19,0.0,0.22,99.33709999999999,2026-06-21,,1882200.0,1886544.0,54852.0,,,,
2025-11-05,85727.0,86114.0,85727.0,196759798215382.0,2295192999.0,2025-11-05,2025-11-05,8.51,8.51,0.0,91.27,0.0,0.22,99.33709999999999,2026-06-21,,1800000.0,1829617.0,160456.0,,,,
2025-11-06,85724.0,86111.0,85724.0,196752364902660.0,2295192999.0,2025-11-06,2025-11-06,8.51,8.51,0.0,91.27,0.0,0.22,99.33709999999999,2026-06-21,,0.0,1829617.0,0.0,,,,
2025-11-07,85720.0,86108.0,85720.0,196744931590610.0,2295192999.0,2025-11-07,2025-11-07,8.51,8.51,0.0,91.27,0.0,0.22,99.33709999999999,2026-06-21,,,,,,,,
2025-11-08,85372.0,85760.0,85372.0,196379633311762.0,2300292999.0,2025-11-08,2025-11-08,8.42,8.42,0.0,91.38,0.0,0.2,99.33709999999999,2026-06-21,,1838000.0,1813553.0,684949.0,,,,
2025-11-09,85422.0,85810.0,85422.0,196588571362629.0,2301392999.0,2025-11-09,2025-11-09,8.33,8.33,0.0,91.47,0.0,0.2,99.33709999999999,2026-06-21,,1875800.0,1832908.0,235986.0,,,,
2025-11-10,86312.0,86705.0,86312.0,198818447024969.0,2303492999.0,2025-11-10,2025-11-10,8.24,8.24,0.0,91.56,0.0,0.2,99.33709999999999,2026-06-21,,1913000.0,1904178.0,182758.0,,,,
2025-11-11,89943.0,90353.0,89943.0,207795803624652.0,2310292999.0,2025-11-11,2025-11-11,8.19,8.19,0.0,91.62,0.0,0.19,99.33709999999999,2026-06-21,,1983000.0,1969294.0,195261.0,,,,
2025-11-12,92547.0,92968.0,92547.0,214689151643282.0,2319792999.0,2025-11-12,2025-11-12,8.09,8.09,0.0,91.72,0.0,0.19,99.33709999999999,2026-06-21,,2019980.0,2021567.0,240426.0,,,,
2025-11-13,92543.0,92965.0,92543.0,214681185384685.0,2319792999.0,2025-11-13,2025-11-13,8.09,8.09,0.0,91.72,0.0,0.19,99.33709999999999,2026-06-21,,0.0,2021567.0,0.0,,,,
2025-11-14,92540.0,92961.0,92540.0,214673219126808.0,2319792999.0,2025-11-14,2025-11-14,8.09,8.09,0.0,91.72,0.0,0.19,99.33709999999999,2026-06-21,,,,,,,,
2025-11-15,91401.0,91816.0,91401.0,212780686492738.0,2327992999.0,2025-11-15,2025-11-15,8.12,8.12,0.0,91.69,0.0,0.19,99.33709999999999,2026-06-21,,1960020.0,1978176.0,97922.0,,,,
2025-11-16,90032.0,90440.0,90032.0,211457371999257.0,2348692999.0,2025-11-16,2025-11-16,8.14,8.14,0.0,91.67,0.0,0.19,99.33709999999999,2026-06-21,,1951010.0,1963457.0,283350.0,,,,
2025-11-17,90796.0,91209.0,90796.0,215848466059110.0,2377292999.0,2025-11-17,2025-11-17,8.0,8.0,0.0,91.81,0.0,0.19,99.33709999999999,2026-06-21,,1969660.0,1965073.0,211567.0,,,,
2025-11-18,90653.0,91064.0,90653.0,217567208155634.0,2399999999.0,2025-11-18,2025-11-18,7.96,7.96,0.0,91.85,0.0,0.19,99.33709999999999,2026-06-21,,1984500.0,1973264.0,213929.0,,,,
2025-11-19,92001.0,92423.0,92001.0,220802961706831.0,2399999999.0,2025-11-19,2025-11-19,7.85,7.85,0.0,91.97,0.0,0.18,99.33709999999999,2026-06-21,,2039030.0,2018934.0,242937.0,,,,
2025-11-20,92003.0,92424.0,92003.0,220807080968080.0,2399999999.0,2025-11-20,2025-11-20,7.85,7.85,0.0,91.96,0.0,0.19,99.33709999999999,2026-06-21,,0.0,2018934.0,0.0,,,,
2025-11-21,92000.0,92421.0,92000.0,220798858793326.0,2399999999.0,2025-11-21,2025-11-21,7.85,7.85,0.0,91.96,0.0,0.19,99.33709999999999,2026-06-21,,,,,,,,
2025-11-22,90353.0,90767.0,90353.0,216847619857262.0,2399999999.0,2025-11-22,2025-11-22,7.9,7.9,0.0,91.91,0.0,0.19,99.33709999999999,2026-06-21,,1993040.0,1998043.0,351241.0,,,,
2025-11-23,91242.0,91660.0,91242.0,218980194407439.0,2399999999.0,2025-11-23,2025-11-23,7.88,7.88,0.0,91.93,0.0,0.19,99.33709999999999,2026-06-21,,2029990.0,1993698.0,232474.0,,,,
2025-11-24,91238.0,91656.0,91238.0,218972021871170.0,2399999999.0,2025-11-24,2025-11-24,7.88,7.88,0.0,91.93,0.0,0.19,99.33709999999999,2026-06-21,,0.0,1993698.0,0.0,,,,
2025-11-25,91826.0,92247.0,91826.0,220383457934272.0,2399999999.0,2025-11-25,2025-11-25,7.85,7.85,0.0,91.96,0.0,0.19,99.33709999999999,2026-06-21,,2050000.0,2017188.0,282512.0,,,,
2025-11-26,92249.0,92672.0,92249.0,221397796626098.0,2399999999.0,2025-11-26,2025-11-26,7.85,7.85,0.0,91.96,0.0,0.19,99.33709999999999,2026-06-21,,2042490.0,2045290.0,353181.0,,,,
2025-11-27,92246.0,92668.0,92246.0,221389557299184.0,2399999999.0,2025-11-27,2025-11-27,7.85,7.85,0.0,91.96,0.0,0.19,99.33709999999999,2026-06-21,,0.0,2045290.0,0.0,,,,
2025-11-28,92242.0,92665.0,92242.0,221381317973015.0,2399999999.0,2025-11-28,2025-11-28,7.85,7.85,0.0,91.96,0.0,0.19,99.33709999999999,2026-06-21,,,,,,,,
2025-11-29,95446.0,95883.0,95446.0,229069271921548.0,2399999999.0,2025-11-29,2025-11-29,7.83,7.83,0.0,91.99,0.0,0.18,99.33709999999999,2026-06-21,,2180000.0,2183941.0,293331.0,,,,
2025-11-30,97121.0,97566.0,97121.0,233089366357461.0,2399999999.0,2025-11-30,2025-11-30,7.78,7.78,0.0,92.2,0.0,0.02,99.33709999999999,2026-06-21,,2208030.0,2209181.0,797855.0,,,,
2025-12-01,100326.0,100787.0,100326.0,240783210066661.0,2399999999.0,2025-12-01,2025-12-01,7.75,7.75,0.0,92.23,0.0,0.02,99.33709999999999,2026-06-21,,2312120.0,2300687.0,436103.0,,,,
2025-12-02,99271.0,99727.0,99271.0,238251465253988.0,2399999999.0,2025-12-02,2025-12-02,6.18,6.18,0.0,93.8,0.0,0.02,99.33709999999999,2026-06-21,,2399000.0,2306264.0,325886.0,,,,
2025-12-03,100661.0,101123.0,100661.0,241828565824327.0,2402399999.0,2025-12-03,2025-12-03,6.19,6.19,0.0,93.79,0.0,0.02,99.33709999999999,2026-06-21,,2510010.0,2469113.0,682658.0,,,,
2025-12-04,100658.0,101119.0,100658.0,241819757257870.0,2402399999.0,2025-12-04,2025-12-04,6.19,6.19,0.0,93.79,0.0,0.02,99.33709999999999,2026-06-21,,0.0,2469113.0,0.0,,,,
2025-12-05,100654.0,101115.0,100654.0,241810948814497.0,2402399999.0,2025-12-05,2025-12-05,6.19,6.19,0.0,93.79,0.0,0.02,99.33709999999999,2026-06-21,,,,,,,,
2025-12-06,101820.0,102285.0,101820.0,245732841338330.0,2413399999.0,2025-12-06,2025-12-06,6.23,6.23,0.0,93.76,0.0,0.01,99.33709999999999,2026-06-21,,2638970.0,2595473.0,518860.0,,,,
2025-12-07,102072.0,102538.0,102072.0,246462531508174.0,2414599999.0,2025-12-07,2025-12-07,6.24,6.24,0.0,93.75,0.0,0.01,99.33709999999999,2026-06-21,,2636980.0,2593582.0,320078.0,,,,
2025-12-08,102552.0,103020.0,102552.0,247960447662133.0,2417899999.0,2025-12-08,2025-12-08,6.28,6.28,0.0,93.69,0.0,0.03,99.33709999999999,2026-06-21,,2563000.0,2599929.0,429497.0,,,,
2025-12-09,99825.0,100281.0,99825.0,241365951622584.0,2417899999.0,2025-12-09,2025-12-09,6.29,6.29,0.0,93.68,0.0,0.03,99.33709999999999,2026-06-21,,2398860.0,2444879.0,646479.0,,,,
2025-12-10,102541.0,103012.0,102541.0,247934425877387.0,2417899999.0,2025-12-10,2025-12-10,6.25,6.25,0.0,93.72,0.0,0.03,99.33709999999999,2026-06-21,,2599950.0,2542951.0,397071.0,,,,
2025-12-11,102538.0,103008.0,102538.0,247925430742143.0,2417899999.0,2025-12-11,2025-12-11,6.25,6.25,0.0,93.72,0.0,0.03,99.33709999999999,2026-06-21,,0.0,2542951.0,0.0,,,,
2025-12-12,102534.0,103004.0,102534.0,247916435607712.0,2417899999.0,2025-12-12,2025-12-12,6.25,6.25,0.0,93.72,0.0,0.03,99.33709999999999,2026-06-21,,,,,,,,
2025-12-13,107319.0,107813.0,107319.0,259058052656283.0,2413899999.0,2025-12-13,2025-12-13,6.21,6.21,0.0,93.77,0.0,0.02,99.33709999999999,2026-06-21,,2669990.0,2691257.0,627743.0,,,,
2025-12-14,106098.0,106584.0,106098.0,256109250595815.0,2413899999.0,2025-12-14,2025-12-14,6.33,6.33,0.0,93.64,0.0,0.03,99.33709999999999,2026-06-21,,2699900.0,2616618.0,439004.0,,,,
2025-12-15,106537.0,107024.0,106537.0,256806340768079.0,2410499999.0,2025-12-15,2025-12-15,6.4,6.4,0.0,93.52,0.0,0.08,99.33709999999999,2026-06-21,,2719790.0,2755036.0,541452.0,,,,
2025-12-16,103964.0,104440.0,103964.0,250168509682237.0,2406299999.0,2025-12-16,2025-12-16,6.49,6.49,0.0,93.35,0.0,0.16,99.33709999999999,2026-06-21,,2660000.0,2602558.0,351042.0,,,,
2025-12-17,110250.0,110755.0,110250.0,264709796797137.0,2400999999.0,2025-12-17,2025-12-17,6.31,6.31,0.0,93.57,0.0,0.12,99.33709999999999,2026-06-21,,2862810.0,2787165.0,526407.0,,,,
2025-12-18,110246.0,110751.0,110246.0,264700356085034.0,2400999999.0,2025-12-18,2025-12-18,6.31,6.31,0.0,93.36,0.0,0.33,99.33709999999999,2026-06-21,,0.0,2787165.0,0.0,,,,
2025-12-19,110242.0,110747.0,110242.0,264690915373785.0,2400999999.0,2025-12-19,2025-12-19,6.31,6.31,0.0,93.36,0.0,0.33,99.33709999999999,2026-06-21,,,,,,,,
2025-12-20,111337.0,111847.0,111337.0,267318954168341.0,2400999999.0,2025-12-20,2025-12-20,6.22,6.22,0.0,93.77,0.0,0.01,99.33709999999999,2026-06-21,,3065880.0,3053018.0,598552.0,,,,
2025-12-21,109039.0,109539.0,109039.0,261148235781071.0,2394999999.0,2025-12-21,2025-12-21,6.31,6.31,0.0,93.68,0.0,0.01,99.33709999999999,2026-06-21,,3300020.0,3270745.0,1772243.0,,,,
2025-12-22,112627.0,113143.0,112627.0,267906142010553.0,2378699999.0,2025-12-22,2025-12-22,6.25,6.25,0.0,93.48,0.0,0.27,99.33709999999999,2026-06-21,,3597810.0,3554330.0,1438116.0,,,,
2025-12-23,115722.0,116252.0,115722.0,274689196160360.0,2373699999.0,2025-12-23,2025-12-23,6.32,6.32,0.0,93.65,0.0,0.03,99.33709999999999,2026-06-21,,3600000.0,3599141.0,1354517.0,,,,
2025-12-24,119224.0,119771.0,119224.0,283026891386278.0,2373899999.0,2025-12-24,2025-12-24,4.17,4.17,0.0,95.79,0.0,0.04,99.33709999999999,2026-06-21,,3771150.0,3721126.0,825995.0,,,,
2025-12-25,119220.0,119767.0,119220.0,283016982345382.0,2373899999.0,2025-12-25,2025-12-25,4.17,4.17,0.0,95.79,0.0,0.04,99.33709999999999,2026-06-21,,0.0,3721126.0,0.0,,,,
2025-12-26,119216.0,119763.0,119216.0,283007073305381.0,2373899999.0,2025-12-26,2025-12-26,4.17,4.17,0.0,95.79,0.0,0.04,99.33709999999999,2026-06-21,,,,,,,,
2025-12-27,123252.0,123817.0,123252.0,292033789437595.0,2369399999.0,2025-12-27,2025-12-27,4.21,4.21,0.0,95.75,0.0,0.04,99.33709999999999,2026-06-21,,4093230.0,4036223.0,1385352.0,,,,
2025-12-28,122902.0,123464.0,122902.0,288991535939467.0,2351399999.0,2025-12-28,2025-12-28,3.04,3.04,0.0,96.92,0.0,0.04,99.33709999999999,2026-06-21,,4060000.0,4156735.0,727581.0,,,,
2025-12-29,113874.0,114394.0,113874.0,264519005916970.0,2322899999.0,2025-12-29,2025-12-29,2.99,2.99,0.0,96.96,0.0,0.05,99.33709999999999,2026-06-21,,3770000.0,3820747.0,930008.0,,,,
2025-12-30,119609.0,120155.0,119609.0,277840568038216.0,2322899999.0,2025-12-30,2025-12-30,3.03,3.03,0.0,96.9,0.0,0.07,99.33709999999999,2026-06-21,,4093990.0,3920653.0,3490890.0,,,,
2025-12-31,114715.0,115241.0,114715.0,263948717964620.0,2300899999.0,2025-12-31,2025-12-31,3.03,3.03,0.0,96.9,0.0,0.07,99.33709999999999,2026-06-21,,3970100.0,3993340.0,1536509.0,,,,
2026-01-01,114711.0,115236.0,114711.0,263938526471766.0,2300899999.0,2026-01-01,2026-01-01,3.03,3.03,0.0,96.9,0.0,0.07,99.33709999999999,2026-06-21,,0.0,3993340.0,0.0,,,,
2026-01-02,114707.0,115232.0,114707.0,263928334979834.0,2300899999.0,2026-01-02,2026-01-02,3.03,3.03,0.0,96.9,0.0,0.07,99.33709999999999,2026-06-21,,,,,,,,
2026-01-03,114702.0,115227.0,114702.0,263918143488822.0,2300899999.0,2026-01-03,2026-01-03,3.03,3.03,0.0,96.9,0.0,0.07,99.33709999999999,2026-06-21,,0.0,3993340.0,0.0,,,,
2026-01-04,119822.0,120371.0,119822.0,275699249757114.0,2300899999.0,2026-01-04,2026-01-04,3.04,3.04,0.0,96.89,0.0,0.07,99.33709999999999,2026-06-21,,4095000.0,4060796.0,708828.0,,,,
2026-01-05,124783.0,125353.0,124783.0,286226216145812.0,2293799999.0,2026-01-05,2026-01-05,3.09,3.09,0.0,96.84,0.0,0.07,99.33709999999999,2026-06-21,,4409990.0,4368440.0,663977.0,,,,
2026-01-06,131414.0,132013.0,131414.0,302356372602819.0,2300799999.0,2026-01-06,2026-01-06,3.03,3.03,0.0,96.91,0.0,0.06,99.33709999999999,2026-06-21,,4578030.0,4619907.0,682175.0,,,,
2026-01-07,130467.0,131062.0,130467.0,300177551847973.0,2300799999.0,2026-01-07,2026-01-07,3.01,3.01,0.0,96.48,0.0,0.51,99.33709999999999,2026-06-21,,4510000.0,4515509.0,504127.0,,,,
2026-01-08,130462.0,131057.0,130462.0,300166393841038.0,2300799999.0,2026-01-08,2026-01-08,3.01,3.01,0.0,96.48,0.0,0.51,99.33709999999999,2026-06-21,,0.0,4515509.0,0.0,,,,
2026-01-09,130457.0,131052.0,130457.0,300155235854204.0,2300799999.0,2026-01-09,2026-01-09,3.01,3.01,0.0,96.48,0.0,0.51,99.33709999999999,2026-06-21,,,,,,,,
2026-01-10,121731.0,122289.0,121731.0,277474534780715.0,2279399999.0,2026-01-10,2026-01-10,3.02,3.02,0.0,96.43,0.0,0.55,99.33709999999999,2026-06-21,,4167000.0,4171745.0,270886.0,,,,
2026-01-11,127776.0,128362.0,127776.0,291252665148808.0,2279399999.0,2026-01-11,2026-01-11,3.04,3.04,0.0,96.91,0.0,0.05,99.33709999999999,2026-06-21,,4422770.0,4369847.0,341478.0,,,,
2026-01-12,126652.0,127236.0,126652.0,287234283779627.0,2267899999.0,2026-01-12,2026-01-12,3.07,3.07,0.0,96.87,0.0,0.06,99.33709999999999,2026-06-21,,4487990.0,4600336.0,711579.0,,,,
2026-01-13,124448.0,125017.0,124448.0,282235399018901.0,2267899999.0,2026-01-13,2026-01-13,3.09,3.09,0.0,96.91,0.0,0.0,99.33709999999999,2026-06-21,,4420000.0,4484467.0,474942.0,,,,
2026-01-14,125995.0,126572.0,125995.0,285795496603792.0,2268299999.0,2026-01-14,2026-01-14,3.06,3.06,0.0,96.69,0.0,0.25,99.33709999999999,2026-06-21,,4528000.0,4490052.0,543445.0,,,,
2026-01-15,125991.0,126567.0,125991.0,285784755555573.0,2268299999.0,2026-01-15,2026-01-15,3.06,3.06,0.0,96.69,0.0,0.25,99.33709999999999,2026-06-21,,0.0,4490052.0,0.0,,,,
2026-01-16,125986.0,126562.0,125986.0,285774014508325.0,2268299999.0,2026-01-16,2026-01-16,3.06,3.06,0.0,96.69,0.0,0.25,99.33709999999999,2026-06-21,,,,,,,,
2026-01-17,125981.0,126558.0,125981.0,285763273462049.0,2268299999.0,2026-01-17,2026-01-17,3.06,3.06,0.0,96.69,0.0,0.25,99.33709999999999,2026-06-21,,0.0,4490052.0,0.0,,,,
2026-01-18,122309.0,122867.0,122309.0,277677126281275.0,2270299999.0,2026-01-18,2026-01-18,3.09,3.09,0.0,96.63,0.0,0.28,99.33709999999999,2026-06-21,,4395930.0,4448787.0,305154.0,,,,
2026-01-19,123490.0,124054.0,123490.0,280618672315159.0,2272399999.0,2026-01-19,2026-01-19,3.06,3.06,0.0,96.66,0.0,0.28,99.33709999999999,2026-06-21,,4480040.0,4490037.0,1233114.0,,,,
2026-01-20,124820.0,125390.0,124820.0,283641749345316.0,2272399999.0,2026-01-20,2026-01-20,3.03,3.03,0.0,96.69,0.0,0.28,99.33709999999999,2026-06-21,,4521000.0,4501487.0,805219.0,,,,
2026-01-21,128333.0,128920.0,128333.0,291649118256117.0,2272599999.0,2026-01-21,2026-01-21,3.01,3.01,0.0,96.72,0.0,0.27,99.33709999999999,2026-06-21,,4680000.0,4721613.0,405901.0,,,,
2026-01-22,128328.0,128915.0,128328.0,291638210912193.0,2272599999.0,2026-01-22,2026-01-22,3.01,3.01,0.0,96.72,0.0,0.27,99.33709999999999,2026-06-21,,0.0,4721613.0,0.0,,,,
2026-01-23,128323.0,128911.0,128323.0,291627303569254.0,2272599999.0,2026-01-23,2026-01-23,3.01,3.01,0.0,96.72,0.0,0.27,99.33709999999999,2026-06-21,,,,,,,,
2026-01-24,131789.0,132391.0,131789.0,300228040884559.0,2278099999.0,2026-01-24,2026-01-24,3.02,3.02,0.0,96.77,0.0,0.21,99.33709999999999,2026-06-21,,5052120.0,5052118.0,376170.0,,,,
2026-01-25,133029.0,133637.0,133029.0,303612014094296.0,2282299999.0,2026-01-25,2026-01-25,3.01,3.01,0.0,96.78,0.0,0.21,99.33709999999999,2026-06-21,,5405760.0,5405542.0,801758.0,,,,
2026-01-26,138852.0,139482.0,138852.0,319678698513786.0,2302299999.0,2026-01-26,2026-01-26,3.03,3.03,0.0,96.77,0.0,0.2,99.33709999999999,2026-06-21,,5783920.0,5783920.0,316874.0,,,,
2026-01-27,149081.0,149764.0,149081.0,343422231671625.0,2303599999.0,2026-01-27,2026-01-27,2.94,2.94,0.0,96.87,0.0,0.19,99.33709999999999,2026-06-21,,6188790.0,6188790.0,288526.0,,,,
2026-01-28,158610.0,159337.0,158610.0,365374598919874.0,2303599999.0,2026-01-28,2026-01-28,2.93,2.93,0.0,96.89,0.0,0.18,99.33709999999999,2026-06-21,,6622000.0,6622000.0,108839.0,,,,
2026-01-29,158605.0,159332.0,158605.0,365361628772736.0,2303599999.0,2026-01-29,2026-01-29,2.93,2.93,0.0,96.89,0.0,0.18,99.33709999999999,2026-06-21,,0.0,6622000.0,0.0,,,,
2026-01-30,158599.0,159326.0,158599.0,365348658063180.0,2303599999.0,2026-01-30,2026-01-30,2.93,2.93,0.0,96.89,0.0,0.18,99.33709999999999,2026-06-21,,,,,,,,
2026-01-31,151594.0,152286.0,151594.0,349984722814182.0,2308699999.0,2026-01-31,2026-01-31,3.08,3.08,0.0,96.74,0.0,0.18,99.33709999999999,2026-06-21,,6158460.0,6158460.0,88913.0,,,,
2026-02-01,147224.0,147898.0,147224.0,339895043341782.0,2308699999.0,2026-02-01,2026-02-01,3.02,3.02,0.0,96.79,0.0,0.19,99.33709999999999,2026-06-21,,5727370.0,5727370.0,118128.0,,,,
2026-02-02,138896.0,139532.0,138896.0,320682099393948.0,2308799999.0,2026-02-02,2026-02-02,2.97,2.97,0.0,96.83,0.0,0.2,99.33709999999999,2026-06-21,,5326460.0,5326460.0,43393.0,,,,
2026-02-03,146841.0,147514.0,146841.0,338806699738061.0,2307299999.0,2026-02-03,2026-02-03,2.88,2.88,0.0,96.92,0.0,0.2,99.33709999999999,2026-06-21,,5565950.0,5424868.0,368387.0,,,,
2026-02-04,146836.0,147509.0,146836.0,338794453208957.0,2307299999.0,2026-02-04,2026-02-04,2.88,2.88,0.0,96.92,0.0,0.2,99.33709999999999,2026-06-21,,0.0,5424868.0,0.0,,,,
2026-02-05,146831.0,147503.0,146831.0,338782206680960.0,2307299999.0,2026-02-05,2026-02-05,2.88,2.88,0.0,96.92,0.0,0.2,99.33709999999999,2026-06-21,,0.0,5424868.0,0.0,,,,
2026-02-06,146825.0,147498.0,146825.0,338769960154070.0,2307299999.0,2026-02-06,2026-02-06,2.88,2.88,0.0,96.92,0.0,0.2,99.33709999999999,2026-06-21,,,,,,,,
2026-02-07,146505.0,147177.0,146505.0,337592444133732.0,2304299999.0,2026-02-07,2026-02-07,2.74,2.74,0.0,97.06,0.0,0.2,99.33709999999999,2026-06-21,,5150900.0,5128680.0,502352.0,,,,
2026-02-08,151016.0,151708.0,151016.0,348015882065948.0,2304499999.0,2026-02-08,2026-02-08,2.65,2.65,0.0,97.16,0.0,0.19,99.33709999999999,2026-06-21,,5319990.0,5336685.0,768859.0,,,,
2026-02-09,154511.0,155221.0,154511.0,356133426727283.0,2304899999.0,2026-02-09,2026-02-09,2.62,2.62,0.0,97.2,0.0,0.18,99.33709999999999,2026-06-21,,5710250.0,5633234.0,1576583.0,,,,
2026-02-10,156001.0,156716.0,156001.0,360113225520015.0,2308399999.0,2026-02-10,2026-02-10,2.55,2.55,0.0,97.27,0.0,0.18,99.33709999999999,2026-06-21,,5690000.0,5714735.0,2015471.0,,,,
2026-02-11,155996.0,156711.0,155996.0,360100404483432.0,2308399999.0,2026-02-11,2026-02-11,2.55,2.55,0.0,97.27,0.0,0.18,99.33709999999999,2026-06-21,,0.0,5714735.0,0.0,,,,
2026-02-12,155990.0,156705.0,155990.0,360087583448009.0,2308399999.0,2026-02-12,2026-02-12,2.55,2.55,0.0,97.27,0.0,0.18,99.33709999999999,2026-06-21,,0.0,5714735.0,0.0,,,,
2026-02-13,155985.0,156699.0,155985.0,360074762600777.0,2308399999.0,2026-02-13,2026-02-13,2.55,2.55,0.0,97.27,0.0,0.18,99.33709999999999,2026-06-21,,,,,,,,
2026-02-14,152113.0,152810.0,152113.0,351486853244325.0,2310699999.0,2026-02-14,2026-02-14,2.52,2.52,0.0,97.3,0.0,0.18,99.33709999999999,2026-06-21,,5544900.0,5395025.0,1015539.0,,,,
2026-02-15,154702.0,155408.0,154702.0,359789887551908.0,2325699999.0,2026-02-15,2026-02-15,2.43,2.43,0.0,97.39,0.0,0.18,99.33709999999999,2026-06-21,,5640000.0,5511821.0,1023210.0,,,,
2026-02-16,151498.0,152189.0,151498.0,352642871021771.0,2327699999.0,2026-02-16,2026-02-16,2.42,2.42,0.0,97.39,0.0,0.19,99.33709999999999,2026-06-21,,5473000.0,5510433.0,1086224.0,,,,
2026-02-17,152784.0,153483.0,152784.0,356352872706249.0,2332399999.0,2026-02-17,2026-02-17,2.14,2.14,0.0,97.67,0.0,0.19,99.33709999999999,2026-06-21,,5056870.0,4993328.0,779716.0,,,,
2026-02-18,152290.0,152989.0,152290.0,356113900844592.0,2338399999.0,2026-02-18,2026-02-18,1.98,1.98,0.0,97.83,0.0,0.19,99.33709999999999,2026-06-21,,5030000.0,5046584.0,824626.0,,,,
2026-02-19,152284.0,152983.0,152284.0,356101161760008.0,2338399999.0,2026-02-19,2026-02-19,1.98,1.98,0.0,97.83,0.0,0.19,99.33709999999999,2026-06-21,,0.0,5046584.0,0.0,,,,
2026-02-20,152279.0,152978.0,152279.0,356088422566858.0,2338399999.0,2026-02-20,2026-02-20,1.98,1.98,0.0,97.83,0.0,0.19,99.33709999999999,2026-06-21,,,,,,,,
2026-02-21,156248.0,156965.0,156248.0,366416427822547.0,2345099999.0,2026-02-21,2026-02-21,1.76,1.76,0.0,98.06,0.0,0.18,99.33709999999999,2026-06-21,,5059920.0,5164526.0,787802.0,,,,
2026-02-22,157380.0,158106.0,157380.0,369072455708555.0,2345099999.0,2026-02-22,2026-02-22,1.51,1.51,0.0,98.31,0.0,0.18,99.33709999999999,2026-06-21,,5100040.0,5040743.0,1271929.0,,,,
2026-02-23,156155.0,156876.0,156155.0,366198677766413.0,2345099999.0,2026-02-23,2026-02-23,1.42,1.42,0.0,98.4,0.0,0.18,99.33709999999999,2026-06-21,,5275000.0,5168607.0,2202655.0,,,,
2026-02-24,157967.0,158698.0,157967.0,369342347567927.0,2338099999.0,2026-02-24,2026-02-24,1.22,1.22,0.0,98.6,0.0,0.18,99.33709999999999,2026-06-21,,5164950.0,5280540.0,2066754.0,,,,
2026-02-25,152440.0,153145.0,152440.0,355459641810882.0,2331799999.0,2026-02-25,2026-02-25,0.91,0.91,0.0,98.83,0.0,0.26,99.33709999999999,2026-06-21,,5187000.0,5290707.0,834649.0,,,,
2026-02-26,152435.0,153139.0,152435.0,355446899567919.0,2331799999.0,2026-02-26,2026-02-26,0.91,0.91,0.0,98.83,0.0,0.26,99.33709999999999,2026-06-21,,0.0,5290707.0,0.0,,,,
2026-02-27,152429.0,153134.0,152429.0,355434157326108.0,2331799999.0,2026-02-27,2026-02-27,0.91,0.91,0.0,98.83,0.0,0.26,99.33709999999999,2026-06-21,,,,,,,,
2026-02-28,152424.0,153129.0,152424.0,355421413329507.0,2331799999.0,2026-02-28,2026-02-28,0.91,0.91,0.0,98.83,0.0,0.26,99.33709999999999,2026-06-21,,0.0,5290707.0,0.0,,,,
2026-03-01,152418.0,153123.0,152418.0,355408671613678.0,2331799999.0,2026-03-01,2026-03-01,0.91,0.91,0.0,98.83,0.0,0.26,99.33709999999999,2026-06-21,,0.0,5290707.0,0.0,,,,
2026-03-02,152413.0,153118.0,152413.0,355395929899001.0,2331799999.0,2026-03-02,2026-03-02,0.91,0.91,0.0,98.74,0.0,0.35,99.33709999999999,2026-06-21,,0.0,5290707.0,0.0,,,,
2026-03-03,152407.0,153112.0,152407.0,355383188185477.0,2331799999.0,2026-03-03,2026-03-03,0.91,0.91,0.0,98.74,0.0,0.35,99.33709999999999,2026-06-21,,0.0,5290707.0,0.0,,,,
2026-03-04,152402.0,153107.0,152402.0,355370446473105.0,2331799999.0,2026-03-04,2026-03-04,0.91,0.91,0.0,98.74,0.0,0.35,99.33709999999999,2026-06-21,,0.0,5290707.0,0.0,,,,
2026-03-05,152396.0,153101.0,152396.0,355357704877369.0,2331799999.0,2026-03-05,2026-03-05,0.91,0.91,0.0,98.74,0.0,0.35,99.33709999999999,2026-06-21,,0.0,5290707.0,0.0,,,,
2026-03-06,152391.0,153096.0,152391.0,355344963167300.0,2331799999.0,2026-03-06,2026-03-06,0.91,0.91,0.0,98.74,0.0,0.35,99.33709999999999,2026-06-21,,,,,,,,
2026-03-07,152385.0,153090.0,152385.0,355332221458384.0,2331799999.0,2026-03-07,2026-03-07,0.91,0.91,0.0,98.74,0.0,0.35,99.33709999999999,2026-06-21,,0.0,5290707.0,0.0,,,,
2026-03-08,152380.0,153085.0,152380.0,355319479750619.0,2331799999.0,2026-03-08,2026-03-08,0.91,0.91,0.0,98.74,0.0,0.35,99.33709999999999,2026-06-21,,0.0,5290707.0,0.0,,,,
2026-03-09,152374.0,153079.0,152374.0,355306738044006.0,2331799999.0,2026-03-09,2026-03-09,0.91,0.91,0.0,98.74,0.0,0.35,99.33709999999999,2026-06-21,,0.0,5290707.0,0.0,,,,
2026-03-10,152369.0,153074.0,152369.0,355293996355125.0,2331799999.0,2026-03-10,2026-03-10,0.91,0.91,0.0,98.74,0.0,0.35,99.33709999999999,2026-06-21,,0.0,5290707.0,0.0,,,,
2026-03-11,152364.0,153068.0,152364.0,355281254650817.0,2331799999.0,2026-03-11,2026-03-11,0.91,0.91,0.0,98.74,0.0,0.35,99.33709999999999,2026-06-21,,0.0,5290707.0,0.0,,,,
2026-03-12,152358.0,153063.0,152358.0,355268512947660.0,2331799999.0,2026-03-12,2026-03-12,0.91,0.91,0.0,98.74,0.0,0.35,99.33709999999999,2026-06-21,,0.0,5290707.0,0.0,,,,
2026-03-13,152353.0,153057.0,152353.0,355255771245655.0,2331799999.0,2026-03-13,2026-03-13,0.91,0.91,0.0,98.74,0.0,0.35,99.33709999999999,2026-06-21,,,,,,,,
2026-03-14,152347.0,153052.0,152347.0,355243029544803.0,2331799999.0,2026-03-14,2026-03-14,0.91,0.91,0.0,98.74,0.0,0.35,99.33709999999999,2026-06-21,,0.0,5290707.0,0.0,,,,
2026-03-15,140496.0,141149.0,140496.0,326484533564200.0,2323799999.0,2026-03-15,2026-03-15,0.89,0.89,0.0,98.73,0.0,0.38,99.33709999999999,2026-06-21,,4761640.0,4761640.0,9006.0,,,,
2026-03-16,129842.0,130446.0,129842.0,300948363501340.0,2317799999.0,2026-03-16,2026-03-16,0.91,0.91,0.0,99.01,0.0,0.08,99.33709999999999,2026-06-21,,4285480.0,4285480.0,73221.0,,,,
2026-03-17,140732.0,141384.0,140732.0,326188655254602.0,2317799999.0,2026-03-17,2026-03-17,0.0,0.0,0.0,99.96,0.0,0.04,99.33709999999999,2026-06-21,,4494000.0,4380501.0,341303.0,,,,
2026-03-18,150327.0,151029.0,150327.0,348126637688455.0,2315799999.0,2026-03-18,2026-03-18,0.0,0.0,0.0,99.95,0.0,0.05,99.33709999999999,2026-06-21,,4700000.0,4635908.0,260055.0,,,,
2026-03-19,150321.0,151023.0,150321.0,348113956258125.0,2315799999.0,2026-03-19,2026-03-19,0.0,0.0,0.0,99.95,0.0,0.05,99.33709999999999,2026-06-21,,0.0,4635908.0,0.0,,,,
2026-03-20,150316.0,151018.0,150316.0,348102065643348.0,2315799999.0,2026-03-20,2026-03-20,0.0,0.0,0.0,99.95,0.0,0.05,99.33709999999999,2026-06-21,,,,,,,,
2026-03-21,150311.0,151013.0,150311.0,348089532356550.0,2315799999.0,2026-03-21,2026-03-21,0.0,0.0,0.0,99.95,0.0,0.05,99.33709999999999,2026-06-21,,0.0,4635908.0,0.0,,,,
2026-03-22,150305.0,151007.0,150305.0,348076999029373.0,2315799999.0,2026-03-22,2026-03-22,0.0,0.0,0.0,99.95,0.0,0.05,99.33709999999999,2026-06-21,,0.0,4635908.0,0.0,,,,
2026-03-23,150300.0,151002.0,150300.0,348064465703330.0,2315799999.0,2026-03-23,2026-03-23,0.0,0.0,0.0,99.95,0.0,0.05,99.33709999999999,2026-06-21,,0.0,4635908.0,0.0,,,,
2026-03-24,150294.0,150996.0,150294.0,348051932378420.0,2315799999.0,2026-03-24,2026-03-24,0.0,0.0,0.0,99.95,0.0,0.05,99.33709999999999,2026-06-21,,0.0,4635908.0,0.0,,,,
2026-03-25,141575.0,142236.0,141575.0,327293228132298.0,2311799999.0,2026-03-25,2026-03-25,0.0,0.0,0.0,99.97,0.0,0.03,99.33709999999999,2026-06-21,,4528540.0,4418376.0,62140.0,,,,
2026-03-26,141570.0,142231.0,141570.0,327281276042061.0,2311799999.0,2026-03-26,2026-03-26,0.0,0.0,0.0,99.74,0.0,0.26,99.33709999999999,2026-06-21,,0.0,4418376.0,0.0,,,,
2026-03-27,141565.0,142225.0,141565.0,327269323952904.0,2311799999.0,2026-03-27,2026-03-27,0.0,0.0,0.0,99.74,0.0,0.26,99.33709999999999,2026-06-21,,,,,,,,
2026-03-28,140377.0,141032.0,140377.0,324453728970908.0,2311299999.0,2026-03-28,2026-03-28,0.0,0.0,0.0,99.91,0.0,0.09,99.33709999999999,2026-06-21,,4468120.0,4453834.0,146146.0,,,,
2026-03-29,137404.0,138045.0,137404.0,317581753345145.0,2311299999.0,2026-03-29,2026-03-29,0.0,0.0,0.0,99.91,0.0,0.09,99.33709999999999,2026-06-21,,4290210.0,4318256.0,320619.0,,,,
2026-03-30,137641.0,138282.0,137641.0,317578609809649.0,2307299999.0,2026-03-30,2026-03-30,0.0,0.0,0.0,99.85,0.0,0.15,99.33709999999999,2026-06-21,,4091040.0,4109548.0,341878.0,,,,
2026-03-31,142448.0,143111.0,142448.0,328427945804704.0,2305599999.0,2026-03-31,2026-03-31,0.0,0.0,0.0,99.74,0.0,0.26,99.33709999999999,2026-06-21,,4095980.0,4104196.0,417343.0,,,,
2026-04-01,142443.0,143105.0,142443.0,328415993488708.0,2305599999.0,2026-04-01,2026-04-01,0.0,0.0,0.0,99.74,0.0,0.26,99.33709999999999,2026-06-21,,0.0,4104196.0,0.0,,,,
2026-04-02,142438.0,143100.0,142438.0,328404041173794.0,2305599999.0,2026-04-02,2026-04-02,0.0,0.0,0.0,99.74,0.0,0.26,99.33709999999999,2026-06-21,,0.0,4104196.0,0.0,,,,
2026-04-03,142432.0,143095.0,142432.0,328392088859960.0,2305599999.0,2026-04-03,2026-04-03,0.0,0.0,0.0,99.74,0.0,0.26,99.33709999999999,2026-06-21,,,,,,,,
2026-04-04,143808.0,144477.0,143808.0,331563247767961.0,2305599999.0,2026-04-04,2026-04-04,0.0,0.0,0.0,99.77,0.0,0.23,99.33709999999999,2026-06-21,,4100080.0,4168820.0,283153.0,,,,
2026-04-05,143158.0,143823.0,143158.0,330064118746946.0,2305599999.0,2026-04-05,2026-04-05,0.0,0.0,0.0,99.77,0.0,0.23,99.33709999999999,2026-06-21,,4050000.0,4080807.0,140161.0,,,,
2026-04-06,144048.0,144717.0,144048.0,332116008223180.0,2305599999.0,2026-04-06,2026-04-06,0.0,0.0,0.0,99.77,0.0,0.23,99.33709999999999,2026-06-21,,4000300.0,3986513.0,178235.0,,,,
2026-04-07,149001.0,149695.0,149001.0,343090603578627.0,2302599999.0,2026-04-07,2026-04-07,0.0,0.0,0.0,99.77,0.0,0.23,99.33709999999999,2026-06-21,,4150100.0,4218353.0,392058.0,,,,
2026-04-08,147217.0,147903.0,147217.0,338982271223640.0,2302599999.0,2026-04-08,2026-04-08,0.0,0.0,0.0,99.9,0.0,0.1,99.33709999999999,2026-06-21,,4211120.0,4186513.0,298024.0,,,,
2026-04-09,147212.0,147898.0,147212.0,338970021351747.0,2302599999.0,2026-04-09,2026-04-09,0.0,0.0,0.0,99.9,0.0,0.1,99.33709999999999,2026-06-21,,0.0,4186513.0,0.0,,,,
2026-04-10,147207.0,147892.0,147207.0,338957771480960.0,2302599999.0,2026-04-10,2026-04-10,0.0,0.0,0.0,99.9,0.0,0.1,99.33709999999999,2026-06-21,,,,,,,,
2026-04-11,142460.0,143124.0,142460.0,328027807445884.0,2302599999.0,2026-04-11,2026-04-11,0.0,0.0,0.0,99.9,0.0,0.1,99.33709999999999,2026-06-21,,4091250.0,4100822.0,278504.0,,,,
2026-04-12,143047.0,143713.0,143047.0,329379397230375.0,2302599999.0,2026-04-12,2026-04-12,0.0,0.0,0.0,99.9,0.0,0.1,99.33709999999999,2026-06-21,,4097000.0,4112119.0,315076.0,,,,
2026-04-13,144863.0,145538.0,144863.0,333561996932637.0,2302599999.0,2026-04-13,2026-04-13,0.0,0.0,0.0,99.9,0.0,0.1,99.33709999999999,2026-06-21,,3994410.0,4073122.0,278059.0,,,,
2026-04-14,144857.0,145532.0,144857.0,333548536507763.0,2302599999.0,2026-04-14,2026-04-14,0.0,0.0,0.0,99.9,0.0,0.1,99.33709999999999,2026-06-21,,0.0,4073122.0,0.0,,,,
2026-04-15,140837.0,141493.0,140837.0,324290655229114.0,2302599999.0,2026-04-15,2026-04-15,0.0,0.0,0.0,99.9,0.0,0.1,99.33709999999999,2026-06-21,,3999560.0,4014084.0,425181.0,,,,
2026-04-16,140831.0,141487.0,140831.0,324277449283055.0,2302599999.0,2026-04-16,2026-04-16,0.0,0.0,0.0,99.9,0.0,0.1,99.33709999999999,2026-06-21,,0.0,4014084.0,0.0,,,,
2026-04-17,140825.0,141481.0,140825.0,324264243338189.0,2302599999.0,2026-04-17,2026-04-17,0.0,0.0,0.0,99.9,0.0,0.1,99.33709999999999,2026-06-21,,,,,,,,
2026-04-18,139202.0,139852.0,139202.0,317645091486889.0,2281899999.0,2026-04-18,2026-04-18,0.0,0.0,0.0,99.9,0.0,0.1,99.33709999999999,2026-06-21,,3930000.0,3962662.0,310586.0,,,,
2026-04-19,138221.0,138866.0,138221.0,315406387187924.0,2281899999.0,2026-04-19,2026-04-19,0.0,0.0,0.0,99.91,0.0,0.09,99.33709999999999,2026-06-21,,4013450.0,4009353.0,495369.0,,,,
2026-04-20,137114.0,137754.0,137114.0,312921934779720.0,2282199999.0,2026-04-20,2026-04-20,0.0,0.0,0.0,99.91,0.0,0.09,99.33709999999999,2026-06-21,,3962000.0,3996071.0,390664.0,,,,
2026-04-21,137728.0,138371.0,137728.0,313318348068684.0,2274899999.0,2026-04-21,2026-04-21,0.0,0.0,0.0,99.9,0.0,0.1,99.33709999999999,2026-06-21,,3988900.0,3973198.0,295245.0,,,,
2026-04-22,140167.0,140821.0,140167.0,318866716274759.0,2274899999.0,2026-04-22,2026-04-22,0.0,0.0,0.0,99.88,0.0,0.12,99.33709999999999,2026-06-21,,3990000.0,3980460.0,439205.0,,,,
2026-04-23,140162.0,140815.0,140162.0,318853719639862.0,2274899999.0,2026-04-23,2026-04-23,0.0,0.0,0.0,99.77,0.0,0.23,99.33709999999999,2026-06-21,,0.0,3980460.0,0.0,,,,
2026-04-24,140156.0,140810.0,140156.0,318840723006140.0,2274899999.0,2026-04-24,2026-04-24,0.0,0.0,0.0,99.77,0.0,0.23,99.33709999999999,2026-06-21,,,,,,,,
2026-04-25,138407.0,139052.0,138407.0,314860949684340.0,2274899999.0,2026-04-25,2026-04-25,0.0,0.0,0.0,99.77,0.0,0.23,99.33709999999999,2026-06-21,,3945510.0,3948659.0,581636.0,,,,
2026-04-26,138472.0,139118.0,138472.0,315231651928020.0,2276499999.0,2026-04-26,2026-04-26,0.0,0.0,0.0,99.99,0.0,0.01,99.33709999999999,2026-06-21,,4079970.0,4019837.0,773550.0,,,,
2026-04-27,145802.0,146479.0,145802.0,334396783366026.0,2293499999.0,2026-04-27,2026-04-27,0.0,0.0,0.0,99.93,0.0,0.07,99.33709999999999,2026-06-21,,4421820.0,4405153.0,609344.0,,,,
2026-04-28,152234.0,152933.0,152234.0,354416020311397.0,2328099999.0,2026-04-28,2026-04-28,0.0,0.0,0.0,99.93,0.0,0.07,99.33709999999999,2026-06-21,,4845660.0,4753458.0,1820063.0,,,,
2026-04-29,164745.0,165511.0,164745.0,383493827519784.0,2327799999.0,2026-04-29,2026-04-29,0.0,0.0,0.0,99.94,0.0,0.06,99.33709999999999,2026-06-21,,4864000.0,5201313.0,1398967.0,,,,
2026-04-30,164739.0,165504.0,164739.0,383479013090806.0,2327799999.0,2026-04-30,2026-04-30,0.0,0.0,0.0,99.49,0.0,0.51,99.33709999999999,2026-06-21,,0.0,5201313.0,0.0,,,,
2026-05-01,164732.0,165498.0,164732.0,383464199293168.0,2327799999.0,2026-05-01,2026-05-01,0.0,0.0,0.0,99.49,0.0,0.51,99.33709999999999,2026-06-21,,,,,,,,
2026-05-02,166319.0,167085.0,166319.0,391797524472281.0,2355699999.0,2026-05-02,2026-05-02,0.0,0.0,0.0,99.51,0.0,0.49,99.33709999999999,2026-06-21,,5119990.0,5263816.0,543191.0,,,,
2026-05-03,170049.0,170827.0,170049.0,403782240931477.0,2374499999.0,2026-05-03,2026-05-03,0.0,0.0,0.0,99.52,0.0,0.48,99.33709999999999,2026-06-21,,5320000.0,5251593.0,1135584.0,,,,
2026-05-04,167292.0,168070.0,167292.0,397234738447340.0,2374499999.0,2026-05-04,2026-05-04,0.0,0.0,0.0,99.52,0.0,0.48,99.33709999999999,2026-06-21,,5200090.0,5201255.0,863121.0,,,,
2026-05-05,156220.0,156939.0,156220.0,374567928607067.0,2397699999.0,2026-05-05,2026-05-05,0.0,0.0,0.0,99.48,0.0,0.52,99.33709999999999,2026-06-21,,5014970.0,5010528.0,435736.0,,,,
2026-05-06,157266.0,157994.0,157266.0,378884488621644.0,2409199999.0,2026-05-06,2026-05-06,0.0,0.0,0.0,99.49,0.0,0.51,99.33709999999999,2026-06-21,,5039990.0,4983954.0,432460.0,,,,
2026-05-07,157259.0,157988.0,157259.0,378869567863190.0,2409199999.0,2026-05-07,2026-05-07,0.0,0.0,0.0,99.49,0.0,0.51,99.33709999999999,2026-06-21,,0.0,4983954.0,0.0,,,,
2026-05-08,157253.0,157981.0,157253.0,378854914052434.0,2409199999.0,2026-05-08,2026-05-08,0.0,0.0,0.0,99.49,0.0,0.51,99.33709999999999,2026-06-21,,,,,,,,
2026-05-09,157306.0,158029.0,157306.0,383416661178924.0,2437399999.0,2026-05-09,2026-05-09,0.0,0.0,0.0,99.5,0.0,0.5,99.33709999999999,2026-06-21,,5169650.0,5125284.0,1073435.0,,,,
2026-05-10,157569.0,158294.0,157569.0,388786810313399.0,2467399999.0,2026-05-10,2026-05-10,0.0,0.0,0.0,99.5,0.0,0.5,99.33709999999999,2026-06-21,,5041110.0,5108185.0,1076995.0,,,,
2026-05-11,162943.0,163692.0,162943.0,408645741684361.0,2507899999.0,2026-05-11,2026-05-11,0.0,0.0,0.0,99.53,0.0,0.47,99.33709999999999,2026-06-21,,5150800.0,5154645.0,707246.0,,,,
2026-05-12,160073.0,160813.0,160073.0,404408403589849.0,2526399999.0,2026-05-12,2026-05-12,0.0,0.0,0.0,99.52,0.0,0.48,99.33709999999999,2026-06-21,,5200000.0,5278522.0,1309987.0,,,,
2026-05-13,159210.0,159949.0,159210.0,404107749277808.0,2538199999.0,2026-05-13,2026-05-13,0.0,0.0,0.0,99.52,0.0,0.48,99.33709999999999,2026-06-21,,5805000.0,5689789.0,2348816.0,,,,
2026-05-14,159204.0,159943.0,159204.0,404092038270985.0,2538199999.0,2026-05-14,2026-05-14,0.0,0.0,0.0,99.52,0.0,0.48,99.33709999999999,2026-06-21,,0.0,5689789.0,0.0,,,,
2026-05-15,159198.0,159937.0,159198.0,404076327075839.0,2538199999.0,2026-05-15,2026-05-15,0.0,0.0,0.0,99.52,0.0,0.48,99.33709999999999,2026-06-21,,,,,,,,
2026-05-16,156898.0,157633.0,156898.0,394597583387775.0,2514999999.0,2026-05-16,2026-05-16,0.0,0.0,0.0,99.52,0.0,0.48,99.33709999999999,2026-06-21,,5424990.0,5363330.0,2067557.0,,,,
2026-05-17,156273.0,157004.0,156273.0,393496440990985.0,2517999999.0,2026-05-17,2026-05-17,0.0,0.0,0.0,100.0,0.0,0.0,99.33709999999999,2026-06-21,,5446990.0,5423528.0,1289378.0,,,,
2026-05-18,152458.0,153168.0,152458.0,384072119444088.0,2519199999.0,2026-05-18,2026-05-18,0.0,0.0,0.0,99.89,0.0,0.11,99.33709999999999,2026-06-21,,5420470.0,5450359.0,1222478.0,,,,
2026-05-19,152107.0,152815.0,152107.0,382989131636237.0,2517899999.0,2026-05-19,2026-05-19,0.0,0.0,0.0,99.84,0.0,0.16,99.33709999999999,2026-06-21,,5288910.0,5379244.0,1583006.0,,,,
2026-05-20,154430.0,155149.0,154430.0,388437709653340.0,2515299999.0,2026-05-20,2026-05-20,0.0,0.0,0.0,99.46,0.0,0.54,99.33709999999999,2026-06-21,,5272080.0,5244594.0,1032806.0,,,,
2026-05-21,154424.0,155143.0,154424.0,388422452117458.0,2515299999.0,2026-05-21,2026-05-21,0.0,0.0,0.0,99.46,0.0,0.54,99.33709999999999,2026-06-21,,0.0,5244594.0,0.0,,,,
2026-05-22,154418.0,155137.0,154418.0,388407194618822.0,2515299999.0,2026-05-22,2026-05-22,0.0,0.0,0.0,99.46,0.0,0.54,99.33709999999999,2026-06-21,,,,,,,,
2026-05-23,151417.0,152123.0,151417.0,380555720036531.0,2513299999.0,2026-05-23,2026-05-23,0.0,0.0,0.0,99.44,0.0,0.56,99.33709999999999,2026-06-21,,5083000.0,5130526.0,950688.0,,,,
2026-05-24,142848.0,143514.0,142848.0,359020127657934.0,2513299999.0,2026-05-24,2026-05-24,0.0,0.0,0.0,99.49,0.0,0.51,99.33709999999999,2026-06-21,,4980150.0,4777316.0,1756159.0,,,,
2026-05-25,145732.0,146411.0,145732.0,365219917789500.0,2506099999.0,2026-05-25,2026-05-25,0.0,0.0,0.0,99.51,0.0,0.49,99.33709999999999,2026-06-21,,4990000.0,5010879.0,2871562.0,,,,
2026-05-26,144885.0,145560.0,144885.0,359952315042372.0,2484399999.0,2026-05-26,2026-05-26,0.0,0.0,0.0,99.5,0.0,0.5,99.33709999999999,2026-06-21,,4949970.0,4957324.0,1542433.0,,,,
2026-05-27,144879.0,145554.0,144879.0,359937897169772.0,2484399999.0,2026-05-27,2026-05-27,0.0,0.0,0.0,99.5,0.0,0.5,99.33709999999999,2026-06-21,,0.0,4957324.0,0.0,,,,
2026-05-28,144873.0,145548.0,144873.0,359923479298476.0,2484399999.0,2026-05-28,2026-05-28,0.0,0.0,0.0,98.91,0.0,1.09,99.33709999999999,2026-06-21,,0.0,4957324.0,0.0,,,,
2026-05-29,144868.0,145542.0,144868.0,359909061428483.0,2484399999.0,2026-05-29,2026-05-29,0.0,0.0,0.0,98.91,0.0,1.09,99.33709999999999,2026-06-21,,,,,,,,
2026-05-30,143362.0,144024.0,143362.0,358891542311438.0,2503399999.0,2026-05-30,2026-05-30,0.0,0.0,0.0,99.39,0.0,0.61,99.33709999999999,2026-06-21,,4835240.0,4903754.0,2253833.0,,,,
2026-05-31,145019.0,145694.0,145019.0,363055715642204.0,2503499999.0,2026-05-31,2026-05-31,0.0,0.0,0.0,99.4,0.0,0.6,99.33709999999999,2026-06-21,,4820000.0,4820423.0,1488252.0,,,,
2026-06-01,148898.0,149589.0,148898.0,374358613892563.0,2514199999.0,2026-06-01,2026-06-01,0.0,0.0,0.0,99.42,0.0,0.58,99.33709999999999,2026-06-21,,5037000.0,4938492.0,1244434.0,,,,
2026-06-02,147631.0,148319.0,147631.0,371217794237698.0,2514499999.0,2026-06-02,2026-06-02,0.0,0.0,0.0,99.41,0.0,0.59,99.33709999999999,2026-06-21,,5000000.0,5010344.0,1439278.0,,,,
2026-06-03,147160.0,147842.0,147160.0,371887904324753.0,2527099999.0,2026-06-03,2026-06-03,0.0,0.0,0.0,99.41,0.0,0.59,99.33709999999999,2026-06-21,,4974760.0,4974563.0,377329.0,,,,
2026-06-04,147154.0,147837.0,147154.0,371873129704222.0,2527099999.0,2026-06-04,2026-06-04,0.0,0.0,0.0,99.41,0.0,0.59,99.33709999999999,2026-06-21,,0.0,4974563.0,0.0,,,,
2026-06-05,147148.0,147831.0,147148.0,371858354966911.0,2527099999.0,2026-06-05,2026-06-05,0.0,0.0,0.0,99.41,0.0,0.59,99.33709999999999,2026-06-21,,,,,,,,
2026-06-06,143426.0,144091.0,143426.0,362581255809852.0,2527999999.0,2026-06-06,2026-06-06,0.0,0.0,0.0,99.4,0.0,0.6,99.33709999999999,2026-06-21,,4520000.0,4538665.0,1199094.0,,,,
2026-06-07,147585.0,148271.0,147585.0,373699620283466.0,2532099999.0,2026-06-07,2026-06-07,0.0,0.0,0.0,99.42,0.0,0.58,99.33709999999999,2026-06-21,,4800000.0,4592216.0,1279875.0,,,,
2026-06-08,145590.0,146268.0,145590.0,368677048819638.0,2532299999.0,2026-06-08,2026-06-08,0.0,0.0,0.0,99.41,0.0,0.59,99.33709999999999,2026-06-21,,4630010.0,4574142.0,902999.0,,,,
2026-06-09,143832.0,144503.0,143832.0,363967846438653.0,2530499999.0,2026-06-09,2026-06-09,0.0,0.0,0.0,99.4,0.0,0.6,99.33709999999999,2026-06-21,,4628000.0,4678571.0,812763.0,,,,
2026-06-10,143203.0,143871.0,143203.0,362374555391368.0,2530499999.0,2026-06-10,2026-06-10,0.0,0.0,0.0,99.44,0.0,0.56,99.33709999999999,2026-06-21,,4390000.0,4447005.0,750568.0,,,,
2026-06-11,143197.0,143865.0,143197.0,362359982410223.0,2530499999.0,2026-06-11,2026-06-11,0.0,0.0,0.0,99.44,0.0,0.56,99.33709999999999,2026-06-21,,0.0,4447005.0,0.0,,,,
2026-06-12,143191.0,143859.0,143191.0,362345409430396.0,2530499999.0,2026-06-12,2026-06-12,0.0,0.0,0.0,99.44,0.0,0.56,99.33709999999999,2026-06-21,,,,,,,,
2026-06-13,137087.0,137726.0,137087.0,346898660863878.0,2530499999.0,2026-06-13,2026-06-13,0.0,0.0,0.0,99.41,0.0,0.59,99.33709999999999,2026-06-21,,4002350.0,4163228.0,458564.0,,,,
2026-06-14,138002.0,138645.0,138002.0,349462496901380.0,2532299999.0,2026-06-14,2026-06-14,0.0,0.0,0.0,99.42,0.0,0.58,99.33709999999999,2026-06-21,,4195860.0,4173463.0,1048695.0,,,,
2026-06-15,134035.0,134660.0,134035.0,339391275382948.0,2532099999.0,2026-06-15,2026-06-15,0.0,0.0,0.0,99.33,0.0,0.67,99.33709999999999,2026-06-21,,4089950.0,4109812.0,897771.0,,,,
2026-06-16,127428.0,128021.0,127428.0,323042692401496.0,2535099999.0,2026-06-16,2026-06-16,0.0,0.0,0.0,99.31,0.0,0.69,99.33709999999999,2026-06-21,,3874940.0,3925158.0,717985.0,,,,
2026-06-17,128822.0,129420.0,128822.0,327709552938080.0,2543899999.0,2026-06-17,2026-06-17,0.0,0.0,0.0,99.38,0.0,0.62,99.33709999999999,2026-06-21,,3890000.0,3966128.0,971661.0,,,,
2026-06-18,128816.0,129415.0,128816.0,327695939417070.0,2543899999.0,2026-06-18,2026-06-18,0.0,0.0,0.0,99.38,0.0,0.62,99.33709999999999,2026-06-21,,0.0,3966128.0,0.0,,,,
2026-06-19,128811.0,129410.0,128811.0,327682325897291.0,2543899999.0,2026-06-19,2026-06-19,0.0,0.0,0.0,99.38,0.0,0.62,99.33709999999999,2026-06-21,,,,,,,,
2026-06-20,131640.0,132254.0,131640.0,334957230589913.0,2544499999.0,2026-06-20,2026-06-20,0.0,0.0,0.0,99.39,0.0,0.61,99.33709999999999,2026-06-21,,3856910.0,3884324.0,753533.0,,,,
2026-06-21,126807.0,127398.0,126807.0,322736662399205.0,2545099999.0,2026-06-21,2026-06-21,0.0,0.0,0.0,99.37,0.0,0.63,99.33709999999999,2026-06-21,199.3371,3645000.0,3725521.0,303096.0,,,,
2026-06-22,126735.0,127326.0,126735.0,321538956402171.0,2537099999.0,2026-06-22,2026-06-22,0.0,0.0,0.0,99.37,0.0,0.63,99.33709999999999,2026-06-21,,3748900.0,3749004.0,560384.0,,,,
2026-06-23,126656.0,127246.0,126656.0,321376641438259.0,2537399999.0,2026-06-23,2026-06-23,0.0,0.0,0.0,99.37,0.0,0.63,99.33709999999999,2026-06-21,,3700000.0,3686776.0,559425.0,,,,
2026-06-24,126651.0,127241.0,126651.0,321363186003157.0,2537399999.0,2026-06-24,2026-06-24,0.0,0.0,0.0,99.37,0.0,0.63,99.33709999999999,2026-06-21,,0.0,3686776.0,0.0,,,,
2026-06-25,126645.0,127236.0,126645.0,321349730569271.0,2537399999.0,2026-06-25,2026-06-25,0.0,0.0,0.0,99.37,0.0,0.63,99.33709999999999,2026-06-21,,0.0,3686776.0,0.0,,,,
2026-06-26,126640.0,127230.0,126640.0,321336275136601.0,2537399999.0,2026-06-26,2026-06-26,0.0,0.0,0.0,99.37,0.0,0.63,99.33709999999999,2026-06-21,,,,,,,,
2026-06-27,129803.0,130408.0,129803.0,329361069927468.0,2537399999.0,2026-06-27,2026-06-27,0.0,0.0,0.0,99.38,0.0,0.62,99.33709999999999,2026-06-21,,3660000.0,3673135.0,471700.0,,,,
2026-06-28,135546.0,136177.0,135546.0,344204349427324.0,2539399999.0,2026-06-28,2026-06-28,0.0,0.0,0.0,99.41,0.0,0.59,99.33709999999999,2026-06-21,,3689990.0,3702618.0,898531.0,,,,
2026-06-29,132693.0,133312.0,132693.0,336961314996061.0,2539399999.0,2026-06-29,2026-06-29,0.0,0.0,0.0,99.4,0.0,0.6,99.33709999999999,2026-06-21,,3560000.0,3590396.0,870599.0,,,,
2026-06-30,133911.0,134535.0,133911.0,340454486465484.0,2542399999.0,2026-06-30,2026-06-30,0.0,0.0,0.0,99.4,0.0,0.6,99.33709999999999,2026-06-21,,3540000.0,3566028.0,600032.0,,,,
2026-07-01,137495.0,138136.0,137495.0,349291714839829.0,2540399999.0,2026-07-01,2026-07-01,0.0,0.0,0.0,99.42,0.0,0.58,99.33709999999999,2026-06-21,,3650000.0,3647673.0,1054139.0,,,,
2026-07-02,137489.0,138131.0,137489.0,349277704454031.0,2540399999.0,2026-07-02,2026-07-02,0.0,0.0,0.0,99.34,0.0,0.66,99.33709999999999,2026-06-21,,0.0,3647673.0,0.0,,,,
2026-07-03,137484.0,138125.0,137484.0,349263695329501.0,2540399999.0,2026-07-03,2026-07-03,0.0,0.0,0.0,99.34,0.0,0.66,99.33709999999999,2026-06-21,,,,,,,,
2026-07-04,137478.0,138120.0,137478.0,349249686206237.0,2540399999.0,2026-07-04,2026-07-04,0.0,0.0,0.0,99.34,0.0,0.66,99.33709999999999,2026-06-21,,0.0,3647673.0,0.0,,,,
2026-07-05,137473.0,138114.0,137473.0,349235677202857.0,2540399999.0,2026-07-05,2026-07-05,0.0,0.0,0.0,99.34,0.0,0.66,99.33709999999999,2026-06-21,,0.0,3647673.0,0.0,,,,
2026-07-06,137467.0,138109.0,137467.0,349221668082126.0,2540399999.0,2026-07-06,2026-07-06,0.0,0.0,0.0,99.34,0.0,0.66,99.33709999999999,2026-06-21,,0.0,3647673.0,0.0,,,,
2026-07-07,141443.0,142104.0,141443.0,359322482672907.0,2540399999.0,2026-07-07,2026-07-07,0.0,0.0,0.0,99.43,0.0,0.57,99.33709999999999,2026-06-21,,3780000.0,3784848.0,543333.0,,,,
2026-07-08,143955.0,144627.0,143955.0,366064347759310.0,2542899999.0,2026-07-08,2026-07-08,0.0,0.0,0.0,99.44,0.0,0.56,99.33709999999999,2026-06-21,,3790430.0,3821600.0,454404.0,,,,
2026-07-09,143950.0,144621.0,143950.0,366049881007749.0,2542899999.0,2026-07-09,2026-07-09,0.0,0.0,0.0,99.44,0.0,0.56,99.33709999999999,2026-06-21,,0.0,3821600.0,0.0,,,,
2026-07-10,143944.0,144616.0,143944.0,366035414266936.0,2542899999.0,2026-07-10,2026-07-10,0.0,0.0,0.0,99.44,0.0,0.56,99.33709999999999,2026-06-21,,,,,,,,
2026-07-11,140473.0,141128.0,140473.0,357222975039411.0,2542999999.0,2026-07-11,2026-07-11,0.0,0.0,0.0,99.43,0.0,0.57,99.33709999999999,2026-06-21,,3687340.0,3682714.0,538358.0,,,,
2026-07-12,140825.0,141481.0,140825.0,358935444904393.0,2548799999.0,2026-07-12,2026-07-12,0.0,0.0,0.0,99.43,0.0,0.57,99.33709999999999,2026-06-21,,3710000.0,3688920.0,1059609.0,,,,
2026-07-13,141568.0,142227.0,141568.0,360841456033974.0,2548899999.0,2026-07-13,2026-07-13,0.0,0.0,0.0,99.43,0.0,0.57,99.33709999999999,2026-06-21,,3704700.0,3685692.0,995056.0,,,,
2026-07-14,143818.0,144487.0,143818.0,368160406641617.0,2559899999.0,2026-07-14,2026-07-14,0.0,0.0,0.0,99.44,0.0,0.56,99.33709999999999,2026-06-21,,,,,,,,
2026-07-15,147867.0,148553.0,147867.0,380815959508906.0,2575399999.0,2026-07-15,2026-07-15,0.0,0.0,0.0,99.45,0.0,0.55,99.33709999999999,2026-06-21,,,,,,,,
2026-07-16,147861.0,148547.0,147861.0,380801080212557.0,2575399999.0,2026-07-16,2026-07-16,0.0,0.0,0.0,99.45,0.0,0.55,99.33709999999999,2026-06-21,,,,,,,,
2026-07-17,147855.0,148542.0,147855.0,380786200917553.0,2575399999.0,2026-07-17,2026-07-17,0.0,0.0,0.0,99.45,0.0,0.55,99.33709999999999,2026-06-21,,,,,,,,
,,,,,,2026-07-18,2026-07-18,0.0,0.0,0.0,99.47,0.0,0.53,99.33709999999999,2026-06-21,,,,,,,,
