تاریخ_nav,قیمت ابطال,قیمت صدور,قیمت آماری,ارزش خالص دارایی‌ها,تعداد واحدهای سرمایه‌گذاری شده,date_greg,تاریخ_comp,پنج نماد برتر (%),سهام (%),اوراق (%),سایر (%),نقد (%),سپرده (%),gold_legs_weight_pct,legs_as_of,reconciled_total_pct,usdt_open,usdt_close,usdt_high,usdt_low
2023-07-19,23846.0,23892.0,23846.0,18364287177987.0,752800000.0,2023-07-19,,,,,,,,99.6236,2026-06-21,,,,,
2023-07-20,23830.0,23875.0,23830.0,18351643105254.0,752800000.0,2023-07-20,2023-07-20,0.0,0.0,0.0,0.13,0.0,0.11,99.6236,2026-06-21,,,,,
2023-07-21,23829.0,23874.0,23829.0,18350898096270.0,752800000.0,2023-07-21,2023-07-21,0.0,0.0,0.0,0.13,0.0,0.11,99.6236,2026-06-21,,,,,
2023-07-22,23677.0,23722.0,23677.0,18234069575879.0,752800000.0,2023-07-22,2023-07-22,0.0,0.0,0.0,0.01,0.0,0.09,99.6236,2026-06-21,,,,,
2023-07-23,23373.0,23418.0,23373.0,18007054263674.0,753100000.0,2023-07-23,2023-07-23,0.0,0.0,0.0,0.05,0.0,0.09,99.6236,2026-06-21,,,,,
2023-07-24,23662.0,23707.0,23662.0,18255613547387.0,754200000.0,2023-07-24,2023-07-24,0.0,0.0,0.0,0.18,0.0,0.06,99.6236,2026-06-21,,,,,
2023-07-25,24132.0,24178.0,24132.0,18634821659208.0,754900000.0,2023-07-25,2023-07-25,0.0,0.0,0.0,0.05,0.0,0.06,99.6236,2026-06-21,,,,,
2023-07-26,24412.0,24459.0,24412.0,18873475883282.0,755800000.0,2023-07-26,2023-07-26,0.0,0.0,0.0,0.1,0.0,0.06,99.6236,2026-06-21,,,,,
2023-07-27,24411.0,24458.0,24411.0,18872715329330.0,755800000.0,2023-07-27,2023-07-27,0.0,0.0,0.0,0.1,0.0,0.06,99.6236,2026-06-21,,,,,
2023-07-28,24410.0,24457.0,24410.0,18871954775378.0,755800000.0,2023-07-28,2023-07-28,0.0,0.0,0.0,0.1,0.0,0.06,99.6236,2026-06-21,,,,,
2023-07-29,24392.0,24439.0,24392.0,18877585814585.0,756600000.0,2023-07-29,2023-07-29,0.0,0.0,0.0,0.11,0.0,0.06,99.6236,2026-06-21,,,,,
2023-07-30,24227.0,24273.0,24227.0,18749385653566.0,756600000.0,2023-07-30,2023-07-30,0.0,0.0,0.0,0.01,0.0,0.16,99.6236,2026-06-21,,,,,
2023-07-31,24719.0,24767.0,24719.0,19197436382333.0,759300000.0,2023-07-31,2023-07-31,0.0,0.0,0.0,0.1,0.0,0.23,99.6236,2026-06-21,,,,,
2023-08-01,25408.0,25456.0,25408.0,19770039970323.0,760800000.0,2023-08-01,2023-08-01,0.0,0.0,0.0,0.2,0.0,0.26,99.6236,2026-06-21,,,,,
2023-08-02,25407.0,25455.0,25407.0,19769254309362.0,760800000.0,2023-08-02,2023-08-02,0.0,0.0,0.0,0.2,0.0,0.26,99.6236,2026-06-21,,,,,
2023-08-03,25406.0,25454.0,25406.0,19768468648401.0,760800000.0,2023-08-03,2023-08-03,0.0,0.0,0.0,0.2,0.0,0.26,99.6236,2026-06-21,,,,,
2023-08-04,25405.0,25453.0,25405.0,19767682987440.0,760800000.0,2023-08-04,2023-08-04,0.0,0.0,0.0,0.2,0.0,0.26,99.6236,2026-06-21,,,,,
2023-08-05,24944.0,24992.0,24944.0,19526732049970.0,765500000.0,2023-08-05,2023-08-05,0.0,0.0,0.0,0.61,0.0,0.15,99.6236,2026-06-21,,,,,
2023-08-06,24747.0,24794.0,24747.0,19474056873120.0,769600000.0,2023-08-06,2023-08-06,0.0,0.0,0.0,0.12,0.0,0.29,99.6236,2026-06-21,,,,,
2023-08-07,24773.0,24820.0,24773.0,19514338004866.0,770400000.0,2023-08-07,2023-08-07,0.0,0.0,0.0,0.33,0.0,0.14,99.6236,2026-06-21,,,,,
2023-08-08,24623.0,24669.0,24623.0,19646849281446.0,780600000.0,2023-08-08,2023-08-08,0.0,0.0,0.0,0.91,0.0,0.14,99.6236,2026-06-21,,,,,
2023-08-09,24892.0,24938.0,24892.0,19891218425537.0,781800000.0,2023-08-09,2023-08-09,0.0,0.0,0.0,0.6,0.0,0.14,99.6236,2026-06-21,,,,,
2023-08-10,24849.0,24896.0,24849.0,19857451786232.0,781800000.0,2023-08-10,2023-08-10,0.0,0.0,0.0,0.59,0.0,0.14,99.6236,2026-06-21,,,,,
2023-08-11,24848.0,24895.0,24848.0,19856658943483.0,781800000.0,2023-08-11,2023-08-11,0.0,0.0,0.0,0.59,0.0,0.14,99.6236,2026-06-21,,,,,
2023-08-12,23961.0,24006.0,23961.0,19169048493050.0,782700000.0,2023-08-12,2023-08-12,0.0,0.0,0.0,0.02,0.0,0.14,99.6236,2026-06-21,,,,,
2023-08-13,24399.0,24445.0,24399.0,19519322920223.0,782700000.0,2023-08-13,2023-08-13,0.0,0.0,0.0,0.01,0.0,0.07,99.6236,2026-06-21,,,,,
2023-08-14,24278.0,24324.0,24278.0,19423015558857.0,782700000.0,2023-08-14,2023-08-14,0.0,0.0,0.0,0.01,0.0,0.07,99.6236,2026-06-21,,,,,
2023-08-15,24200.0,24246.0,24200.0,19360413221913.0,782700000.0,2023-08-15,2023-08-15,0.0,0.0,0.0,0.01,0.0,0.07,99.6236,2026-06-21,,,,,
2023-08-16,24119.0,24165.0,24119.0,19295809654140.0,782700000.0,2023-08-16,2023-08-16,0.0,0.0,0.0,0.01,0.0,0.07,99.6236,2026-06-21,,,,,
2023-08-17,24069.0,24115.0,24069.0,19255926677766.0,782700000.0,2023-08-17,2023-08-17,0.0,0.0,0.0,0.01,0.0,0.07,99.6236,2026-06-21,,,,,
2023-08-18,24068.0,24114.0,24068.0,19255147458579.0,782700000.0,2023-08-18,2023-08-18,0.0,0.0,0.0,0.01,0.0,0.07,99.6236,2026-06-21,,,,,
2023-08-19,23893.0,23938.0,23893.0,19114973363493.0,782700000.0,2023-08-19,2023-08-19,0.0,0.0,0.0,0.01,0.0,0.07,99.6236,2026-06-21,,,,,
2023-08-20,23919.0,23964.0,23919.0,19135292342554.0,782700000.0,2023-08-20,2023-08-20,0.0,0.0,0.0,0.01,0.0,0.07,99.6236,2026-06-21,,,,,
2023-08-21,23897.0,23942.0,23897.0,19117870723784.0,782700000.0,2023-08-21,2023-08-21,0.0,0.0,0.0,0.01,0.0,0.07,99.6236,2026-06-21,,,,,
2023-08-22,24143.0,24189.0,24143.0,19315031222013.0,782700000.0,2023-08-22,2023-08-22,0.0,0.0,0.0,0.01,0.0,0.07,99.6236,2026-06-21,,,,,
2023-08-23,24178.0,24223.0,24178.0,19342747285295.0,782700000.0,2023-08-23,2023-08-23,0.0,0.0,0.0,0.01,0.0,0.07,99.6236,2026-06-21,,,,,
2023-08-24,24179.0,24225.0,24179.0,19343981313166.0,782700000.0,2023-08-24,2023-08-24,0.0,0.0,0.0,0.01,0.0,0.07,99.6236,2026-06-21,,,,,
2023-08-25,24179.0,24224.0,24179.0,19343200697752.0,782700000.0,2023-08-25,2023-08-25,0.0,0.0,0.0,0.01,0.0,0.07,99.6236,2026-06-21,,,,,
2023-08-26,23958.0,24003.0,23958.0,19166741612402.0,782700000.0,2023-08-26,2023-08-26,0.0,0.0,0.0,0.01,0.0,0.07,99.6236,2026-06-21,,,,,
2023-08-27,24093.0,24138.0,24093.0,19274877991516.0,782700000.0,2023-08-27,2023-08-27,0.0,0.0,0.0,0.01,0.0,0.07,99.6236,2026-06-21,,,,,
2023-08-28,23968.0,24013.0,23968.0,19174433394116.0,782700000.0,2023-08-28,2023-08-28,0.0,0.0,0.0,0.01,0.0,0.07,99.6236,2026-06-21,,,,,
2023-08-29,23942.0,23987.0,23942.0,19154323187885.0,782700000.0,2023-08-29,2023-08-29,0.0,0.0,0.0,0.01,0.0,0.07,99.6236,2026-06-21,,,,,
2023-08-30,24118.0,24162.0,24118.0,19847055305453.0,805600000.0,2023-08-30,2023-08-30,0.0,0.0,0.0,2.31,0.0,0.06,99.6236,2026-06-21,,,,,
2023-08-31,24129.0,24174.0,24129.0,19856502214109.0,805600000.0,2023-08-31,2023-08-31,0.0,0.0,0.0,2.31,0.0,0.06,99.6236,2026-06-21,,,,,
2023-09-01,24128.0,24173.0,24128.0,19855709902087.0,805600000.0,2023-09-01,2023-09-01,0.0,0.0,0.0,2.31,0.0,0.06,99.6236,2026-06-21,,,,,
2023-09-02,24231.0,24276.0,24231.0,19940086066939.0,805600000.0,2023-09-02,2023-09-02,0.0,0.0,0.0,0.01,0.0,0.06,99.6236,2026-06-21,,,,,
2023-09-03,24456.0,24501.0,24456.0,20171603654914.0,807500000.0,2023-09-03,2023-09-03,0.0,0.0,0.0,0.24,0.0,0.07,99.6236,2026-06-21,,,,,
2023-09-04,24293.0,24337.0,24293.0,20717248668305.0,835500000.0,2023-09-04,2023-09-04,0.0,0.0,0.0,3.09,0.0,0.06,99.6236,2026-06-21,,,,,
2023-09-05,24226.0,24270.0,24226.0,20660445685207.0,835500000.0,2023-09-05,2023-09-05,0.0,0.0,0.0,0.09,0.0,0.07,99.6236,2026-06-21,,,,,
2023-09-06,24225.0,24269.0,24225.0,20659614310269.0,835500000.0,2023-09-06,2023-09-06,0.0,0.0,0.0,0.09,0.0,0.07,99.6236,2026-06-21,,,,,
2023-09-07,24123.0,24167.0,24123.0,20572246021384.0,835500000.0,2023-09-07,2023-09-07,0.0,0.0,0.0,0.01,0.0,0.07,99.6236,2026-06-21,,,,,
2023-09-08,24122.0,24166.0,24122.0,20571414471828.0,835500000.0,2023-09-08,2023-09-08,0.0,0.0,0.0,0.01,0.0,0.07,99.6236,2026-06-21,,,,,
2023-09-09,24277.0,24321.0,24277.0,20834764686482.0,840900000.0,2023-09-09,2023-09-09,0.0,0.0,0.0,0.63,0.0,0.07,99.6236,2026-06-21,,,,,
2023-09-10,24249.0,24293.0,24249.0,20810765764836.0,840900000.0,2023-09-10,2023-09-10,0.0,0.0,0.0,0.31,0.0,0.06,99.6236,2026-06-21,,,,,
2023-09-11,24213.0,24257.0,24213.0,20762687003587.0,840200000.0,2023-09-11,2023-09-11,0.0,0.0,0.0,0.37,0.0,0.06,99.6236,2026-06-21,,,,,
2023-09-12,24060.0,24104.0,24060.0,20632099878371.0,840200000.0,2023-09-12,2023-09-12,0.0,0.0,0.0,0.02,0.0,0.08,99.6236,2026-06-21,,,,,
2023-09-13,24273.0,24318.0,24273.0,20814913757618.0,840200000.0,2023-09-13,2023-09-13,0.0,0.0,0.0,0.01,0.0,0.08,99.6236,2026-06-21,,,,,
2023-09-14,24272.0,24317.0,24272.0,20814076421019.0,840200000.0,2023-09-14,2023-09-14,0.0,0.0,0.0,0.01,0.0,0.08,99.6236,2026-06-21,,,,,
2023-09-15,24271.0,24316.0,24271.0,20813239084420.0,840200000.0,2023-09-15,2023-09-15,0.0,0.0,0.0,0.01,0.0,0.08,99.6236,2026-06-21,,,,,
2023-09-16,24271.0,24315.0,24271.0,20812401747821.0,840200000.0,2023-09-16,2023-09-16,0.0,0.0,0.0,0.01,0.0,0.08,99.6236,2026-06-21,,,,,
2023-09-17,24128.0,24172.0,24128.0,20682676554695.0,839900000.0,2023-09-17,2023-09-17,0.0,0.0,0.0,0.07,0.0,0.08,99.6236,2026-06-21,,,,,
2023-09-18,23977.0,24021.0,23977.0,20546637288184.0,839600000.0,2023-09-18,2023-09-18,0.0,0.0,0.0,0.03,0.0,0.08,99.6236,2026-06-21,,,,,
2023-09-19,23917.0,23960.0,23917.0,20327159764005.0,832600000.0,2023-09-19,2023-09-19,0.0,0.0,0.0,0.83,0.0,0.07,99.6236,2026-06-21,,,,,
2023-09-20,23683.0,23726.0,23683.0,20246974426973.0,837600000.0,2023-09-20,2023-09-20,0.0,0.0,0.0,0.59,0.0,0.11,99.6236,2026-06-21,,,,,
2023-09-21,23739.0,23782.0,23739.0,20295186423107.0,837600000.0,2023-09-21,2023-09-21,0.0,0.0,0.0,0.59,0.0,0.11,99.6236,2026-06-21,,,,,
2023-09-22,23738.0,23781.0,23738.0,20294368963052.0,837600000.0,2023-09-22,2023-09-22,0.0,0.0,0.0,0.59,0.0,0.11,99.6236,2026-06-21,,,,,
2023-09-23,23640.0,23683.0,23640.0,20210634812920.0,837600000.0,2023-09-23,2023-09-23,0.0,0.0,0.0,0.43,0.0,0.11,99.6236,2026-06-21,,,,,
2023-09-24,23639.0,23682.0,23639.0,20209817477918.0,837600000.0,2023-09-24,2023-09-24,0.0,0.0,0.0,0.43,0.0,0.11,99.6236,2026-06-21,,,,,
2023-09-25,23556.0,23598.0,23556.0,20232362198658.0,841600000.0,2023-09-25,2023-09-25,0.0,0.0,0.0,0.44,0.0,0.11,99.6236,2026-06-21,,,,,
2023-09-26,23539.0,23581.0,23539.0,20171139769504.0,839600000.0,2023-09-26,2023-09-26,0.0,0.0,0.0,0.21,0.0,0.43,99.6236,2026-06-21,,,,,
2023-09-27,23242.0,23284.0,23242.0,19784256963727.0,833900000.0,2023-09-27,2023-09-27,0.0,0.0,0.0,0.87,0.0,0.13,99.6236,2026-06-21,,,,,
2023-09-28,23205.0,23246.0,23205.0,19752413241982.0,833900000.0,2023-09-28,2023-09-28,0.0,0.0,0.0,0.79,0.0,0.13,99.6236,2026-06-21,,,,,
2023-09-29,23204.0,23246.0,23204.0,19751608085441.0,833900000.0,2023-09-29,2023-09-29,0.0,0.0,0.0,0.79,0.0,0.13,99.6236,2026-06-21,,,,,
2023-09-30,23124.0,23166.0,23124.0,19679282772575.0,833700000.0,2023-09-30,2023-09-30,0.0,0.0,0.0,0.05,0.0,0.21,99.6236,2026-06-21,,,,,
2023-10-01,23161.0,23202.0,23161.0,19710115618822.0,833700000.0,2023-10-01,2023-10-01,0.0,0.0,0.0,0.01,0.0,0.23,99.6236,2026-06-21,,,,,
2023-10-02,23140.0,23182.0,23140.0,19701844615620.0,834100000.0,2023-10-02,2023-10-02,0.0,0.0,0.0,0.14,0.0,0.23,99.6236,2026-06-21,,,,,
2023-10-03,23139.0,23181.0,23139.0,19701042072860.0,834100000.0,2023-10-03,2023-10-03,0.0,0.0,0.0,0.14,0.0,0.23,99.6236,2026-06-21,,,,,
2023-10-04,23196.0,23238.0,23196.0,19751819492417.0,834200000.0,2023-10-04,2023-10-04,0.0,0.0,0.0,0.14,0.0,0.36,99.6236,2026-06-21,,,,,
2023-10-05,23221.0,23263.0,23221.0,19773042327138.0,834200000.0,2023-10-05,2023-10-05,0.0,0.0,0.0,0.14,0.0,0.36,99.6236,2026-06-21,,,,,
2023-10-06,23220.0,23262.0,23220.0,19772239028754.0,834200000.0,2023-10-06,2023-10-06,0.0,0.0,0.0,0.14,0.0,0.36,99.6236,2026-06-21,,,,,
2023-10-07,23968.0,24011.0,23968.0,20586561210526.0,841600000.0,2023-10-07,2023-10-07,0.0,0.0,0.0,0.98,0.0,0.36,99.6236,2026-06-21,,,,,
2023-10-08,24896.0,24940.0,24896.0,21468023412534.0,845000000.0,2023-10-08,2023-10-08,0.0,0.0,0.0,0.49,0.0,0.4,99.6236,2026-06-21,,,,,
2023-10-09,26100.0,26146.0,26100.0,22493470817252.0,844500000.0,2023-10-09,2023-10-09,0.0,0.0,0.0,0.56,0.0,0.37,99.6236,2026-06-21,,,,,
2023-10-10,24836.0,24879.0,24836.0,21388814125544.0,843900000.0,2023-10-10,2023-10-10,0.0,0.0,0.0,0.49,0.0,0.43,99.6236,2026-06-21,,,,,
2023-10-11,24631.0,24673.0,24631.0,22074983681380.0,878900000.0,2023-10-11,2023-10-11,0.0,0.0,2.19,3.74,0.0,0.43,99.6236,2026-06-21,,,,,
2023-10-12,24654.0,24696.0,24654.0,22095212321600.0,878900000.0,2023-10-12,2023-10-12,0.0,0.0,2.2,3.75,0.0,0.1,99.6236,2026-06-21,,,,,
2023-10-13,24653.0,24695.0,24653.0,22094580763788.0,878900000.0,2023-10-13,2023-10-13,0.0,0.0,2.2,3.75,0.0,0.1,99.6236,2026-06-21,,,,,
2023-10-14,24926.0,24969.0,24926.0,22501600877037.0,885400000.0,2023-10-14,2023-10-14,0.0,0.0,2.2,1.97,0.0,0.28,99.6236,2026-06-21,,,,,
2023-10-15,24901.0,24943.0,24901.0,22533092456153.0,887600000.0,2023-10-15,2023-10-15,0.0,0.0,2.2,0.43,0.0,0.75,99.6236,2026-06-21,,,,,
2023-10-16,24517.0,24558.0,24517.0,22426164417634.0,897400000.0,2023-10-16,2023-10-16,0.0,0.0,2.21,1.49,0.0,0.1,99.6236,2026-06-21,,,,,
2023-10-17,24833.0,24875.0,24833.0,22744872095620.0,898600000.0,2023-10-17,2023-10-17,0.0,0.0,1.51,0.83,0.0,0.1,99.6236,2026-06-21,,,,,
2023-10-18,25147.0,25190.0,25147.0,23065702087887.0,899900000.0,2023-10-18,2023-10-18,0.0,0.0,1.49,0.94,0.0,0.1,99.6236,2026-06-21,,,,,
2023-10-19,25088.0,25130.0,25088.0,23011047567704.0,899900000.0,2023-10-19,2023-10-19,0.0,0.0,1.5,0.15,0.0,0.1,99.6236,2026-06-21,,,,,
2023-10-20,25087.0,25129.0,25087.0,23010136556266.0,899900000.0,2023-10-20,2023-10-20,0.0,0.0,1.5,0.15,0.0,0.1,99.6236,2026-06-21,,,,,
2023-10-21,24830.0,24872.0,24830.0,22784594291244.0,900300000.0,2023-10-21,2023-10-21,0.0,0.0,1.07,0.49,0.0,0.26,99.6236,2026-06-21,,,,,
2023-10-22,25140.0,25182.0,25140.0,23330479558406.0,910700000.0,2023-10-22,2023-10-22,0.0,0.0,1.04,1.65,0.0,0.11,99.6236,2026-06-21,,,,,
2023-10-23,25053.0,25095.0,25053.0,23284794660815.0,912100000.0,2023-10-23,2023-10-23,0.0,0.0,1.05,1.35,0.0,0.38,99.6236,2026-06-21,,,,,
2023-10-24,25026.0,25067.0,25026.0,23314647316162.0,914300000.0,2023-10-24,2023-10-24,0.0,0.0,1.05,0.98,0.0,0.58,99.6236,2026-06-21,,,,,
2023-10-25,25214.0,25256.0,25214.0,23570731793018.0,917500000.0,2023-10-25,2023-10-25,0.0,0.0,1.04,1.08,0.0,0.8,99.6236,2026-06-21,,,,,
2023-10-26,25315.0,25356.0,25315.0,23664930677934.0,917500000.0,2023-10-26,2023-10-26,0.0,0.0,1.03,1.08,0.0,0.8,99.6236,2026-06-21,,,,,
2023-10-27,25314.0,25356.0,25314.0,23664126069477.0,917500000.0,2023-10-27,2023-10-27,0.0,0.0,1.03,1.08,0.0,0.8,99.6236,2026-06-21,,,,,
2023-10-28,26045.0,26088.0,26045.0,24347640678709.0,917500000.0,2023-10-28,2023-10-28,0.0,0.0,1.0,0.72,0.0,1.11,99.6236,2026-06-21,,,,,
2023-10-29,25552.0,25594.0,25552.0,23897113353870.0,917900000.0,2023-10-29,2023-10-29,0.0,0.0,1.02,1.53,0.0,0.09,99.6236,2026-06-21,,,,,
2023-10-30,25451.0,25493.0,25451.0,23802236592455.0,917900000.0,2023-10-30,2023-10-30,0.0,0.0,1.03,0.77,0.0,0.13,99.6236,2026-06-21,,,,,
2023-10-31,25580.0,25622.0,25580.0,23946088355935.0,918800000.0,2023-10-31,2023-10-31,0.0,0.0,1.02,0.4,0.0,0.13,99.6236,2026-06-21,,,,,
2023-11-01,25741.0,25783.0,25741.0,24341058020457.0,928300000.0,2023-11-01,2023-11-01,0.0,0.0,1.01,1.27,0.0,0.1,99.6236,2026-06-21,,,,,
2023-11-02,25754.0,25795.0,25754.0,24353067885428.0,928300000.0,2023-11-02,2023-11-02,0.0,0.0,1.01,1.27,0.0,0.1,99.6236,2026-06-21,,,,,
2023-11-03,25753.0,25794.0,25753.0,24352237059928.0,928300000.0,2023-11-03,2023-11-03,0.0,0.0,1.01,1.27,0.0,0.1,99.6236,2026-06-21,,,,,
2023-11-04,25513.0,25555.0,25513.0,24031609570643.0,924600000.0,2023-11-04,2023-11-04,0.0,0.0,0.64,1.58,0.0,0.18,99.6236,2026-06-21,,,,,
2023-11-05,25447.0,25488.0,25447.0,23953437171101.0,924000000.0,2023-11-05,2023-11-05,0.0,0.0,0.64,0.25,0.0,0.21,99.6236,2026-06-21,,,,,
2023-11-06,25362.0,25403.0,25362.0,23863364712827.0,923600000.0,2023-11-06,2023-11-06,0.0,0.0,0.64,0.37,0.0,0.15,99.6236,2026-06-21,,,,,
2023-11-07,25161.0,25201.0,25161.0,23666703943254.0,923300000.0,2023-11-07,2023-11-07,0.0,0.0,0.65,0.54,0.0,0.1,99.6236,2026-06-21,,,,,
2023-11-08,25196.0,25237.0,25196.0,23788284744268.0,926800000.0,2023-11-08,2023-11-08,0.0,0.0,0.65,0.45,0.0,0.15,99.6236,2026-06-21,,,,,
2023-11-09,25114.0,25155.0,25114.0,23710902120145.0,926800000.0,2023-11-09,2023-11-09,0.0,0.0,0.65,0.45,0.0,0.15,99.6236,2026-06-21,,,,,
2023-11-10,25113.0,25154.0,25113.0,23710038442511.0,926800000.0,2023-11-10,2023-11-10,0.0,0.0,0.65,0.45,0.0,0.15,99.6236,2026-06-21,,,,,
2023-11-11,25115.0,25155.0,25115.0,23932893515276.0,935600000.0,2023-11-11,2023-11-11,0.0,0.0,0.64,1.23,0.0,0.13,99.6236,2026-06-21,,,,,
2023-11-12,25090.0,25130.0,25090.0,23938937365119.0,936800000.0,2023-11-12,2023-11-12,0.0,0.0,0.64,1.0,0.0,0.21,99.6236,2026-06-21,,,,,
2023-11-13,25056.0,25096.0,25056.0,23906164319360.0,936800000.0,2023-11-13,2023-11-13,0.0,0.0,0.43,0.36,0.0,0.34,99.6236,2026-06-21,,,,,
2023-11-14,24973.0,25013.0,24973.0,23826857969585.0,936800000.0,2023-11-14,2023-11-14,0.0,0.0,0.43,0.53,0.0,0.1,99.6236,2026-06-21,,,,,
2023-11-15,25085.0,25125.0,25085.0,23923584271759.0,936400000.0,2023-11-15,2023-11-15,0.0,0.0,0.39,0.57,0.0,0.09,99.6236,2026-06-21,,,,,
2023-11-16,25046.0,25086.0,25046.0,23886779531346.0,936400000.0,2023-11-16,2023-11-16,0.0,0.0,0.39,0.39,0.0,0.1,99.6236,2026-06-21,,,,,
2023-11-17,25045.0,25085.0,25045.0,23885879339740.0,936400000.0,2023-11-17,2023-11-17,0.0,0.0,0.39,0.39,0.0,0.1,99.6236,2026-06-21,,,,,
2023-11-18,24988.0,25028.0,24988.0,23833917071551.0,936500000.0,2023-11-18,2023-11-18,0.0,0.0,0.39,0.36,0.0,0.1,99.6236,2026-06-21,,,,,
2023-11-19,24871.0,24911.0,24871.0,23732253810504.0,936900000.0,2023-11-19,2023-11-19,0.0,0.0,0.39,0.39,0.0,0.11,99.6236,2026-06-21,,,,,
2023-11-20,24792.0,24832.0,24792.0,23656962109556.0,936900000.0,2023-11-20,2023-11-20,0.0,0.0,0.39,0.24,0.0,0.15,99.6236,2026-06-21,,,,,
2023-11-21,24904.0,24943.0,24904.0,24027970213381.0,947500000.0,2023-11-21,2023-11-21,0.0,0.0,0.39,1.39,0.0,0.15,99.6236,2026-06-21,,,,,
2023-11-22,24982.0,25021.0,24982.0,24050720339199.0,945400000.0,2023-11-22,2023-11-22,0.0,0.0,0.39,1.09,0.0,0.23,99.6236,2026-06-21,,,,,
2023-11-23,24949.0,24989.0,24949.0,24019282821645.0,945400000.0,2023-11-23,2023-11-23,0.0,0.0,0.39,1.09,0.0,0.23,99.6236,2026-06-21,,,,,
2023-11-24,24948.0,24988.0,24948.0,24018381465512.0,945400000.0,2023-11-24,2023-11-24,0.0,0.0,0.39,1.09,0.0,0.23,99.6236,2026-06-21,,,,,
2023-11-25,25086.0,25125.0,25086.0,24178105474580.0,946500000.0,2023-11-25,2023-11-25,0.0,0.0,0.38,1.18,0.0,0.25,99.6236,2026-06-21,,,,,
2023-11-26,24995.0,25034.0,24995.0,24097752399058.0,946800000.0,2023-11-26,2023-11-26,0.0,0.0,0.39,0.94,0.0,0.36,99.6236,2026-06-21,,,,,
2023-11-27,25059.0,25099.0,25059.0,24170360969361.0,947200000.0,2023-11-27,2023-11-27,0.0,0.0,0.38,0.69,0.0,0.39,99.6236,2026-06-21,,,,,
2023-11-28,25053.0,25093.0,25053.0,24171729070906.0,947500000.0,2023-11-28,2023-11-28,0.0,0.0,0.38,0.97,0.0,0.15,99.6236,2026-06-21,,,,,
2023-11-29,25201.0,25241.0,25201.0,24476049540844.0,953900000.0,2023-11-29,2023-11-29,0.0,0.0,0.38,1.35,0.0,0.17,99.6236,2026-06-21,,,,,
2023-11-30,25247.0,25287.0,25247.0,24520715685511.0,953900000.0,2023-11-30,2023-11-30,0.0,0.0,0.38,1.35,0.0,0.17,99.6236,2026-06-21,,,,,
2023-12-01,25246.0,25286.0,25246.0,24519798734937.0,953900000.0,2023-12-01,2023-12-01,0.0,0.0,0.38,1.35,0.0,0.17,99.6236,2026-06-21,,,,,
2023-12-02,25643.0,25683.0,25643.0,25097213830081.0,961400000.0,2023-12-02,2023-12-02,0.0,0.0,0.37,1.71,0.0,0.41,99.6236,2026-06-21,,,,,
2023-12-03,25690.0,25729.0,25690.0,25700299353229.0,983100000.0,2023-12-03,2023-12-03,0.0,0.0,0.75,2.15,0.0,0.57,99.6236,2026-06-21,,,,,
2023-12-04,25732.0,25771.0,25732.0,25850871254970.0,987300000.0,2023-12-04,2023-12-04,0.0,0.0,0.74,2.2,0.0,0.41,99.6236,2026-06-21,,,,,
2023-12-05,25409.0,25447.0,25409.0,25554227570330.0,988400000.0,2023-12-05,2023-12-05,0.0,0.0,0.75,1.66,0.0,0.44,99.6236,2026-06-21,,,,,
2023-12-06,25309.0,25347.0,25309.0,25471090068163.0,989100000.0,2023-12-06,2023-12-06,0.0,0.0,0.76,1.05,0.0,0.55,99.6236,2026-06-21,,,,,
2023-12-07,25327.0,25366.0,25327.0,25490088970822.0,989100000.0,2023-12-07,2023-12-07,0.0,0.0,0.76,1.05,0.0,0.55,99.6236,2026-06-21,,,,,
2023-12-08,25327.0,25365.0,25327.0,25489248423372.0,989100000.0,2023-12-08,2023-12-08,0.0,0.0,0.76,1.05,0.0,0.55,99.6236,2026-06-21,,,,,
2023-12-09,25219.0,25257.0,25219.0,25398435390861.0,989800000.0,2023-12-09,2023-12-09,0.0,0.0,0.76,0.61,0.0,0.62,99.6236,2026-06-21,,,,,
2023-12-10,25235.0,25273.0,25235.0,25452638389027.0,991300000.0,2023-12-10,2023-12-10,0.0,0.0,0.76,0.46,0.0,0.69,99.6236,2026-06-21,,,,,
2023-12-11,25112.0,25149.0,25112.0,25496283300271.0,998000000.0,2023-12-11,2023-12-11,0.0,0.0,0.76,0.7,0.0,0.53,99.6236,2026-06-21,,,,,
2023-12-12,25142.0,25180.0,25142.0,25559767103224.0,999300000.0,2023-12-12,2023-12-12,0.0,0.0,0.58,0.42,0.0,0.56,99.6236,2026-06-21,,,,,
2023-12-13,25100.0,25137.0,25100.0,25549508426748.0,1000600000.0,2023-12-13,2023-12-13,0.0,0.0,0.58,0.43,0.0,0.18,99.6236,2026-06-21,,,,,
2023-12-14,25147.0,25184.0,25147.0,25597189558391.0,1000600000.0,2023-12-14,2023-12-14,0.0,0.0,0.58,0.43,0.0,0.17,99.6236,2026-06-21,,,,,
2023-12-15,25146.0,25183.0,25146.0,25596259900832.0,1000600000.0,2023-12-15,2023-12-15,0.0,0.0,0.58,0.43,0.0,0.17,99.6236,2026-06-21,,,,,
2023-12-16,25193.0,25231.0,25193.0,25583978084942.0,998200000.0,2023-12-16,2023-12-16,0.0,0.0,0.58,0.44,0.0,0.3,99.6236,2026-06-21,,,,,
2023-12-17,25192.0,25230.0,25192.0,25583047582444.0,998200000.0,2023-12-17,2023-12-17,0.0,0.0,0.58,0.44,0.0,0.3,99.6236,2026-06-21,,,,,
2023-12-18,25154.0,25192.0,25154.0,25851674585734.0,1010400000.0,2023-12-18,2023-12-18,0.0,0.0,0.57,1.48,0.0,0.2,99.6236,2026-06-21,,,,,
2023-12-19,25118.0,25155.0,25118.0,25824327689063.0,1010800000.0,2023-12-19,2023-12-19,0.0,0.0,0.57,0.62,0.0,0.23,99.6236,2026-06-21,,,,,
2023-12-20,25137.0,25174.0,25137.0,26060276310445.0,1019400000.0,2023-12-20,2023-12-20,0.0,0.0,0.57,1.08,0.0,0.26,99.6236,2026-06-21,,,,,
2023-12-21,25207.0,25244.0,25207.0,26132781568776.0,1019400000.0,2023-12-21,2023-12-21,0.0,0.0,0.57,1.08,0.0,0.26,99.6236,2026-06-21,,,,,
2023-12-22,25206.0,25243.0,25206.0,26131840590966.0,1019400000.0,2023-12-22,2023-12-22,0.0,0.0,0.57,1.08,0.0,0.26,99.6236,2026-06-21,,,,,
2023-12-23,25400.0,25438.0,25400.0,26343335973274.0,1019800000.0,2023-12-23,2023-12-23,0.0,0.0,0.56,1.16,0.0,0.21,99.6236,2026-06-21,,,,,
2023-12-24,25289.0,25326.0,25289.0,26222728496809.0,1019600000.0,2023-12-24,2023-12-24,0.0,0.0,0.57,1.04,0.0,0.25,99.6236,2026-06-21,,,,,
2023-12-25,25250.0,25287.0,25250.0,26200305215395.0,1020300000.0,2023-12-25,2023-12-25,0.0,0.0,0.57,0.64,0.0,0.27,99.6236,2026-06-21,,,,,
2023-12-26,25371.0,25408.0,25371.0,26358648944428.0,1021600000.0,2023-12-26,2023-12-26,0.0,0.0,0.56,0.69,0.0,0.33,99.6236,2026-06-21,,,,,
2023-12-27,25389.0,25426.0,25389.0,26519255449936.0,1027200000.0,2023-12-27,2023-12-27,0.0,0.0,0.56,0.84,0.0,0.46,99.6236,2026-06-21,,,,,
2023-12-28,25404.0,25441.0,25404.0,26535130752885.0,1027200000.0,2023-12-28,2023-12-28,0.0,0.0,0.56,0.65,0.0,0.46,99.6236,2026-06-21,,,,,
2023-12-29,25403.0,25440.0,25403.0,26534174673366.0,1027200000.0,2023-12-29,2023-12-29,0.0,0.0,0.56,0.65,0.0,0.46,99.6236,2026-06-21,,,,,
2023-12-30,25635.0,25672.0,25635.0,26814527404142.0,1028700000.0,2023-12-30,2023-12-30,0.0,0.0,0.55,1.0,0.0,0.24,99.6236,2026-06-21,,,,,
2023-12-31,25608.0,25645.0,25608.0,26824408700034.0,1030200000.0,2023-12-31,2023-12-31,0.0,0.0,0.0,1.43,0.0,0.38,99.6236,2026-06-21,,,,,
2024-01-01,25678.0,25715.0,25678.0,26849713526767.0,1028300000.0,2024-01-01,2024-01-01,0.0,0.0,0.0,0.4,0.0,1.08,99.6236,2026-06-21,,,,,
2024-01-02,25965.0,26002.0,25965.0,27235117025700.0,1031600000.0,2024-01-02,2024-01-02,0.0,0.0,0.0,0.5,0.0,1.09,99.6236,2026-06-21,,,,,
2024-01-03,25975.0,26012.0,25975.0,27328896454302.0,1034800000.0,2024-01-03,2024-01-03,0.0,0.0,0.0,0.8,0.0,1.09,99.6236,2026-06-21,,,,,
2024-01-04,26086.0,26124.0,26086.0,27446041855714.0,1034800000.0,2024-01-04,2024-01-04,0.0,0.0,0.0,0.8,0.0,1.08,99.6236,2026-06-21,,,,,
2024-01-05,26086.0,26123.0,26086.0,27445139233679.0,1034800000.0,2024-01-05,2024-01-05,0.0,0.0,0.0,0.8,0.0,1.08,99.6236,2026-06-21,,,,,
2024-01-06,26069.0,26106.0,26069.0,27455933423692.0,1035900000.0,2024-01-06,2024-01-06,0.0,0.0,0.0,0.56,0.0,1.24,99.6236,2026-06-21,,,,,
2024-01-07,26351.0,26389.0,26351.0,27880232489479.0,1040700000.0,2024-01-07,2024-01-07,0.0,0.0,0.0,0.94,0.0,1.08,99.6236,2026-06-21,,,,,
2024-01-08,26231.0,26268.0,26231.0,27918357125975.0,1047000000.0,2024-01-08,2024-01-08,0.0,0.0,0.0,1.04,0.0,1.1,99.6236,2026-06-21,,,,,
2024-01-09,26536.0,26573.0,26536.0,28807814470983.0,1068300000.0,2024-01-09,2024-01-09,0.0,0.0,0.0,1.96,0.0,1.01,99.6236,2026-06-21,,,,,
2024-01-10,27363.0,27400.0,27363.0,31454782432629.0,1132200000.0,2024-01-10,2024-01-10,0.0,0.0,2.31,5.45,0.0,0.15,99.6236,2026-06-21,,,,,
2024-01-11,27466.0,27503.0,27466.0,31572726250927.0,1132200000.0,2024-01-11,2024-01-11,0.0,0.0,2.26,5.33,0.0,0.15,99.6236,2026-06-21,,,,,
2024-01-12,27465.0,27502.0,27465.0,31571916936616.0,1132200000.0,2024-01-12,2024-01-12,0.0,0.0,2.27,5.33,0.0,0.15,99.6236,2026-06-21,,,,,
2024-01-13,28108.0,28146.0,28108.0,32524410675189.0,1139800000.0,2024-01-13,2024-01-13,0.0,0.0,2.27,1.54,0.0,0.81,99.6236,2026-06-21,,,,,
2024-01-14,27484.0,27520.0,27484.0,31816072009792.0,1140300000.0,2024-01-14,2024-01-14,0.0,0.0,2.32,1.7,0.0,0.19,99.6236,2026-06-21,,,,,
2024-01-15,27419.0,27454.0,27419.0,32166015984640.0,1155800000.0,2024-01-15,2024-01-15,0.0,0.0,0.0,3.61,0.0,0.23,99.6236,2026-06-21,,,,,
2024-01-16,27524.0,27559.0,27524.0,32288533732909.0,1155800000.0,2024-01-16,2024-01-16,0.0,0.0,0.0,2.99,0.0,0.74,99.6236,2026-06-21,,,,,
2024-01-17,27470.0,27505.0,27470.0,32225212528606.0,1155800000.0,2024-01-17,2024-01-17,0.0,0.0,0.0,2.41,0.0,0.74,99.6236,2026-06-21,,,,,
2024-01-18,27371.0,27407.0,27371.0,32110024013892.0,1155800000.0,2024-01-18,2024-01-18,0.0,0.0,0.0,2.42,0.0,0.75,99.6236,2026-06-21,,,,,
2024-01-19,27370.0,27406.0,27370.0,32108809456320.0,1155800000.0,2024-01-19,2024-01-19,0.0,0.0,0.0,2.42,0.0,0.75,99.6236,2026-06-21,,,,,
2024-01-20,27579.0,27615.0,27579.0,32359083581028.0,1156000000.0,2024-01-20,2024-01-20,0.0,0.0,0.0,1.89,0.0,0.74,99.6236,2026-06-21,,,,,
2024-01-21,27709.0,27745.0,27709.0,32603116923571.0,1159300000.0,2024-01-21,2024-01-21,0.0,0.0,0.0,1.72,0.0,0.75,99.6236,2026-06-21,,,,,
2024-01-22,27754.0,27790.0,27754.0,32819995578845.0,1165200000.0,2024-01-22,2024-01-22,0.0,0.0,0.0,1.62,0.0,1.03,99.6236,2026-06-21,,,,,
2024-01-23,28140.0,28177.0,28140.0,33276678541401.0,1165200000.0,2024-01-23,2024-01-23,0.0,0.0,0.0,1.36,0.0,1.01,99.6236,2026-06-21,,,,,
2024-01-24,28312.0,28348.0,28312.0,33479144382048.0,1165200000.0,2024-01-24,2024-01-24,0.0,0.0,0.0,0.75,0.0,1.01,99.6236,2026-06-21,,,,,
2024-01-25,28311.0,28347.0,28311.0,33477882914883.0,1165200000.0,2024-01-25,2024-01-25,0.0,0.0,0.0,0.75,0.0,1.01,99.6236,2026-06-21,,,,,
2024-01-26,28310.0,28346.0,28310.0,33476621447718.0,1165200000.0,2024-01-26,2024-01-26,0.0,0.0,0.0,0.75,0.0,1.01,99.6236,2026-06-21,,,,,
2024-01-27,28599.0,28636.0,28599.0,33850009109576.0,1166300000.0,2024-01-27,2024-01-27,0.0,0.0,0.0,0.27,0.0,0.99,99.6236,2026-06-21,,,,,
2024-01-28,28405.0,28441.0,28405.0,33660418268881.0,1167700000.0,2024-01-28,2024-01-28,0.0,0.0,0.0,0.34,0.0,0.5,99.6236,2026-06-21,,,,,
2024-01-29,29097.0,29133.0,29097.0,34742376130219.0,1176700000.0,2024-01-29,2024-01-29,0.0,0.0,0.0,0.98,0.0,0.26,99.6236,2026-06-21,,,,,
2024-01-30,29226.0,29262.0,29226.0,34896048623540.0,1176700000.0,2024-01-30,2024-01-30,0.0,0.0,0.0,0.49,0.0,0.64,99.6236,2026-06-21,,,,,
2024-01-31,29286.0,29322.0,29286.0,34967865981598.0,1176700000.0,2024-01-31,2024-01-31,0.0,0.0,0.0,0.36,0.0,0.38,99.6236,2026-06-21,,,,,
2024-02-01,29199.0,29235.0,29199.0,34863706736438.0,1176700000.0,2024-02-01,2024-02-01,0.0,0.0,0.0,0.36,0.0,0.38,99.6236,2026-06-21,,,,,
2024-02-02,29197.0,29234.0,29197.0,34862393791398.0,1176700000.0,2024-02-02,2024-02-02,0.0,0.0,0.0,0.36,0.0,0.38,99.6236,2026-06-21,,,,,
2024-02-03,28612.0,28648.0,28612.0,34306656757589.0,1181700000.0,2024-02-03,2024-02-03,0.0,0.0,0.0,0.68,0.0,0.39,99.6236,2026-06-21,,,,,
2024-02-04,28106.0,28142.0,28106.0,33727874579754.0,1182700000.0,2024-02-04,2024-02-04,0.0,0.0,0.0,0.13,0.0,0.82,99.6236,2026-06-21,,,,,
2024-02-05,27846.0,27881.0,27846.0,33487918888566.0,1185300000.0,2024-02-05,2024-02-05,0.0,0.0,0.0,0.38,0.0,0.61,99.6236,2026-06-21,,,,,
2024-02-06,28059.0,28094.0,28059.0,33822814780607.0,1188100000.0,2024-02-06,2024-02-06,0.0,0.0,0.0,0.57,0.0,0.52,99.6236,2026-06-21,,,,,
2024-02-07,28209.0,28244.0,28209.0,34017924028562.0,1188600000.0,2024-02-07,2024-02-07,0.0,0.0,0.0,0.27,0.0,0.75,99.6236,2026-06-21,,,,,
2024-02-08,28208.0,28243.0,28208.0,34016636367398.0,1188600000.0,2024-02-08,2024-02-08,0.0,0.0,0.0,0.27,0.0,0.75,99.6236,2026-06-21,,,,,
2024-02-09,28207.0,28242.0,28207.0,34015348706234.0,1188600000.0,2024-02-09,2024-02-09,0.0,0.0,0.0,0.27,0.0,0.75,99.6236,2026-06-21,,,,,
2024-02-10,28080.0,28115.0,28080.0,33861961061149.0,1188600000.0,2024-02-10,2024-02-10,0.0,0.0,0.0,0.22,0.0,0.8,99.6236,2026-06-21,,,,,
2024-02-11,28079.0,28114.0,28079.0,33860677688708.0,1188600000.0,2024-02-11,2024-02-11,0.0,0.0,0.0,0.22,0.0,0.8,99.6236,2026-06-21,,,,,
2024-02-12,28158.0,28194.0,28158.0,33956920398235.0,1188600000.0,2024-02-12,2024-02-12,0.0,0.0,0.0,0.11,0.0,0.79,99.6236,2026-06-21,,,,,
2024-02-13,28035.0,28071.0,28035.0,33808467567177.0,1188600000.0,2024-02-13,2024-02-13,0.0,0.0,0.0,0.19,0.0,0.61,99.6236,2026-06-21,,,,,
2024-02-14,27998.0,28034.0,27998.0,33763790112017.0,1188600000.0,2024-02-14,2024-02-14,0.0,0.0,0.0,0.14,0.0,0.55,99.6236,2026-06-21,,,,,
2024-02-15,28150.0,28186.0,28150.0,33947046584221.0,1188600000.0,2024-02-15,2024-02-15,0.0,0.0,0.0,0.14,0.0,0.54,99.6236,2026-06-21,,,,,
2024-02-16,28149.0,28185.0,28149.0,33945763321594.0,1188600000.0,2024-02-16,2024-02-16,0.0,0.0,0.0,0.14,0.0,0.54,99.6236,2026-06-21,,,,,
2024-02-17,28540.0,28576.0,28540.0,34428446479459.0,1189000000.0,2024-02-17,2024-02-17,0.0,0.0,0.0,0.06,0.0,0.54,99.6236,2026-06-21,,,,,
2024-02-18,28948.0,28984.0,28948.0,35450725219710.0,1207300000.0,2024-02-18,2024-02-18,0.0,0.0,0.0,1.72,0.0,0.36,99.6236,2026-06-21,,,,,
2024-02-19,28796.0,28831.0,28796.0,35379153071341.0,1211300000.0,2024-02-19,2024-02-19,0.0,0.0,0.0,0.39,0.0,1.85,99.6236,2026-06-21,,,,,
2024-02-20,28424.0,28458.0,28424.0,35189059630967.0,1220700000.0,2024-02-20,2024-02-20,0.0,0.0,0.0,0.78,0.0,0.12,99.6236,2026-06-21,,,,,
2024-02-21,28662.0,28697.0,28662.0,35550607880726.0,1223000000.0,2024-02-21,2024-02-21,0.0,0.0,0.0,0.25,0.0,0.45,99.6236,2026-06-21,,,,,
2024-02-22,28770.0,28805.0,28770.0,35683526452644.0,1223000000.0,2024-02-22,2024-02-22,0.0,0.0,0.0,0.25,0.0,0.44,99.6236,2026-06-21,,,,,
2024-02-23,28768.0,28804.0,28768.0,35682184994093.0,1223000000.0,2024-02-23,2024-02-23,0.0,0.0,0.0,0.25,0.0,0.44,99.6236,2026-06-21,,,,,
2024-02-24,29024.0,29059.0,29024.0,35999009837716.0,1223000000.0,2024-02-24,2024-02-24,0.0,0.0,0.0,0.03,0.0,0.62,99.6236,2026-06-21,,,,,
2024-02-25,29023.0,29058.0,29023.0,35997655497399.0,1223000000.0,2024-02-25,2024-02-25,0.0,0.0,0.0,0.03,0.0,0.62,99.6236,2026-06-21,,,,,
2024-02-26,28900.0,28935.0,28900.0,36432371433416.0,1243300000.0,2024-02-26,2024-02-26,0.0,0.0,0.0,1.58,0.0,0.11,99.6236,2026-06-21,,,,,
2024-02-27,29186.0,29220.0,29186.0,37457931127485.0,1266100000.0,2024-02-27,2024-02-27,0.0,0.0,0.0,1.57,0.0,0.11,99.6236,2026-06-21,,,,,
2024-02-28,29104.0,29138.0,29104.0,37797568697290.0,1281400000.0,2024-02-28,2024-02-28,0.0,0.0,0.0,1.18,0.0,0.14,99.6236,2026-06-21,,,,,
2024-02-29,29182.0,29216.0,29182.0,37899813539683.0,1281400000.0,2024-02-29,2024-02-29,0.0,0.0,0.0,1.18,0.0,0.15,99.6236,2026-06-21,,,,,
2024-03-01,29181.0,29215.0,29181.0,37898395025865.0,1281400000.0,2024-03-01,2024-03-01,0.0,0.0,0.0,1.18,0.0,0.15,99.6236,2026-06-21,,,,,
2024-03-02,29824.0,29859.0,29824.0,38915491253128.0,1287500000.0,2024-03-02,2024-03-02,0.0,0.0,0.0,0.47,0.0,0.15,99.6236,2026-06-21,,,,,
2024-03-03,29870.0,29904.0,29870.0,39492136353823.0,1304800000.0,2024-03-03,2024-03-03,0.0,0.0,0.0,1.3,0.0,0.16,99.6236,2026-06-21,,,,,
2024-03-04,30567.0,30601.0,30567.0,40428077330266.0,1305300000.0,2024-03-04,2024-03-04,0.0,0.0,0.0,0.71,0.0,0.16,99.6236,2026-06-21,,,,,
2024-03-05,31527.0,31562.0,31527.0,42306618395255.0,1324600000.0,2024-03-05,2024-03-05,0.0,0.0,0.0,0.57,0.0,0.15,99.6236,2026-06-21,,,,,
2024-03-06,31459.0,31494.0,31459.0,42854556522705.0,1344900000.0,2024-03-06,2024-03-06,0.0,0.0,0.0,0.7,0.0,0.15,99.6236,2026-06-21,,,,,
2024-03-07,31536.0,31571.0,31536.0,42959179784734.0,1344900000.0,2024-03-07,2024-03-07,0.0,0.0,0.0,0.7,0.0,0.15,99.6236,2026-06-21,,,,,
2024-03-08,31535.0,31570.0,31535.0,42957601724163.0,1344900000.0,2024-03-08,2024-03-08,0.0,0.0,0.0,0.7,0.0,0.15,99.6236,2026-06-21,,,,,
2024-03-09,32026.0,32062.0,32026.0,43867240952027.0,1352400000.0,2024-03-09,2024-03-09,0.0,0.0,0.0,0.55,0.0,0.09,99.6236,2026-06-21,,,,,
2024-03-10,31246.0,31280.0,31246.0,42907753161106.0,1355900000.0,2024-03-10,2024-03-10,0.0,0.0,0.0,0.26,0.0,0.1,99.6236,2026-06-21,,,,,
2024-03-11,31353.0,31388.0,31353.0,42963938787631.0,1353000000.0,2024-03-11,2024-03-11,0.0,0.0,0.0,0.22,0.0,0.1,99.6236,2026-06-21,,,,,
2024-03-12,31256.0,31290.0,31256.0,42830446884232.0,1353000000.0,2024-03-12,2024-03-12,0.0,0.0,0.0,0.0,0.0,0.1,99.6236,2026-06-21,,,,,
2024-03-13,31012.0,31047.0,31012.0,42496805803085.0,1353000000.0,2024-03-13,2024-03-13,0.0,0.0,0.0,0.0,0.0,0.11,99.6236,2026-06-21,,,,,
2024-03-14,31198.0,31232.0,31198.0,42750783082975.0,1353000000.0,2024-03-14,2024-03-14,0.0,0.0,0.0,0.0,0.0,0.11,99.6236,2026-06-21,,,,,
2024-03-15,31196.0,31231.0,31196.0,42749213122477.0,1353000000.0,2024-03-15,2024-03-15,0.0,0.0,0.0,0.0,0.0,0.11,99.6236,2026-06-21,,,,,
2024-03-16,31620.0,31655.0,31620.0,43329778939842.0,1353000000.0,2024-03-16,2024-03-16,0.0,0.0,0.0,0.0,0.0,0.1,99.6236,2026-06-21,,,,,
2024-03-17,32138.0,32174.0,32138.0,44235716974560.0,1359100000.0,2024-03-17,2024-03-17,0.0,0.0,0.0,0.36,0.0,0.09,99.6236,2026-06-21,,,,,
2024-03-18,32830.0,32866.0,32830.0,45568637118666.0,1370700000.0,2024-03-18,2024-03-18,0.0,0.0,0.0,0.51,0.0,0.09,99.6236,2026-06-21,,,,,
2024-03-19,32829.0,32865.0,32829.0,45566989713393.0,1370700000.0,2024-03-19,2024-03-19,0.0,0.0,0.0,0.51,0.0,0.09,99.6236,2026-06-21,,,,,
2024-03-20,32828.0,32864.0,32828.0,45565322894323.0,1370700000.0,2024-03-20,2024-03-20,0.0,0.0,0.0,0.52,0.0,0.09,99.6236,2026-06-21,,,,,
2024-03-21,32826.0,32862.0,32826.0,45563655777467.0,1370700000.0,2024-03-21,2024-03-21,0.0,0.0,0.0,0.52,0.0,0.09,99.6236,2026-06-21,,,,,
2024-03-22,32825.0,32861.0,32825.0,45561988660611.0,1370700000.0,2024-03-22,2024-03-22,0.0,0.0,0.0,0.52,0.0,0.09,99.6236,2026-06-21,,,,,
2024-03-23,32824.0,32860.0,32824.0,45560321543755.0,1370700000.0,2024-03-23,2024-03-23,0.0,0.0,0.0,0.52,0.0,0.09,99.6236,2026-06-21,,,,,
2024-03-24,33507.0,33544.0,33507.0,46508977385315.0,1370700000.0,2024-03-24,2024-03-24,0.0,0.0,0.0,0.12,0.0,0.09,99.6236,2026-06-21,,,,,
2024-03-25,33370.0,33406.0,33370.0,46618309088645.0,1379700000.0,2024-03-25,2024-03-25,0.0,0.0,0.0,0.02,0.0,0.09,99.6236,2026-06-21,,,,,
2024-03-26,33316.0,33352.0,33316.0,46846340090580.0,1388800000.0,2024-03-26,2024-03-26,0.0,0.0,0.0,0.38,0.0,0.09,99.6236,2026-06-21,,,,,
2024-03-27,33251.0,33288.0,33251.0,46785239036553.0,1389700000.0,2024-03-27,2024-03-27,0.0,0.0,0.0,0.31,0.0,0.09,99.6236,2026-06-21,,,,,
2024-03-28,33381.0,33418.0,33381.0,46968322681566.0,1389700000.0,2024-03-28,2024-03-28,0.0,0.0,0.0,0.08,0.0,0.09,99.6236,2026-06-21,,,,,
2024-03-29,33380.0,33416.0,33380.0,46966469473701.0,1389700000.0,2024-03-29,2024-03-29,0.0,0.0,0.0,0.08,0.0,0.09,99.6236,2026-06-21,,,,,
2024-03-30,33771.0,33807.0,33771.0,47756013707866.0,1396800000.0,2024-03-30,2024-03-30,0.0,0.0,0.0,0.52,0.0,0.09,99.6236,2026-06-21,,,,,
2024-03-31,33769.0,33806.0,33769.0,47754133595425.0,1396800000.0,2024-03-31,2024-03-31,0.0,0.0,0.0,0.52,0.0,0.09,99.6236,2026-06-21,,,,,
2024-04-01,33768.0,33805.0,33768.0,47752253482976.0,1396800000.0,2024-04-01,2024-04-01,0.0,0.0,0.0,0.52,0.0,0.09,99.6236,2026-06-21,,,,,
2024-04-02,35271.0,35309.0,35271.0,49929671899977.0,1398300000.0,2024-04-02,2024-04-02,0.0,0.0,0.0,0.39,0.0,0.09,99.6236,2026-06-21,,,,,
2024-04-03,36113.0,36153.0,36113.0,51122083248550.0,1398300000.0,2024-04-03,2024-04-03,0.0,0.0,0.0,0.24,0.0,0.1,99.6236,2026-06-21,,,,,
2024-04-04,36832.0,36872.0,36832.0,52140333671199.0,1398300000.0,2024-04-04,2024-04-04,0.0,0.0,0.0,0.01,0.0,0.09,99.6236,2026-06-21,,,,,
2024-04-05,36831.0,36870.0,36831.0,52138356422565.0,1398300000.0,2024-04-05,2024-04-05,0.0,0.0,0.0,0.01,0.0,0.09,99.6236,2026-06-21,,,,,
2024-04-06,37374.0,37414.0,37374.0,53117084195899.0,1403900000.0,2024-04-06,2024-04-06,0.0,0.0,0.0,0.33,0.0,0.09,99.6236,2026-06-21,,,,,
2024-04-07,36421.0,36460.0,36421.0,51980692643058.0,1409900000.0,2024-04-07,2024-04-07,0.0,0.0,0.0,0.69,0.0,0.1,99.6236,2026-06-21,,,,,
2024-04-08,35645.0,35683.0,35645.0,51450974335674.0,1426100000.0,2024-04-08,2024-04-08,0.0,0.0,0.0,0.47,0.0,1.2,99.6236,2026-06-21,,,,,
2024-04-09,36933.0,36973.0,36933.0,53125314575178.0,1421100000.0,2024-04-09,2024-04-09,0.0,0.0,0.0,0.88,0.0,0.11,99.6236,2026-06-21,,,,,
2024-04-10,36932.0,36972.0,36932.0,53123279082220.0,1421100000.0,2024-04-10,2024-04-10,0.0,0.0,0.0,0.88,0.0,0.11,99.6236,2026-06-21,,,,,
2024-04-11,36930.0,36970.0,36930.0,53121243589262.0,1421100000.0,2024-04-11,2024-04-11,0.0,0.0,0.0,0.88,0.0,0.11,99.6236,2026-06-21,,,,,
2024-04-12,36929.0,36969.0,36929.0,53119208096304.0,1421100000.0,2024-04-12,2024-04-12,0.0,0.0,0.0,0.88,0.0,0.11,99.6236,2026-06-21,,,,,
2024-04-13,38731.0,38773.0,38731.0,55730452679931.0,1421600000.0,2024-04-13,2024-04-13,0.0,0.0,0.0,0.05,0.0,0.08,99.6236,2026-06-21,,,,,
2024-04-14,38229.0,38270.0,38229.0,55306558188772.0,1429400000.0,2024-04-14,2024-04-14,0.0,0.0,0.0,0.55,0.0,0.11,99.6236,2026-06-21,,,,,
2024-04-15,37370.0,37410.0,37370.0,54119786633473.0,1430900000.0,2024-04-15,2024-04-15,0.0,0.0,0.0,0.47,0.0,0.07,99.6236,2026-06-21,,,,,
2024-04-16,38132.0,38172.0,38132.0,55745775596267.0,1444600000.0,2024-04-16,2024-04-16,0.0,0.0,0.0,0.65,0.0,0.09,99.6236,2026-06-21,,,,,
2024-04-17,38985.0,39025.0,38985.0,57354823763374.0,1453900000.0,2024-04-17,2024-04-17,0.0,0.0,0.0,0.62,0.0,0.08,99.6236,2026-06-21,,,,,
2024-04-18,39168.0,39208.0,39168.0,57624278688201.0,1453900000.0,2024-04-18,2024-04-18,0.0,0.0,0.0,0.01,0.0,0.08,99.6236,2026-06-21,,,,,
2024-04-19,39166.0,39207.0,39166.0,57622117769901.0,1453900000.0,2024-04-19,2024-04-19,0.0,0.0,0.0,0.01,0.0,0.08,99.6236,2026-06-21,,,,,
2024-04-20,37340.0,37378.0,37340.0,55551018530227.0,1470400000.0,2024-04-20,2024-04-20,0.0,0.0,0.0,0.37,0.0,0.09,99.6236,2026-06-21,,,,,
2024-04-21,37589.0,37628.0,37589.0,55922053530550.0,1470400000.0,2024-04-21,2024-04-21,0.0,0.0,0.0,0.78,0.0,0.08,99.6236,2026-06-21,,,,,
2024-04-22,37100.0,37138.0,37100.0,55531616781107.0,1479500000.0,2024-04-22,2024-04-22,0.0,0.0,0.0,0.61,0.0,0.11,99.6236,2026-06-21,,,,,
2024-04-23,36262.0,36299.0,36262.0,54278068219300.0,1479500000.0,2024-04-23,2024-04-23,0.0,0.0,0.0,0.8,0.0,0.11,99.6236,2026-06-21,,,,,
2024-04-24,36010.0,36046.0,36010.0,54040297240297.0,1483400000.0,2024-04-24,2024-04-24,0.0,0.0,0.0,0.44,0.0,0.07,99.6236,2026-06-21,,,,,
2024-04-25,35926.0,35963.0,35926.0,53915036773277.0,1483400000.0,2024-04-25,2024-04-25,0.0,0.0,0.0,0.2,0.0,0.07,99.6236,2026-06-21,,,,,
2024-04-26,35925.0,35961.0,35925.0,53912950221382.0,1483400000.0,2024-04-26,2024-04-26,0.0,0.0,0.0,0.2,0.0,0.07,99.6236,2026-06-21,,,,,
2024-04-27,35360.0,35397.0,35360.0,53066088734400.0,1483400000.0,2024-04-27,2024-04-27,0.0,0.0,0.0,0.31,0.0,0.08,99.6236,2026-06-21,,,,,
2024-04-28,35340.0,35376.0,35340.0,53441740467584.0,1494900000.0,2024-04-28,2024-04-28,0.0,0.0,0.0,0.64,0.0,0.07,99.6236,2026-06-21,,,,,
2024-04-29,35998.0,36035.0,35998.0,54437247150449.0,1494900000.0,2024-04-29,2024-04-29,0.0,0.0,0.0,0.97,0.0,0.07,99.6236,2026-06-21,,,,,
2024-04-30,36505.0,36542.0,36505.0,55203393307169.0,1494900000.0,2024-04-30,2024-04-30,0.0,0.0,0.0,0.96,0.0,0.07,99.6236,2026-06-21,,,,,
2024-05-01,35696.0,35732.0,35696.0,53980026437285.0,1494900000.0,2024-05-01,2024-05-01,0.0,0.0,0.0,0.61,0.0,0.09,99.6236,2026-06-21,,,,,
2024-05-02,35689.0,35725.0,35689.0,53969438926958.0,1494900000.0,2024-05-02,2024-05-02,0.0,0.0,0.0,0.61,0.0,0.09,99.6236,2026-06-21,,,,,
2024-05-03,35687.0,35724.0,35687.0,53967353458424.0,1494900000.0,2024-05-03,2024-05-03,0.0,0.0,0.0,0.61,0.0,0.09,99.6236,2026-06-21,,,,,
2024-05-04,35686.0,35723.0,35686.0,53965267989890.0,1494900000.0,2024-05-04,2024-05-04,0.0,0.0,0.0,0.61,0.0,0.09,99.6236,2026-06-21,,,,,
2024-05-05,34824.0,34860.0,34824.0,52661635491865.0,1494900000.0,2024-05-05,2024-05-05,0.0,0.0,0.0,0.01,0.0,0.09,99.6236,2026-06-21,,,,,
2024-05-06,35832.0,35869.0,35832.0,54419346881952.0,1501400000.0,2024-05-06,2024-05-06,0.0,0.0,0.0,0.08,0.0,0.09,99.6236,2026-06-21,,,,,
2024-05-07,35321.0,35358.0,35321.0,53802276582609.0,1505900000.0,2024-05-07,2024-05-07,0.0,0.0,0.0,0.42,0.0,0.09,99.6236,2026-06-21,,,,,
2024-05-08,35240.0,35276.0,35240.0,53911049870354.0,1512500000.0,2024-05-08,2024-05-08,0.0,0.0,0.0,0.1,0.0,0.09,99.6236,2026-06-21,,,,,
2024-05-09,35238.0,35274.0,35238.0,53907098880608.0,1512500000.0,2024-05-09,2024-05-09,0.0,0.0,0.0,0.03,0.0,0.09,99.6236,2026-06-21,,,,,
2024-05-10,35236.0,35272.0,35236.0,53904999927851.0,1512500000.0,2024-05-10,2024-05-10,0.0,0.0,0.0,0.03,0.0,0.09,99.6236,2026-06-21,,,,,
2024-05-11,35140.0,35176.0,35140.0,53814270193896.0,1514100000.0,2024-05-11,2024-05-11,0.0,0.0,0.0,0.37,0.0,0.09,99.6236,2026-06-21,,,,,
2024-05-12,34889.0,34924.0,34889.0,53516423202541.0,1516600000.0,2024-05-12,2024-05-12,0.0,0.0,0.0,0.12,0.0,0.09,99.6236,2026-06-21,,,,,
2024-05-13,34434.0,34469.0,34434.0,53372800514290.0,1532700000.0,2024-05-13,2024-05-13,0.0,0.0,0.0,0.67,0.0,0.11,99.6236,2026-06-21,,,,,
2024-05-14,34355.0,34390.0,34355.0,53251467747687.0,1532700000.0,2024-05-14,2024-05-14,0.0,0.0,0.0,0.01,0.0,0.28,99.6236,2026-06-21,,,,,
2024-05-15,34477.0,34512.0,34477.0,53439786707984.0,1532700000.0,2024-05-15,2024-05-15,0.0,0.0,0.0,0.01,0.0,0.28,99.6236,2026-06-21,,,,,
2024-05-16,34342.0,34377.0,34342.0,53231595116340.0,1532700000.0,2024-05-16,2024-05-16,0.0,0.0,0.0,0.01,0.0,0.28,99.6236,2026-06-21,,,,,
2024-05-17,34341.0,34376.0,34341.0,53229503230583.0,1532700000.0,2024-05-17,2024-05-17,0.0,0.0,0.0,0.01,0.0,0.28,99.6236,2026-06-21,,,,,
2024-05-18,34107.0,34142.0,34107.0,52867245890773.0,1532700000.0,2024-05-18,2024-05-18,0.0,0.0,0.0,0.01,0.0,0.29,99.6236,2026-06-21,,,,,
2024-05-19,34108.0,34142.0,34108.0,52867677171455.0,1532700000.0,2024-05-19,2024-05-19,0.0,0.0,0.0,0.01,0.0,0.29,99.6236,2026-06-21,,,,,
2024-05-20,34106.0,34141.0,34106.0,52865605119314.0,1532700000.0,2024-05-20,2024-05-20,0.0,0.0,0.0,0.01,0.0,0.29,99.6236,2026-06-21,,,,,
2024-05-21,34295.0,34330.0,34295.0,53158318183368.0,1532700000.0,2024-05-21,2024-05-21,0.0,0.0,0.0,0.01,0.0,0.28,99.6236,2026-06-21,,,,,
2024-05-22,34294.0,34329.0,34294.0,53156233786183.0,1532700000.0,2024-05-22,2024-05-22,0.0,0.0,0.0,0.01,0.0,0.28,99.6236,2026-06-21,,,,,
2024-05-23,33863.0,33897.0,33863.0,52487789459675.0,1532700000.0,2024-05-23,2024-05-23,0.0,0.0,0.0,0.01,0.0,0.28,99.6236,2026-06-21,,,,,
2024-05-24,33861.0,33896.0,33861.0,52485705062490.0,1532700000.0,2024-05-24,2024-05-24,0.0,0.0,0.0,0.01,0.0,0.28,99.6236,2026-06-21,,,,,
2024-05-25,33152.0,33186.0,33152.0,51386950408740.0,1532700000.0,2024-05-25,2024-05-25,0.0,0.0,0.0,0.01,0.0,0.29,99.6236,2026-06-21,,,,,
2024-05-26,33260.0,33293.0,33260.0,51553104255384.0,1532700000.0,2024-05-26,2024-05-26,0.0,0.0,0.0,0.13,0.0,0.09,99.6236,2026-06-21,,,,,
2024-05-27,33980.0,34014.0,33980.0,52669624858821.0,1532700000.0,2024-05-27,2024-05-27,0.0,0.0,0.0,0.12,0.0,0.21,99.6236,2026-06-21,,,,,
2024-05-28,35068.0,35104.0,35068.0,54356545346926.0,1532700000.0,2024-05-28,2024-05-28,0.0,0.0,0.0,0.01,0.0,0.2,99.6236,2026-06-21,,,,,
2024-05-29,34297.0,34332.0,34297.0,53160866218105.0,1532700000.0,2024-05-29,2024-05-29,0.0,0.0,0.0,0.01,0.0,0.21,99.6236,2026-06-21,,,,,
2024-05-30,34274.0,34309.0,34274.0,53126067637992.0,1532700000.0,2024-05-30,2024-05-30,0.0,0.0,0.0,0.01,0.0,0.21,99.6236,2026-06-21,,,,,
2024-05-31,34273.0,34308.0,34273.0,53123983369384.0,1532700000.0,2024-05-31,2024-05-31,0.0,0.0,0.0,0.01,0.0,0.21,99.6236,2026-06-21,,,,,
2024-06-01,33951.0,33986.0,33951.0,52625433385390.0,1532700000.0,2024-06-01,2024-06-01,0.0,0.0,0.0,0.01,0.0,0.21,99.6236,2026-06-21,,,,,
2024-06-02,34502.0,34537.0,34502.0,53478947845884.0,1532700000.0,2024-06-02,2024-06-02,0.0,0.0,0.0,0.01,0.0,0.21,99.6236,2026-06-21,,,,,
2024-06-03,34501.0,34536.0,34501.0,53476854743911.0,1532700000.0,2024-06-03,2024-06-03,0.0,0.0,0.0,0.01,0.0,0.21,99.6236,2026-06-21,,,,,
2024-06-04,34499.0,34534.0,34499.0,53474761641938.0,1532700000.0,2024-06-04,2024-06-04,0.0,0.0,0.0,0.01,0.0,0.21,99.6236,2026-06-21,,,,,
2024-06-05,34237.0,34271.0,34237.0,53317697037384.0,1540000000.0,2024-06-05,2024-06-05,0.0,0.0,0.0,0.1,0.0,0.21,99.6236,2026-06-21,,,,,
2024-06-06,34187.0,34222.0,34187.0,53240931774319.0,1540000000.0,2024-06-06,2024-06-06,0.0,0.0,0.0,0.01,0.0,0.21,99.6236,2026-06-21,,,,,
2024-06-07,34186.0,34221.0,34186.0,53238840980641.0,1540000000.0,2024-06-07,2024-06-07,0.0,0.0,0.0,0.01,0.0,0.21,99.6236,2026-06-21,,,,,
2024-06-08,33889.0,33924.0,33889.0,52776688887357.0,1540000000.0,2024-06-08,2024-06-08,0.0,0.0,0.0,0.01,0.0,0.21,99.6236,2026-06-21,,,,,
2024-06-09,33915.0,33949.0,33915.0,52847388083105.0,1540900000.0,2024-06-09,2024-06-09,0.0,0.0,0.0,0.07,0.0,0.21,99.6236,2026-06-21,,,,,
2024-06-10,33651.0,33675.0,33651.0,52468656910539.0,1541900000.0,2024-06-10,2024-06-10,0.0,0.0,0.0,0.07,0.0,0.27,99.6236,2026-06-21,,,,,
2024-06-11,33517.0,33541.0,33517.0,52306829443334.0,1543300000.0,2024-06-11,2024-06-11,0.0,0.0,0.0,0.14,0.0,0.26,99.6236,2026-06-21,,,,,
2024-06-12,33654.0,33678.0,33654.0,52575524721441.0,1544900000.0,2024-06-12,2024-06-12,0.0,0.0,0.0,0.12,0.0,0.35,99.6236,2026-06-21,,,,,
2024-06-13,33588.0,33613.0,33588.0,52472546248754.0,1544900000.0,2024-06-13,2024-06-13,0.0,0.0,0.0,0.12,0.0,0.35,99.6236,2026-06-21,,,,,
2024-06-14,33587.0,33611.0,33587.0,52470476797721.0,1544900000.0,2024-06-14,2024-06-14,0.0,0.0,0.0,0.12,0.0,0.35,99.6236,2026-06-21,,,,,
2024-06-15,33917.0,33942.0,33917.0,52986522303569.0,1544900000.0,2024-06-15,2024-06-15,0.0,0.0,0.0,0.39,0.0,0.07,99.6236,2026-06-21,,,,,
2024-06-16,33864.0,33888.0,33864.0,52662693939285.0,1537800000.0,2024-06-16,2024-06-16,0.0,0.0,0.0,0.75,0.0,0.09,99.6236,2026-06-21,,,,,
2024-06-17,33863.0,33887.0,33863.0,52660621988997.0,1537800000.0,2024-06-17,2024-06-17,0.0,0.0,0.0,0.75,0.0,0.09,99.6236,2026-06-21,,,,,
2024-06-18,33544.0,33567.0,33544.0,52355873336073.0,1543500000.0,2024-06-18,2024-06-18,0.0,0.0,0.0,0.57,0.0,0.09,99.6236,2026-06-21,,,,,
2024-06-19,33708.0,33731.0,33708.0,52611991952306.0,1543500000.0,2024-06-19,2024-06-19,0.0,0.0,0.0,0.08,0.0,0.09,99.6236,2026-06-21,,,,,
2024-06-20,33735.0,33759.0,33735.0,52654583636236.0,1543500000.0,2024-06-20,2024-06-20,0.0,0.0,0.0,0.08,0.0,0.09,99.6236,2026-06-21,,,,,
2024-06-21,33734.0,33757.0,33734.0,52652510813406.0,1543500000.0,2024-06-21,2024-06-21,0.0,0.0,0.0,0.08,0.0,0.09,99.6236,2026-06-21,,,,,
2024-06-22,34041.0,34064.0,34041.0,54077808663240.0,1571300000.0,2024-06-22,2024-06-22,0.0,0.0,0.0,1.39,0.0,0.15,99.6236,2026-06-21,,,,,
2024-06-23,34383.0,34407.0,34383.0,54873143872220.0,1578600000.0,2024-06-23,2024-06-23,0.0,0.0,0.0,0.04,0.0,0.08,99.6236,2026-06-21,,,,,
2024-06-24,35237.0,35261.0,35237.0,56784775238933.0,1594200000.0,2024-06-24,2024-06-24,0.0,0.0,0.0,0.45,0.0,0.08,99.6236,2026-06-21,,,,,
2024-06-25,35235.0,35259.0,35235.0,56782569864628.0,1594200000.0,2024-06-25,2024-06-25,0.0,0.0,0.0,0.45,0.0,0.08,99.6236,2026-06-21,,,,,
2024-06-26,35112.0,35136.0,35112.0,57005724483964.0,1606200000.0,2024-06-26,2024-06-26,0.0,0.0,0.0,0.3,0.0,0.06,99.6236,2026-06-21,,,,,
2024-06-27,35327.0,35350.0,35327.0,57353456698915.0,1606200000.0,2024-06-27,2024-06-27,0.0,0.0,0.0,0.3,0.0,0.06,99.6236,2026-06-21,,,,,
2024-06-28,35325.0,35349.0,35325.0,57351242950041.0,1606200000.0,2024-06-28,2024-06-28,0.0,0.0,0.0,0.3,0.0,0.06,99.6236,2026-06-21,,,,,
2024-06-29,35428.0,35452.0,35428.0,57820110056496.0,1614700000.0,2024-06-29,2024-06-29,0.0,0.0,0.0,0.26,0.0,0.06,99.6236,2026-06-21,,,,,
2024-06-30,36268.0,36292.0,36268.0,59490793294734.0,1623000000.0,2024-06-30,2024-06-30,0.0,0.0,0.0,0.22,0.0,0.06,99.6236,2026-06-21,,,,,
2024-07-01,35986.0,36010.0,35986.0,59428030323100.0,1634100000.0,2024-07-01,2024-07-01,0.0,0.0,0.0,0.29,0.0,0.06,99.6236,2026-06-21,,,,,
2024-07-02,35942.0,35966.0,35942.0,59085968021377.0,1626600000.0,2024-07-02,2024-07-02,0.0,0.0,0.0,0.89,0.0,0.1,99.6236,2026-06-21,,,,,
2024-07-03,35374.0,35397.0,35374.0,58151795314841.0,1626600000.0,2024-07-03,2024-07-03,0.0,0.0,0.0,0.19,0.0,0.09,99.6236,2026-06-21,,,,,
2024-07-04,35360.0,35383.0,35360.0,58128843185354.0,1626600000.0,2024-07-04,2024-07-04,0.0,0.0,0.0,0.19,0.0,0.09,99.6236,2026-06-21,,,,,
2024-07-05,35358.0,35381.0,35358.0,58126589004702.0,1626600000.0,2024-07-05,2024-07-05,0.0,0.0,0.0,0.19,0.0,0.09,99.6236,2026-06-21,,,,,
2024-07-06,34655.0,34676.0,34655.0,56969456695248.0,1626600000.0,2024-07-06,2024-07-06,0.0,0.0,0.0,0.77,0.0,0.07,99.6236,2026-06-21,,,,,
2024-07-07,34799.0,34940.0,34799.0,56574273175126.0,1608400000.0,2024-07-07,2024-07-07,0.0,0.0,0.0,0.91,0.0,0.09,99.6236,2026-06-21,,,,,
2024-07-08,34306.0,34445.0,34306.0,55546453888020.0,1601800000.0,2024-07-08,2024-07-08,0.0,0.0,0.0,0.41,0.0,0.08,99.6236,2026-06-21,,,,,
2024-07-09,33723.0,33860.0,33723.0,54433409300084.0,1596800000.0,2024-07-09,2024-07-09,0.0,0.0,0.0,0.55,0.0,0.1,99.6236,2026-06-21,,,,,
2024-07-10,33922.0,34059.0,33922.0,55222652949063.0,1610600000.0,2024-07-10,2024-07-10,0.0,0.0,0.0,0.01,0.0,0.17,99.6236,2026-06-21,,,,,
2024-07-11,33825.0,33961.0,33825.0,55064356970164.0,1610600000.0,2024-07-11,2024-07-11,0.0,0.0,0.0,0.01,0.0,0.17,99.6236,2026-06-21,,,,,
2024-07-12,33824.0,33960.0,33824.0,55062197703184.0,1610600000.0,2024-07-12,2024-07-12,0.0,0.0,0.0,0.01,0.0,0.17,99.6236,2026-06-21,,,,,
2024-07-13,33684.0,33821.0,33684.0,54815563595951.0,1610000000.0,2024-07-13,2024-07-13,0.0,0.0,0.0,0.73,0.0,0.08,99.6236,2026-06-21,,,,,
2024-07-14,34166.0,34304.0,34166.0,55592294348069.0,1609800000.0,2024-07-14,2024-07-14,0.0,0.0,0.0,0.69,0.0,0.08,99.6236,2026-06-21,,,,,
2024-07-15,34165.0,34303.0,34165.0,55590122456215.0,1609800000.0,2024-07-15,2024-07-15,0.0,0.0,0.0,0.69,0.0,0.08,99.6236,2026-06-21,,,,,
2024-07-16,34163.0,34301.0,34163.0,55587950564361.0,1609800000.0,2024-07-16,2024-07-16,0.0,0.0,0.0,0.69,0.0,0.08,99.6236,2026-06-21,,,,,
2024-07-17,34487.0,34627.0,34487.0,56115082098418.0,1609800000.0,2024-07-17,2024-07-17,0.0,0.0,0.0,0.68,0.0,0.07,99.6236,2026-06-21,,,,,
2024-07-18,34341.0,34480.0,34341.0,55877785800612.0,1609800000.0,2024-07-18,2024-07-18,0.0,0.0,0.0,0.63,0.0,0.07,99.6236,2026-06-21,,,,,
2024-07-19,34340.0,34479.0,34340.0,55875599192819.0,1609800000.0,2024-07-19,2024-07-19,0.0,0.0,0.0,0.63,0.0,0.07,99.6236,2026-06-21,,,,,
2024-07-20,33764.0,33900.0,33764.0,55116626727986.0,1615100000.0,2024-07-20,2024-07-20,0.0,0.0,0.0,0.01,0.0,0.17,99.6236,2026-06-21,,,,,
2024-07-21,34006.0,34143.0,34006.0,55712090378703.0,1621000000.0,2024-07-21,2024-07-21,0.0,0.0,0.0,0.26,0.0,0.23,99.6236,2026-06-21,,,,,
2024-07-22,34011.0,34148.0,34011.0,55839871763468.0,1624500000.0,2024-07-22,2024-07-22,0.0,0.0,0.0,0.76,0.0,0.05,99.6236,2026-06-21,,,,,
2024-07-23,34609.0,34749.0,34609.0,56822255601690.0,1624500000.0,2024-07-23,2024-07-23,0.0,0.0,0.0,0.95,0.0,0.05,99.6236,2026-06-21,,,,,
2024-07-24,34606.0,34747.0,34606.0,57018058470295.0,1630300000.0,2024-07-24,2024-07-24,0.0,0.0,0.0,0.08,0.0,0.05,99.6236,2026-06-21,,,,,
2024-07-25,34286.0,34425.0,34286.0,56490491712236.0,1630300000.0,2024-07-25,2024-07-25,0.0,0.0,0.0,0.01,0.0,0.05,99.6236,2026-06-21,,,,,
2024-07-26,34285.0,34424.0,34285.0,56488268103642.0,1630300000.0,2024-07-26,2024-07-26,0.0,0.0,0.0,0.01,0.0,0.05,99.6236,2026-06-21,,,,,
2024-07-27,34674.0,34815.0,34674.0,57182051707798.0,1631800000.0,2024-07-27,2024-07-27,0.0,0.0,0.0,0.32,0.0,0.05,99.6236,2026-06-21,,,,,
2024-07-28,34673.0,34814.0,34673.0,57179822727346.0,1631800000.0,2024-07-28,2024-07-28,0.0,0.0,0.0,0.32,0.0,0.05,99.6236,2026-06-21,,,,,
2024-07-29,35196.0,35339.0,35196.0,58042820734306.0,1631800000.0,2024-07-29,2024-07-29,0.0,0.0,0.0,0.31,0.0,0.05,99.6236,2026-06-21,,,,,
2024-07-30,35250.0,35393.0,35250.0,58131973957077.0,1631800000.0,2024-07-30,2024-07-30,0.0,0.0,0.0,0.31,0.0,0.05,99.6236,2026-06-21,,,,,
2024-07-31,35944.0,36090.0,35944.0,59275612088025.0,1631800000.0,2024-07-31,2024-07-31,0.0,0.0,0.0,0.31,0.0,0.05,99.6236,2026-06-21,,,,,
2024-08-01,36298.0,36446.0,36298.0,59859912974961.0,1631800000.0,2024-08-01,2024-08-01,0.0,0.0,0.0,0.3,0.0,0.05,99.6236,2026-06-21,,,,,
2024-08-02,36297.0,36444.0,36297.0,59857626450296.0,1631800000.0,2024-08-02,2024-08-02,0.0,0.0,0.0,0.3,0.0,0.05,99.6236,2026-06-21,,,,,
2024-08-03,36992.0,37142.0,36992.0,61177811036475.0,1636500000.0,2024-08-03,2024-08-03,0.0,0.0,0.0,0.01,0.0,0.05,99.6236,2026-06-21,,,,,
2024-08-04,36656.0,36806.0,36656.0,60824592461510.0,1642000000.0,2024-08-04,2024-08-04,0.0,0.0,0.0,0.01,0.0,0.05,99.6236,2026-06-21,,,,,
2024-08-05,36553.0,36699.0,36553.0,62304668257519.0,1687200000.0,2024-08-05,2024-08-05,0.0,0.0,0.0,0.01,0.0,0.05,99.6236,2026-06-21,,,,,
2024-08-06,36499.0,36648.0,36499.0,62927971639207.0,1706800000.0,2024-08-06,2024-08-06,0.0,0.0,0.0,0.01,0.0,0.05,99.6236,2026-06-21,,,,,
2024-08-07,36497.0,36647.0,36497.0,62925551947208.0,1706800000.0,2024-08-07,2024-08-07,0.0,0.0,0.0,0.01,0.0,0.05,99.6236,2026-06-21,,,,,
2024-08-08,36458.0,36608.0,36458.0,62858816881202.0,1706800000.0,2024-08-08,2024-08-08,0.0,0.0,0.0,0.01,0.0,0.05,99.6236,2026-06-21,,,,,
2024-08-09,36457.0,36607.0,36457.0,62856397189203.0,1706800000.0,2024-08-09,2024-08-09,0.0,0.0,0.0,0.01,0.0,0.05,99.6236,2026-06-21,,,,,
2024-08-10,36061.0,36209.0,36061.0,62473332605488.0,1715100000.0,2024-08-10,2024-08-10,0.0,0.0,0.0,0.22,0.0,0.05,99.6236,2026-06-21,,,,,
2024-08-11,35218.0,35362.0,35218.0,61015323606693.0,1715200000.0,2024-08-11,2024-08-11,0.0,0.0,0.0,0.01,0.0,0.05,99.6236,2026-06-21,,,,,
2024-08-12,35804.0,35952.0,35804.0,62031783681713.0,1715200000.0,2024-08-12,2024-08-12,0.0,0.0,0.0,0.01,0.0,0.05,99.6236,2026-06-21,,,,,
2024-08-13,35482.0,35628.0,35482.0,61874278626945.0,1726500000.0,2024-08-13,2024-08-13,0.0,0.0,0.0,0.01,0.0,0.05,99.6236,2026-06-21,,,,,
2024-08-14,35452.0,35598.0,35452.0,61821631112495.0,1726500000.0,2024-08-14,2024-08-14,0.0,0.0,0.0,0.01,0.0,0.05,99.6236,2026-06-21,,,,,
2024-08-15,35242.0,35387.0,35242.0,61455032176226.0,1726500000.0,2024-08-15,2024-08-15,0.0,0.0,0.0,0.01,0.0,0.05,99.6236,2026-06-21,,,,,
2024-08-16,35240.0,35385.0,35240.0,61452633784267.0,1726500000.0,2024-08-16,2024-08-16,0.0,0.0,0.0,0.01,0.0,0.05,99.6236,2026-06-21,,,,,
2024-08-17,35126.0,35270.0,35126.0,61414707960691.0,1731100000.0,2024-08-17,2024-08-17,0.0,0.0,0.0,0.01,0.0,0.05,99.6236,2026-06-21,,,,,
2024-08-18,35299.0,35444.0,35299.0,61940233513518.0,1737400000.0,2024-08-18,2024-08-18,0.0,0.0,0.0,0.01,0.0,0.06,99.6236,2026-06-21,,,,,
2024-08-19,35785.0,35932.0,35785.0,62792018503700.0,1737400000.0,2024-08-19,2024-08-19,0.0,0.0,0.0,0.35,0.0,0.06,99.6236,2026-06-21,,,,,
2024-08-20,35867.0,36015.0,35867.0,62936893712875.0,1737400000.0,2024-08-20,2024-08-20,0.0,0.0,0.0,0.01,0.0,0.06,99.6236,2026-06-21,,,,,
2024-08-21,36012.0,36161.0,36012.0,63393313433045.0,1743000000.0,2024-08-21,2024-08-21,0.0,0.0,0.0,0.01,0.0,0.06,99.6236,2026-06-21,,,,,
2024-08-22,36027.0,36176.0,36027.0,63419533941982.0,1743000000.0,2024-08-22,2024-08-22,0.0,0.0,0.0,0.01,0.0,0.06,99.6236,2026-06-21,,,,,
2024-08-23,36026.0,36175.0,36026.0,63417086374040.0,1743000000.0,2024-08-23,2024-08-23,0.0,0.0,0.0,0.01,0.0,0.06,99.6236,2026-06-21,,,,,
2024-08-24,36117.0,36266.0,36117.0,63577897400279.0,1743000000.0,2024-08-24,2024-08-24,0.0,0.0,0.0,0.01,0.0,0.06,99.6236,2026-06-21,,,,,
2024-08-25,36116.0,36265.0,36116.0,63575444673911.0,1743000000.0,2024-08-25,2024-08-25,0.0,0.0,0.0,0.01,0.0,0.06,99.6236,2026-06-21,,,,,
2024-08-26,36634.0,36785.0,36634.0,64689653583961.0,1748500000.0,2024-08-26,2024-08-26,0.0,0.0,0.0,0.16,0.0,0.06,99.6236,2026-06-21,,,,,
2024-08-27,36079.0,36228.0,36079.0,63709980859911.0,1748500000.0,2024-08-27,2024-08-27,0.0,0.0,0.0,0.02,0.0,0.07,99.6236,2026-06-21,,,,,
2024-08-28,36452.0,36603.0,36452.0,64367711429517.0,1748500000.0,2024-08-28,2024-08-28,0.0,0.0,0.0,0.02,0.0,0.07,99.6236,2026-06-21,,,,,
2024-08-29,36543.0,36694.0,36543.0,64528113138231.0,1748500000.0,2024-08-29,2024-08-29,0.0,0.0,0.0,0.02,0.0,0.07,99.6236,2026-06-21,,,,,
2024-08-30,36541.0,36692.0,36541.0,64525740587209.0,1748500000.0,2024-08-30,2024-08-30,0.0,0.0,0.0,0.02,0.0,0.07,99.6236,2026-06-21,,,,,
2024-08-31,36616.0,36767.0,36616.0,64657788671287.0,1748500000.0,2024-08-31,2024-08-31,0.0,0.0,0.0,0.02,0.0,0.07,99.6236,2026-06-21,,,,,
2024-09-01,36785.0,36937.0,36785.0,65106567326145.0,1752600000.0,2024-09-01,2024-09-01,0.0,0.0,0.0,0.16,0.0,0.06,99.6236,2026-06-21,,,,,
2024-09-02,36784.0,36935.0,36784.0,65104071327132.0,1752600000.0,2024-09-02,2024-09-02,0.0,0.0,0.0,0.16,0.0,0.06,99.6236,2026-06-21,,,,,
2024-09-03,36830.0,36982.0,36830.0,65377602096483.0,1757800000.0,2024-09-03,2024-09-03,0.0,0.0,0.0,0.0,0.0,0.06,99.6236,2026-06-21,,,,,
2024-09-04,36828.0,36981.0,36828.0,65375094387045.0,1757800000.0,2024-09-04,2024-09-04,0.0,0.0,0.0,0.0,0.0,0.06,99.6236,2026-06-21,,,,,
2024-09-05,36704.0,36855.0,36704.0,65153522847716.0,1757800000.0,2024-09-05,2024-09-05,0.0,0.0,0.0,0.0,0.0,0.06,99.6236,2026-06-21,,,,,
2024-09-06,36702.0,36854.0,36702.0,65151015138278.0,1757800000.0,2024-09-06,2024-09-06,0.0,0.0,0.0,0.0,0.0,0.06,99.6236,2026-06-21,,,,,
2024-09-07,36374.0,36524.0,36374.0,64710039403052.0,1761700000.0,2024-09-07,2024-09-07,0.0,0.0,0.0,0.15,0.0,0.06,99.6236,2026-06-21,,,,,
2024-09-08,36432.0,36583.0,36432.0,64813985230633.0,1761700000.0,2024-09-08,2024-09-08,0.0,0.0,0.0,0.0,0.0,0.06,99.6236,2026-06-21,,,,,
2024-09-09,36629.0,36781.0,36629.0,65164038060258.0,1761700000.0,2024-09-09,2024-09-09,0.0,0.0,0.0,0.0,0.0,0.06,99.6236,2026-06-21,,,,,
2024-09-10,36676.0,36828.0,36676.0,65247825728822.0,1761700000.0,2024-09-10,2024-09-10,0.0,0.0,0.0,0.0,0.0,0.06,99.6236,2026-06-21,,,,,
2024-09-11,36867.0,37020.0,36867.0,65588109197557.0,1761700000.0,2024-09-11,2024-09-11,0.0,0.0,0.0,0.0,0.0,0.06,99.6236,2026-06-21,,,,,
2024-09-12,36866.0,37019.0,36866.0,65585593838982.0,1761700000.0,2024-09-12,2024-09-12,0.0,0.0,0.0,0.0,0.0,0.06,99.6236,2026-06-21,,,,,
2024-09-13,36865.0,37017.0,36865.0,65583078480407.0,1761700000.0,2024-09-13,2024-09-13,0.0,0.0,0.0,0.0,0.0,0.06,99.6236,2026-06-21,,,,,
2024-09-14,37288.0,37443.0,37288.0,66180200572411.0,1757500000.0,2024-09-14,2024-09-14,0.0,0.0,0.0,0.23,0.0,0.06,99.6236,2026-06-21,,,,,
2024-09-15,37023.0,37177.0,37023.0,65539108830791.0,1752900000.0,2024-09-15,2024-09-15,0.0,0.0,0.0,0.26,0.0,0.05,99.6236,2026-06-21,,,,,
2024-09-16,37248.0,37402.0,37248.0,65590084469672.0,1743600000.0,2024-09-16,2024-09-16,0.0,0.0,0.0,0.76,0.0,0.05,99.6236,2026-06-21,,,,,
2024-09-17,37462.0,37618.0,37462.0,65464950882004.0,1730200000.0,2024-09-17,2024-09-17,0.0,0.0,0.0,0.76,0.0,0.05,99.6236,2026-06-21,,,,,
2024-09-18,37595.0,37752.0,37595.0,65698957118582.0,1730200000.0,2024-09-18,2024-09-18,0.0,0.0,0.0,0.0,0.0,0.05,99.6236,2026-06-21,,,,,
2024-09-19,37611.0,37768.0,37611.0,65726407947057.0,1730200000.0,2024-09-19,2024-09-19,0.0,0.0,0.0,0.0,0.0,0.05,99.6236,2026-06-21,,,,,
2024-09-20,37610.0,37767.0,37610.0,65723916551006.0,1730200000.0,2024-09-20,2024-09-20,0.0,0.0,0.0,0.0,0.0,0.05,99.6236,2026-06-21,,,,,
2024-09-21,37608.0,37765.0,37608.0,65721413495183.0,1730200000.0,2024-09-21,2024-09-21,0.0,0.0,0.0,0.0,0.0,0.05,99.6236,2026-06-21,,,,,
2024-09-22,38228.0,38388.0,38228.0,66804434801363.0,1730200000.0,2024-09-22,2024-09-22,0.0,0.0,0.0,0.0,0.0,0.05,99.6236,2026-06-21,,,,,
2024-09-23,38687.0,38849.0,38687.0,67958539520046.0,1739300000.0,2024-09-23,2024-09-23,0.0,0.0,0.0,0.07,0.0,0.05,99.6236,2026-06-21,,,,,
2024-09-24,39452.0,39616.0,39452.0,69163759609474.0,1735800000.0,2024-09-24,2024-09-24,0.0,0.0,0.0,0.19,0.0,0.05,99.6236,2026-06-21,,,,,
2024-09-25,39170.0,39334.0,39170.0,68626694270804.0,1734700000.0,2024-09-25,2024-09-25,0.0,0.0,0.0,0.06,0.0,0.04,99.6236,2026-06-21,,,,,
2024-09-26,39312.0,39477.0,39312.0,68876284049746.0,1734700000.0,2024-09-26,2024-09-26,0.0,0.0,0.0,0.06,0.0,0.04,99.6236,2026-06-21,,,,,
2024-09-27,39311.0,39475.0,39311.0,68873694704832.0,1734700000.0,2024-09-27,2024-09-27,0.0,0.0,0.0,0.06,0.0,0.04,99.6236,2026-06-21,,,,,
2024-09-28,40888.0,41059.0,40888.0,71636952133493.0,1734700000.0,2024-09-28,2024-09-28,0.0,0.0,0.0,0.0,0.0,0.04,99.6236,2026-06-21,,,,,
2024-09-29,39878.0,40045.0,39878.0,70018931659860.0,1738500000.0,2024-09-29,2024-09-29,0.0,0.0,0.0,0.0,0.0,0.04,99.6236,2026-06-21,,,,,
2024-09-30,39697.0,39862.0,39697.0,69903080577991.0,1743600000.0,2024-09-30,2024-09-30,0.0,0.0,0.0,0.0,0.0,0.04,99.6236,2026-06-21,,,,,
2024-10-01,40229.0,40396.0,40229.0,70839341385697.0,1743600000.0,2024-10-01,2024-10-01,0.0,0.0,0.0,0.0,0.0,0.05,99.6236,2026-06-21,,,,,
2024-10-02,41162.0,41334.0,41162.0,72939776803240.0,1754700000.0,2024-10-02,2024-10-02,0.0,0.0,0.0,0.0,0.0,0.02,99.6236,2026-06-21,,,,,
2024-10-03,41286.0,41459.0,41286.0,73160074215483.0,1754700000.0,2024-10-03,2024-10-03,0.0,0.0,0.0,0.0,0.0,0.02,99.6236,2026-06-21,,,,,
2024-10-04,41285.0,41457.0,41285.0,73157222483004.0,1754700000.0,2024-10-04,2024-10-04,0.0,0.0,0.0,0.0,0.0,0.02,99.6236,2026-06-21,,,,,
2024-10-05,41245.0,41416.0,41245.0,73523337605353.0,1765300000.0,2024-10-05,2024-10-05,0.0,0.0,0.0,0.0,0.0,0.02,99.6236,2026-06-21,,,,,
2024-10-06,41942.0,42117.0,41942.0,75206950176217.0,1775800000.0,2024-10-06,2024-10-06,0.0,0.0,0.0,0.28,0.0,0.02,99.6236,2026-06-21,,,,,
2024-10-07,41772.0,41946.0,41772.0,75411064946364.0,1788000000.0,2024-10-07,2024-10-07,0.0,0.0,0.0,0.0,0.0,0.03,99.6236,2026-06-21,,,,,
2024-10-08,41416.0,41589.0,41416.0,75543216038455.0,1806700000.0,2024-10-08,2024-10-08,0.0,0.0,0.0,0.0,0.0,0.03,99.6236,2026-06-21,,,,,
2024-10-09,41040.0,41212.0,41040.0,75387431343739.0,1819600000.0,2024-10-09,2024-10-09,0.0,0.0,0.0,0.0,0.0,0.03,99.6236,2026-06-21,,,,,
2024-10-10,41448.0,41622.0,41448.0,76136610465439.0,1819600000.0,2024-10-10,2024-10-10,0.0,0.0,0.0,0.0,0.0,0.03,99.6236,2026-06-21,,,,,
2024-10-11,41446.0,41620.0,41446.0,76133664793457.0,1819600000.0,2024-10-11,2024-10-11,0.0,0.0,0.0,0.0,0.0,0.03,99.6236,2026-06-21,,,,,
2024-10-12,41249.0,41421.0,41249.0,76153980654219.0,1828900000.0,2024-10-12,2024-10-12,0.0,0.0,0.0,0.0,0.0,0.03,99.6236,2026-06-21,,,,,
2024-10-13,41788.0,41963.0,41788.0,77596388299206.0,1839600000.0,2024-10-13,2024-10-13,0.0,0.0,0.0,0.07,0.0,0.04,99.6236,2026-06-21,,,,,
2024-10-14,42086.0,42262.0,42086.0,78743059563615.0,1853700000.0,2024-10-14,2024-10-14,0.0,0.0,0.0,0.0,0.0,0.04,99.6236,2026-06-21,,,,,
2024-10-15,41968.0,42145.0,41968.0,78771282385209.0,1859600000.0,2024-10-15,2024-10-15,0.0,0.0,0.0,0.0,0.0,0.02,99.6236,2026-06-21,,,,,
2024-10-16,42693.0,42872.0,42693.0,80831367936438.0,1876000000.0,2024-10-16,2024-10-16,0.0,0.0,0.0,0.0,0.0,0.02,99.6236,2026-06-21,,,,,
2024-10-17,42658.0,42837.0,42658.0,80765132494044.0,1876000000.0,2024-10-17,2024-10-17,0.0,0.0,0.0,0.0,0.0,0.02,99.6236,2026-06-21,,,,,
2024-10-18,42656.0,42835.0,42656.0,80762011930942.0,1876000000.0,2024-10-18,2024-10-18,0.0,0.0,0.0,0.0,0.0,0.02,99.6236,2026-06-21,,,,,
2024-10-19,43644.0,43827.0,43644.0,83570354635538.0,1897500000.0,2024-10-19,2024-10-19,0.0,0.0,0.0,0.0,0.0,0.03,99.6236,2026-06-21,,,,,
2024-10-20,43653.0,43836.0,43653.0,84429357284871.0,1916800000.0,2024-10-20,2024-10-20,0.0,0.0,0.0,0.0,0.0,0.03,99.6236,2026-06-21,,,,,
2024-10-21,44665.0,44852.0,44665.0,86788672971178.0,1925800000.0,2024-10-21,2024-10-21,0.0,0.0,0.0,0.0,0.0,0.03,99.6236,2026-06-21,,,,,
2024-10-22,45189.0,45379.0,45189.0,88186706938437.0,1934200000.0,2024-10-22,2024-10-22,0.0,0.0,0.0,0.0,0.0,0.03,99.6236,2026-06-21,,,,,
2024-10-23,46045.0,46240.0,46045.0,90296017782063.0,1943700000.0,2024-10-23,2024-10-23,0.0,0.0,0.0,0.0,0.0,0.02,99.6236,2026-06-21,,,,,
2024-10-24,46216.0,46412.0,46216.0,90631432801895.0,1943700000.0,2024-10-24,2024-10-24,0.0,0.0,0.0,0.0,0.0,0.02,99.6236,2026-06-21,,,,,
2024-10-25,46215.0,46410.0,46215.0,90628021901488.0,1943700000.0,2024-10-25,2024-10-25,0.0,0.0,0.0,0.0,0.0,0.02,99.6236,2026-06-21,,,,,
2024-10-26,44292.0,44479.0,44292.0,86818021568406.0,1942800000.0,2024-10-26,2024-10-26,0.0,0.0,0.0,0.05,0.0,0.03,99.6236,2026-06-21,,,,,
2024-10-27,44516.0,44705.0,44516.0,87256467725403.0,1942800000.0,2024-10-27,2024-10-27,0.0,0.0,0.0,0.11,0.0,0.03,99.6236,2026-06-21,,,,,
2024-10-28,45035.0,45226.0,45035.0,88274207646629.0,1942800000.0,2024-10-28,2024-10-28,0.0,0.0,0.0,0.01,0.0,0.03,99.6236,2026-06-21,,,,,
2024-10-29,46335.0,46532.0,46335.0,90720543893728.0,1940600000.0,2024-10-29,2024-10-29,0.0,0.0,0.0,0.38,0.0,0.03,99.6236,2026-06-21,,,,,
2024-10-30,46584.0,46783.0,46584.0,91208743955107.0,1940600000.0,2024-10-30,2024-10-30,0.0,0.0,0.0,0.02,0.0,0.03,99.6236,2026-06-21,,,,,
2024-10-31,45962.0,46158.0,45962.0,89990469065599.0,1940600000.0,2024-10-31,2024-10-31,0.0,0.0,0.0,0.02,0.0,0.03,99.6236,2026-06-21,,,,,
2024-11-01,45960.0,46156.0,45960.0,89987035229670.0,1940600000.0,2024-11-01,2024-11-01,0.0,0.0,0.0,0.02,0.0,0.03,99.6236,2026-06-21,,,,,
2024-11-02,46343.0,46541.0,46343.0,90638332767934.0,1938500000.0,2024-11-02,2024-11-02,0.0,0.0,0.0,0.4,0.0,0.05,99.6236,2026-06-21,,,,,
2024-11-03,46662.0,46861.0,46662.0,91201558927127.0,1937200000.0,2024-11-03,2024-11-03,0.0,0.0,0.0,0.15,0.0,0.05,99.6236,2026-06-21,,,,,
2024-11-04,45960.0,46158.0,45960.0,89627702833246.0,1932800000.0,2024-11-04,2024-11-04,0.0,0.0,0.0,0.21,0.0,0.05,99.6236,2026-06-21,,,,,
2024-11-05,45898.0,46096.0,45898.0,89052343046353.0,1922900000.0,2024-11-05,2024-11-05,0.0,0.0,0.0,0.54,0.0,0.02,99.6236,2026-06-21,,,,,
2024-11-06,46086.0,46284.0,46086.0,89638006630308.0,1927700000.0,2024-11-06,2024-11-06,0.0,0.0,0.0,0.0,0.0,0.03,99.6236,2026-06-21,,,,,
2024-11-07,45577.0,45773.0,45577.0,88648548575842.0,1927700000.0,2024-11-07,2024-11-07,0.0,0.0,0.0,0.0,0.0,0.03,99.6236,2026-06-21,,,,,
2024-11-08,45575.0,45771.0,45575.0,88645163526148.0,1927700000.0,2024-11-08,2024-11-08,0.0,0.0,0.0,0.0,0.0,0.03,99.6236,2026-06-21,,,,,
2024-11-09,45226.0,45421.0,45226.0,87965826603260.0,1927700000.0,2024-11-09,2024-11-09,0.0,0.0,0.0,0.0,0.0,0.03,99.6236,2026-06-21,,,,,
2024-11-10,44048.0,44238.0,44048.0,85436200647998.0,1922300000.0,2024-11-10,2024-11-10,0.0,0.0,0.0,0.29,0.0,0.03,99.6236,2026-06-21,,,,,
2024-11-11,42738.0,42923.0,42738.0,82895563721105.0,1922300000.0,2024-11-11,2024-11-11,0.0,0.0,0.0,0.0,0.0,0.04,99.6236,2026-06-21,,,,,
2024-11-12,42939.0,43125.0,42939.0,83539008389312.0,1928200000.0,2024-11-12,2024-11-12,0.0,0.0,0.0,0.0,0.0,0.04,99.6236,2026-06-21,,,,,
2024-11-13,44163.0,44353.0,44163.0,85919244676048.0,1928200000.0,2024-11-13,2024-11-13,0.0,0.0,0.0,0.0,0.0,0.04,99.6236,2026-06-21,,,,,
2024-11-14,43201.0,43387.0,43201.0,84048967533008.0,1928200000.0,2024-11-14,2024-11-14,0.0,0.0,0.0,0.0,0.0,0.04,99.6236,2026-06-21,,,,,
2024-11-15,43200.0,43386.0,43200.0,84045684144138.0,1928200000.0,2024-11-15,2024-11-15,0.0,0.0,0.0,0.0,0.0,0.04,99.6236,2026-06-21,,,,,
2024-11-16,43179.0,43365.0,43179.0,84006271669069.0,1928200000.0,2024-11-16,2024-11-16,0.0,0.0,0.0,0.0,0.0,0.04,99.6236,2026-06-21,,,,,
2024-11-17,43128.0,43314.0,43128.0,84057669998779.0,1931700000.0,2024-11-17,2024-11-17,0.0,0.0,0.0,0.0,0.0,0.04,99.6236,2026-06-21,,,,,
2024-11-18,43306.0,43492.0,43306.0,84404598449456.0,1931700000.0,2024-11-18,2024-11-18,0.0,0.0,0.0,0.0,0.0,0.06,99.6236,2026-06-21,,,,,
2024-11-19,44616.0,44808.0,44616.0,86957411363678.0,1931700000.0,2024-11-19,2024-11-19,0.0,0.0,0.0,0.0,0.0,0.06,99.6236,2026-06-21,,,,,
2024-11-20,44985.0,45178.0,44985.0,87969267901526.0,1938200000.0,2024-11-20,2024-11-20,0.0,0.0,0.0,0.42,0.0,0.06,99.6236,2026-06-21,,,,,
2024-11-21,45563.0,45759.0,45563.0,89099942276587.0,1938200000.0,2024-11-21,2024-11-21,0.0,0.0,0.0,0.42,0.0,0.06,99.6236,2026-06-21,,,,,
2024-11-22,45562.0,45757.0,45562.0,89096607998856.0,1938200000.0,2024-11-22,2024-11-22,0.0,0.0,0.0,0.42,0.0,0.06,99.6236,2026-06-21,,,,,
2024-11-23,46870.0,47072.0,46870.0,91655346331386.0,1938200000.0,2024-11-23,2024-11-23,0.0,0.0,0.0,0.3,0.0,0.06,99.6236,2026-06-21,,,,,
2024-11-24,45244.0,45439.0,45244.0,88209294190363.0,1932300000.0,2024-11-24,2024-11-24,0.0,0.0,0.0,0.31,0.0,0.06,99.6236,2026-06-21,,,,,
2024-11-25,45322.0,45518.0,45322.0,88361341659820.0,1932300000.0,2024-11-25,2024-11-25,0.0,0.0,0.0,0.0,0.0,0.06,99.6236,2026-06-21,,,,,
2024-11-26,44995.0,45189.0,44995.0,87722549287988.0,1932300000.0,2024-11-26,2024-11-26,0.0,0.0,0.0,0.0,0.0,0.06,99.6236,2026-06-21,,,,,
2024-11-27,45219.0,45414.0,45219.0,88159406109352.0,1932300000.0,2024-11-27,2024-11-27,0.0,0.0,0.0,0.0,0.0,0.06,99.6236,2026-06-21,,,,,
2024-11-28,44996.0,45190.0,44996.0,87724587994442.0,1932300000.0,2024-11-28,2024-11-28,0.0,0.0,0.0,0.0,0.0,0.06,99.6236,2026-06-21,,,,,
2024-11-29,44994.0,45188.0,44994.0,87721306008867.0,1932300000.0,2024-11-29,2024-11-29,0.0,0.0,0.0,0.0,0.0,0.06,99.6236,2026-06-21,,,,,
2024-11-30,45986.0,46185.0,45986.0,89656155829620.0,1932300000.0,2024-11-30,2024-11-30,0.0,0.0,0.0,0.0,0.0,0.06,99.6236,2026-06-21,,,,,
2024-12-01,45182.0,45377.0,45182.0,89104501757122.0,1954800000.0,2024-12-01,2024-12-01,0.0,0.0,0.0,0.0,0.0,0.06,99.6236,2026-06-21,,,,,
2024-12-02,45759.0,45956.0,45759.0,90740582631365.0,1965700000.0,2024-12-02,2024-12-02,0.0,0.0,0.0,0.36,0.0,0.07,99.6236,2026-06-21,,,,,
2024-12-03,45873.0,46072.0,45873.0,91215368556972.0,1971100000.0,2024-12-03,2024-12-03,0.0,0.0,0.0,0.0,0.0,0.06,99.6236,2026-06-21,,,,,
2024-12-04,46468.0,46669.0,46468.0,92699825155476.0,1977600000.0,2024-12-04,2024-12-04,0.0,0.0,0.0,0.0,0.0,0.06,99.6236,2026-06-21,,,,,
2024-12-05,46466.0,46667.0,46466.0,92696337317738.0,1977600000.0,2024-12-05,2024-12-05,0.0,0.0,0.0,0.0,0.0,0.06,99.6236,2026-06-21,,,,,
2024-12-06,46464.0,46666.0,46464.0,92692849480000.0,1977600000.0,2024-12-06,2024-12-06,0.0,0.0,0.0,0.0,0.0,0.06,99.6236,2026-06-21,,,,,
2024-12-07,45981.0,46180.0,45981.0,92739992311568.0,1999600000.0,2024-12-07,2024-12-07,0.0,0.0,0.0,0.0,0.0,0.02,99.6236,2026-06-21,,,,,
2024-12-08,46608.0,46810.0,46608.0,94521237144603.0,2010700000.0,2024-12-08,2024-12-08,0.0,0.0,0.0,0.01,0.0,0.02,99.6236,2026-06-21,,,,,
2024-12-09,46892.0,47095.0,46892.0,95481694507104.0,2018900000.0,2024-12-09,2024-12-09,0.0,0.0,0.0,0.0,0.0,0.02,99.6236,2026-06-21,,,,,
2024-12-10,47258.0,47464.0,47258.0,97197496220486.0,2039400000.0,2024-12-10,2024-12-10,0.0,0.0,0.0,0.0,0.0,0.02,99.6236,2026-06-21,,,,,
2024-12-11,47924.0,48130.0,47924.0,100191309966583.0,2073300000.0,2024-12-11,2024-12-11,0.0,0.0,0.0,0.0,0.0,0.02,99.6236,2026-06-21,,,,,
2024-12-12,48182.0,48389.0,48182.0,100730783620660.0,2073300000.0,2024-12-12,2024-12-12,0.0,0.0,0.0,0.0,0.0,0.02,99.6236,2026-06-21,,,,,
2024-12-13,48180.0,48388.0,48180.0,100727077896300.0,2073300000.0,2024-12-13,2024-12-13,0.0,0.0,0.0,0.0,0.0,0.02,99.6236,2026-06-21,,,,,
2024-12-14,49479.0,49692.0,49479.0,104252280654263.0,2089700000.0,2024-12-14,2024-12-14,0.0,0.0,0.0,1.01,0.0,0.02,99.6236,2026-06-21,,,,,
2024-12-15,48713.0,48923.0,48713.0,103326068295365.0,2103800000.0,2024-12-15,2024-12-15,0.0,0.0,0.0,1.11,0.0,0.02,99.6236,2026-06-21,,,,,
2024-12-16,49655.0,49867.0,49655.0,106574572478148.0,2129000000.0,2024-12-16,2024-12-16,0.0,0.0,0.0,1.02,0.0,0.02,99.6236,2026-06-21,,,,,
2024-12-17,49540.0,49753.0,49540.0,107161444822755.0,2145800000.0,2024-12-17,2024-12-17,0.0,0.0,0.0,1.6,0.0,0.02,99.6236,2026-06-21,,,,,
2024-12-18,49497.0,49711.0,49497.0,107829311657876.0,2161200000.0,2024-12-18,2024-12-18,0.0,0.0,0.0,0.91,0.0,0.02,99.6236,2026-06-21,,,,,
2024-12-19,48714.0,48926.0,48714.0,106124114618476.0,2161200000.0,2024-12-19,2024-12-19,0.0,0.0,0.0,0.55,0.0,0.02,99.6236,2026-06-21,,,,,
2024-12-20,48712.0,48924.0,48712.0,106120160994922.0,2161200000.0,2024-12-20,2024-12-20,0.0,0.0,0.0,0.55,0.0,0.02,99.6236,2026-06-21,,,,,
2024-12-21,48820.0,49034.0,48820.0,105813270170175.0,2150100000.0,2024-12-21,2024-12-21,0.0,0.0,0.0,0.53,0.0,0.02,99.6236,2026-06-21,,,,,
2024-12-22,48703.0,48917.0,48703.0,105151115343267.0,2141700000.0,2024-12-22,2024-12-22,0.0,0.0,0.0,0.53,0.0,0.02,99.6236,2026-06-21,,,,,
2024-12-23,49593.0,49810.0,49593.0,107071356779128.0,2141700000.0,2024-12-23,2024-12-23,0.0,0.0,0.0,0.14,0.0,0.02,99.6236,2026-06-21,,,,,
2024-12-24,49955.0,50174.0,49955.0,107853763788133.0,2141700000.0,2024-12-24,2024-12-24,0.0,0.0,0.0,0.14,0.0,0.02,99.6236,2026-06-21,,,,,
2024-12-25,49876.0,50095.0,49876.0,107683606283911.0,2141700000.0,2024-12-25,2024-12-25,0.0,0.0,0.0,0.1,0.0,0.07,99.6236,2026-06-21,,,,,
2024-12-26,50377.0,50599.0,50377.0,108765775303223.0,2141700000.0,2024-12-26,2024-12-26,0.0,0.0,0.0,0.1,0.0,0.06,99.6236,2026-06-21,,,,,
2024-12-27,50376.0,50597.0,50376.0,108761806487770.0,2141700000.0,2024-12-27,2024-12-27,0.0,0.0,0.0,0.1,0.0,0.06,99.6236,2026-06-21,,,,,
2024-12-28,51401.0,51628.0,51401.0,110272709409823.0,2128000000.0,2024-12-28,2024-12-28,0.0,0.0,0.0,0.74,0.0,0.06,99.6236,2026-06-21,,,,,
2024-12-29,50268.0,50490.0,50268.0,107842065392689.0,2128000000.0,2024-12-29,2024-12-29,0.0,0.0,0.0,0.04,0.0,0.06,99.6236,2026-06-21,,,,,
2024-12-30,51029.0,51254.0,51029.0,109270421348472.0,2124000000.0,2024-12-30,2024-12-30,0.0,0.0,0.0,0.21,0.0,0.07,99.6236,2026-06-21,,,,,
2024-12-31,51365.0,51591.0,51365.0,109176489691774.0,2108200000.0,2024-12-31,2024-12-31,0.0,0.0,0.0,1.01,0.0,0.05,99.6236,2026-06-21,,,,,
2025-01-01,51398.0,51625.0,51398.0,108938615432750.0,2102200000.0,2025-01-01,2025-01-01,0.0,0.0,0.0,0.27,0.0,0.06,99.6236,2026-06-21,,,,,
2025-01-02,51092.0,51317.0,51092.0,108290300668399.0,2102200000.0,2025-01-02,2025-01-02,0.0,0.0,0.0,0.27,0.0,0.06,99.6236,2026-06-21,,,,,
2025-01-03,51090.0,51315.0,51090.0,108286314919838.0,2102200000.0,2025-01-03,2025-01-03,0.0,0.0,0.0,0.27,0.0,0.06,99.6236,2026-06-21,,,,,
2025-01-04,50061.0,50282.0,50061.0,105705397943694.0,2094200000.0,2025-01-04,2025-01-04,0.0,0.0,0.0,0.56,0.0,0.04,99.6236,2026-06-21,,,,,
2025-01-05,50283.0,50505.0,50283.0,105770988555595.0,2086200000.0,2025-01-05,2025-01-05,0.0,0.0,0.0,0.31,0.0,0.16,99.6236,2026-06-21,,,,,
2025-01-06,49607.0,49827.0,49607.0,104041328841728.0,2080000000.0,2025-01-06,2025-01-06,0.0,0.0,0.0,0.3,0.0,0.05,99.6236,2026-06-21,,,,,
2025-01-07,50948.0,51174.0,50948.0,107058937802717.0,2084000000.0,2025-01-07,2025-01-07,0.0,0.0,0.0,0.19,0.0,0.06,99.6236,2026-06-21,,,,,
2025-01-08,51213.0,51438.0,51213.0,108553016071785.0,2102300000.0,2025-01-08,2025-01-08,0.0,0.0,0.0,0.19,0.0,0.06,99.6236,2026-06-21,,,,,
2025-01-09,51730.0,51957.0,51730.0,109648322006952.0,2102300000.0,2025-01-09,2025-01-09,0.0,0.0,0.0,0.19,0.0,0.06,99.6236,2026-06-21,,,,,
2025-01-10,51728.0,51955.0,51728.0,109644370734116.0,2102300000.0,2025-01-10,2025-01-10,0.0,0.0,0.0,0.19,0.0,0.06,99.6236,2026-06-21,,,,,
2025-01-11,52233.0,52463.0,52233.0,110714916189096.0,2102300000.0,2025-01-11,2025-01-11,0.0,0.0,0.0,0.96,0.0,0.06,99.6236,2026-06-21,,,,,
2025-01-12,51900.0,52128.0,51900.0,110132657732728.0,2104700000.0,2025-01-12,2025-01-12,0.0,0.0,0.0,0.88,0.0,0.06,99.6236,2026-06-21,,,,,
2025-01-13,52212.0,52441.0,52212.0,111406740043980.0,2116400000.0,2025-01-13,2025-01-13,0.0,0.0,0.0,0.11,0.0,0.11,99.6236,2026-06-21,,,,,
2025-01-14,52211.0,52439.0,52211.0,111402697290172.0,2116400000.0,2025-01-14,2025-01-14,0.0,0.0,0.0,0.11,0.0,0.11,99.6236,2026-06-21,,,,,
2025-01-15,51532.0,51758.0,51532.0,110007147929146.0,2117400000.0,2025-01-15,2025-01-15,0.0,0.0,0.0,0.68,0.0,0.06,99.6236,2026-06-21,,,,,
2025-01-16,51283.0,51508.0,51283.0,109475351408587.0,2117400000.0,2025-01-16,2025-01-16,0.0,0.0,0.0,0.68,0.0,0.06,99.6236,2026-06-21,,,,,
2025-01-17,51281.0,51506.0,51281.0,109471346741534.0,2117400000.0,2025-01-17,2025-01-17,0.0,0.0,0.0,0.68,0.0,0.06,99.6236,2026-06-21,,,,,
2025-01-18,51669.0,51897.0,51669.0,110454443862235.0,2120400000.0,2025-01-18,2025-01-18,0.0,0.0,0.0,0.08,0.0,0.11,99.6236,2026-06-21,,,,,
2025-01-19,51613.0,51840.0,51613.0,110488075190984.0,2123400000.0,2025-01-19,2025-01-19,0.0,0.0,0.0,0.12,0.0,0.1,99.6236,2026-06-21,,,,,
2025-01-20,51354.0,51580.0,51354.0,110027292869591.0,2125200000.0,2025-01-20,2025-01-20,0.0,0.0,0.0,0.01,0.0,0.11,99.6236,2026-06-21,,,,,
2025-01-21,53310.0,53545.0,53310.0,114522303864115.0,2130900000.0,2025-01-21,2025-01-21,0.0,0.0,0.0,0.0,0.0,0.1,99.6236,2026-06-21,,,,,
2025-01-22,54300.0,54539.0,54300.0,117050527211210.0,2138300000.0,2025-01-22,2025-01-22,0.0,0.0,0.0,0.15,0.0,0.1,99.6236,2026-06-21,,,,,
2025-01-23,54586.0,54826.0,54586.0,117666044692781.0,2138300000.0,2025-01-23,2025-01-23,0.0,0.0,0.0,0.14,0.0,0.1,99.6236,2026-06-21,,,,,
2025-01-24,54584.0,54824.0,54584.0,117661837264617.0,2138300000.0,2025-01-24,2025-01-24,0.0,0.0,0.0,0.14,0.0,0.1,99.6236,2026-06-21,,,,,
2025-01-25,54886.0,55127.0,54886.0,118608702328966.0,2143700000.0,2025-01-25,2025-01-25,0.0,0.0,0.0,0.26,0.0,0.1,99.6236,2026-06-21,,,,,
2025-01-26,55019.0,55261.0,55019.0,118896811381215.0,2143700000.0,2025-01-26,2025-01-26,0.0,0.0,0.0,0.07,0.0,0.1,99.6236,2026-06-21,,,,,
2025-01-27,55384.0,55628.0,55384.0,119686031011144.0,2143700000.0,2025-01-27,2025-01-27,0.0,0.0,0.0,0.07,0.0,0.1,99.6236,2026-06-21,,,,,
2025-01-28,55382.0,55626.0,55382.0,119681809016918.0,2143700000.0,2025-01-28,2025-01-28,0.0,0.0,0.0,0.07,0.0,0.1,99.6236,2026-06-21,,,,,
2025-01-29,54669.0,54909.0,54669.0,118436903260572.0,2149100000.0,2025-01-29,2025-01-29,0.0,0.0,0.0,0.28,0.0,0.1,99.6236,2026-06-21,,,,,
2025-01-30,54787.0,55028.0,54787.0,118692408085009.0,2149100000.0,2025-01-30,2025-01-30,0.0,0.0,0.0,0.15,0.0,0.1,99.6236,2026-06-21,,,,,
2025-01-31,54785.0,55026.0,54785.0,118688159808440.0,2149100000.0,2025-01-31,2025-01-31,0.0,0.0,0.0,0.15,0.0,0.1,99.6236,2026-06-21,,,,,
2025-02-01,55878.0,56123.0,55878.0,121054166941971.0,2149100000.0,2025-02-01,2025-02-01,0.0,0.0,0.0,0.15,0.0,0.1,99.6236,2026-06-21,,,,,
2025-02-02,56166.0,56413.0,56166.0,121853664766482.0,2152200000.0,2025-02-02,2025-02-02,0.0,0.0,0.0,0.13,0.0,0.1,99.6236,2026-06-21,,,,,
2025-02-03,56088.0,56334.0,56088.0,121891291884588.0,2155900000.0,2025-02-03,2025-02-03,0.0,0.0,0.0,0.24,0.0,0.1,99.6236,2026-06-21,,,,,
2025-02-04,56521.0,56768.0,56521.0,123414187889267.0,2166200000.0,2025-02-04,2025-02-04,0.0,0.0,0.0,0.01,0.0,0.09,99.6236,2026-06-21,,,,,
2025-02-05,58303.0,58558.0,58303.0,127900814955145.0,2176400000.0,2025-02-05,2025-02-05,0.0,0.0,0.0,0.31,0.0,0.08,99.6236,2026-06-21,,,,,
2025-02-06,59071.0,59329.0,59071.0,129585005831791.0,2176400000.0,2025-02-06,2025-02-06,0.0,0.0,0.0,0.3,0.0,0.08,99.6236,2026-06-21,,,,,
2025-02-07,59069.0,59327.0,59069.0,129580487780711.0,2176400000.0,2025-02-07,2025-02-07,0.0,0.0,0.0,0.3,0.0,0.08,99.6236,2026-06-21,,,,,
2025-02-08,59067.0,59325.0,59067.0,129575969729631.0,2176400000.0,2025-02-08,2025-02-08,0.0,0.0,0.0,0.3,0.0,0.08,99.6236,2026-06-21,,,,,
2025-02-09,61813.0,62078.0,61813.0,138772117363823.0,2227700000.0,2025-02-09,2025-02-09,0.0,0.0,0.0,0.99,0.0,0.04,99.6236,2026-06-21,,,,,
2025-02-10,61811.0,62076.0,61811.0,138767331607002.0,2227700000.0,2025-02-10,2025-02-10,0.0,0.0,0.0,0.99,0.0,0.04,99.6236,2026-06-21,,,,,
2025-02-11,63076.0,63352.0,63076.0,140559942507199.0,2211100000.0,2025-02-11,2025-02-11,0.0,0.0,0.0,1.31,0.0,0.04,99.6236,2026-06-21,,,,,
2025-02-12,63074.0,63349.0,63074.0,140555065561611.0,2211100000.0,2025-02-12,2025-02-12,0.0,0.0,0.0,1.31,0.0,0.04,99.6236,2026-06-21,,,,,
2025-02-13,65230.0,65516.0,65230.0,145360195334165.0,2211100000.0,2025-02-13,2025-02-13,0.0,0.0,0.0,1.27,0.0,0.04,99.6236,2026-06-21,,,,,
2025-02-14,65264.0,65550.0,65264.0,145435318388577.0,2211100000.0,2025-02-14,2025-02-14,0.0,0.0,0.0,1.27,0.0,0.04,99.6236,2026-06-21,,,,,
2025-02-15,65406.0,65692.0,65406.0,146274976118522.0,2219100000.0,2025-02-15,2025-02-15,0.0,0.0,0.0,0.01,0.0,0.04,99.6236,2026-06-21,,,,,
2025-02-16,65019.0,65305.0,65019.0,145610068129609.0,2222200000.0,2025-02-16,2025-02-16,0.0,0.0,0.0,0.0,0.0,0.04,99.6236,2026-06-21,,,,,
2025-02-17,64964.0,65249.0,64964.0,146098829030752.0,2231600000.0,2025-02-17,2025-02-17,0.0,0.0,0.0,0.0,0.0,0.04,99.6236,2026-06-21,,,,,
2025-02-18,65563.0,65850.0,65563.0,147916892769721.0,2238800000.0,2025-02-18,2025-02-18,0.0,0.0,0.0,0.11,0.0,0.05,99.6236,2026-06-21,,,,,
2025-02-19,68045.0,68344.0,68045.0,154014392657102.0,2246100000.0,2025-02-19,2025-02-19,0.0,0.0,0.0,0.13,0.0,0.04,99.6236,2026-06-21,,,,,
2025-02-20,70015.0,70324.0,70015.0,158473832717955.0,2246100000.0,2025-02-20,2025-02-20,0.0,0.0,0.0,0.13,0.0,0.04,99.6236,2026-06-21,,,,,
2025-02-21,70013.0,70321.0,70013.0,158468561493821.0,2246100000.0,2025-02-21,2025-02-21,0.0,0.0,0.0,0.13,0.0,0.04,99.6236,2026-06-21,,,,,
2025-02-22,69235.0,69540.0,69235.0,157290050191441.0,2254500000.0,2025-02-22,2025-02-22,0.0,0.0,0.0,0.0,0.0,0.04,99.6236,2026-06-21,,,,,
2025-02-23,67382.0,67679.0,67382.0,153080506664757.0,2254500000.0,2025-02-23,2025-02-23,0.0,0.0,0.0,0.0,0.0,0.05,99.6236,2026-06-21,,,,,
2025-02-24,67529.0,67825.0,67529.0,154663207381829.0,2273000000.0,2025-02-24,2025-02-24,0.0,0.0,0.0,0.0,0.0,0.05,99.6236,2026-06-21,,,,,
2025-02-25,65840.0,66129.0,65840.0,151459263435414.0,2283100000.0,2025-02-25,2025-02-25,0.0,0.0,0.0,0.0,0.0,0.04,99.6236,2026-06-21,,,,,
2025-02-26,67703.0,68000.0,67703.0,156293073814354.0,2291200000.0,2025-02-26,2025-02-26,0.0,0.0,0.0,0.37,0.0,0.04,99.6236,2026-06-21,,,,,
2025-02-27,66909.0,67203.0,66909.0,154460039852335.0,2291200000.0,2025-02-27,2025-02-27,0.0,0.0,0.0,0.07,0.0,0.04,99.6236,2026-06-21,,,,,
2025-02-28,66906.0,67201.0,66906.0,154454689004503.0,2291200000.0,2025-02-28,2025-02-28,0.0,0.0,0.0,0.07,0.0,0.04,99.6236,2026-06-21,,,,,
2025-03-01,64184.0,64466.0,64184.0,148297534601157.0,2293200000.0,2025-03-01,2025-03-01,0.0,0.0,0.0,0.06,0.0,0.04,99.6236,2026-06-21,,,,,
2025-03-02,64743.0,65027.0,64743.0,150567080372547.0,2308300000.0,2025-03-02,2025-03-02,0.0,0.0,0.0,0.0,0.0,0.04,99.6236,2026-06-21,,,,,
2025-03-03,63680.0,63961.0,63680.0,147497500465795.0,2298900000.0,2025-03-03,2025-03-03,0.0,0.0,0.0,0.43,0.0,0.05,99.6236,2026-06-21,,,,,
2025-03-04,64474.0,64758.0,64474.0,149825568792598.0,2306500000.0,2025-03-04,2025-03-04,0.0,0.0,0.0,0.07,0.0,0.04,99.6236,2026-06-21,,,,,
2025-03-05,63477.0,63757.0,63477.0,147808330086888.0,2311200000.0,2025-03-05,2025-03-05,0.0,0.0,0.0,0.38,0.0,0.05,99.6236,2026-06-21,,,,,
2025-03-06,63561.0,63841.0,63561.0,148002568910321.0,2311200000.0,2025-03-06,2025-03-06,0.0,0.0,0.0,0.32,0.0,0.05,99.6236,2026-06-21,,,,,
2025-03-07,63559.0,63838.0,63559.0,147997427956225.0,2311200000.0,2025-03-07,2025-03-07,0.0,0.0,0.0,0.32,0.0,0.05,99.6236,2026-06-21,,,,,
2025-03-08,65329.0,65617.0,65329.0,152707685724934.0,2320200000.0,2025-03-08,2025-03-08,0.0,0.0,0.0,0.02,0.0,0.04,99.6236,2026-06-21,,,,,
2025-03-09,67181.0,67478.0,67181.0,158172804673840.0,2337100000.0,2025-03-09,2025-03-09,0.0,0.0,0.0,0.0,0.0,0.05,99.6236,2026-06-21,,,,,
2025-03-10,67578.0,67876.0,67578.0,157693536779738.0,2316200000.0,2025-03-10,2025-03-10,0.0,0.0,0.0,1.4,0.0,0.05,99.6236,2026-06-21,,,,,
2025-03-11,66090.0,66382.0,66090.0,154818016630066.0,2325200000.0,2025-03-11,2025-03-11,0.0,0.0,0.0,0.0,0.0,0.05,99.6236,2026-06-21,,,,,
2025-03-12,66534.0,66828.0,66534.0,156856099760288.0,2340200000.0,2025-03-12,2025-03-12,0.0,0.0,0.0,0.0,0.0,0.04,99.6236,2026-06-21,,,,,
2025-03-13,67455.0,67752.0,67455.0,159026016224852.0,2340200000.0,2025-03-13,2025-03-13,0.0,0.0,0.0,0.0,0.0,0.04,99.6236,2026-06-21,,,,,
2025-03-14,67453.0,67750.0,67453.0,159020608837058.0,2340200000.0,2025-03-14,2025-03-14,0.0,0.0,0.0,0.0,0.0,0.04,99.6236,2026-06-21,,,,,
2025-03-15,66946.0,67241.0,66946.0,158227110687620.0,2346200000.0,2025-03-15,2025-03-15,0.0,0.0,0.0,0.04,0.0,0.04,99.6236,2026-06-21,,,,,
2025-03-16,69044.0,69348.0,69044.0,163896655017151.0,2356500000.0,2025-03-16,2025-03-16,0.0,0.0,0.0,0.0,0.0,0.04,99.6236,2026-06-21,,,,,
2025-03-17,72263.0,72581.0,72263.0,171646978287494.0,2358000000.0,2025-03-17,2025-03-17,0.0,0.0,0.0,0.26,0.0,0.05,99.6236,2026-06-21,,,,,
2025-03-18,75874.0,76209.0,75874.0,180210501071244.0,2357800000.0,2025-03-18,2025-03-18,0.0,0.0,0.0,0.33,0.0,0.04,99.6236,2026-06-21,,,,,
2025-03-19,75872.0,76206.0,75872.0,180204443524144.0,2357800000.0,2025-03-19,2025-03-19,0.0,0.0,0.0,0.33,0.0,0.04,99.6236,2026-06-21,,,,,
2025-03-20,75869.0,76203.0,75869.0,180198386383660.0,2357800000.0,2025-03-20,2025-03-20,0.0,0.0,0.0,0.33,0.0,0.04,99.6236,2026-06-21,,,,,
2025-03-21,75867.0,76201.0,75867.0,180192345693609.0,2357800000.0,2025-03-21,2025-03-21,0.0,0.0,0.0,0.34,0.0,0.04,99.6236,2026-06-21,,,,,
2025-03-22,75864.0,76198.0,75864.0,180186288096489.0,2357800000.0,2025-03-22,2025-03-22,0.0,0.0,0.0,0.34,0.0,0.04,99.6236,2026-06-21,,,,,
2025-03-23,75862.0,76196.0,75862.0,180180230499369.0,2357800000.0,2025-03-23,2025-03-23,0.0,0.0,0.0,0.34,0.0,0.04,99.6236,2026-06-21,,,,,
2025-03-24,75859.0,76193.0,75859.0,180174172902249.0,2357800000.0,2025-03-24,2025-03-24,0.0,0.0,0.0,0.34,0.0,0.04,99.6236,2026-06-21,,,,,
2025-03-25,79261.0,79610.0,79261.0,188254294343265.0,2357800000.0,2025-03-25,2025-03-25,0.0,0.0,0.0,0.06,0.0,0.04,99.6236,2026-06-21,,,,,
2025-03-26,81268.0,81626.0,81268.0,193523516759228.0,2364000000.0,2025-03-26,2025-03-26,0.0,0.0,0.0,0.08,0.0,0.02,99.6236,2026-06-21,,,,,
2025-03-27,81531.0,81890.0,81531.0,194149845160930.0,2364000000.0,2025-03-27,2025-03-27,0.0,0.0,0.0,0.05,0.0,0.02,99.6236,2026-06-21,,,,,
2025-03-28,81528.0,81887.0,81528.0,194143420312206.0,2364000000.0,2025-03-28,2025-03-28,0.0,0.0,0.0,0.05,0.0,0.02,99.6236,2026-06-21,,,,,
2025-03-29,84923.0,85297.0,84923.0,202346306139196.0,2365400000.0,2025-03-29,2025-03-29,0.0,0.0,0.0,0.14,0.0,0.02,99.6236,2026-06-21,,,,,
2025-03-30,82916.0,83281.0,82916.0,197847560780526.0,2368800000.0,2025-03-30,2025-03-30,0.0,0.0,0.0,0.15,0.0,0.03,99.6236,2026-06-21,,,,,
2025-03-31,82913.0,83278.0,82913.0,197840141469448.0,2368800000.0,2025-03-31,2025-03-31,0.0,0.0,0.0,0.15,0.0,0.03,99.6236,2026-06-21,,,,,
2025-04-01,82910.0,83275.0,82910.0,197832722158370.0,2368800000.0,2025-04-01,2025-04-01,0.0,0.0,0.0,0.15,0.0,0.03,99.6236,2026-06-21,,,,,
2025-04-02,82907.0,83272.0,82907.0,197825302847292.0,2368800000.0,2025-04-02,2025-04-02,0.0,0.0,0.0,0.15,0.0,0.03,99.6236,2026-06-21,,,,,
2025-04-03,82904.0,83269.0,82904.0,197817883536214.0,2368800000.0,2025-04-03,2025-04-03,0.0,0.0,0.0,0.15,0.0,0.03,99.6236,2026-06-21,,,,,
2025-04-04,82901.0,83266.0,82901.0,197810464225136.0,2368800000.0,2025-04-04,2025-04-04,0.0,0.0,0.0,0.15,0.0,0.03,99.6236,2026-06-21,,,,,
2025-04-05,78993.0,79341.0,78993.0,188487450260772.0,2368800000.0,2025-04-05,2025-04-05,0.0,0.0,0.0,0.15,0.0,0.03,99.6236,2026-06-21,,,,,
2025-04-06,79876.0,80228.0,79876.0,190896831139323.0,2372600000.0,2025-04-06,2025-04-06,0.0,0.0,0.0,0.18,0.0,0.03,99.6236,2026-06-21,,,,,
2025-04-07,80342.0,80696.0,80342.0,192259805892189.0,2375700000.0,2025-04-07,2025-04-07,0.0,0.0,0.0,0.16,0.0,0.03,99.6236,2026-06-21,,,,,
2025-04-08,76952.0,77291.0,76952.0,183955532392785.0,2373200000.0,2025-04-08,2025-04-08,0.0,0.0,0.0,0.17,0.0,0.04,99.6236,2026-06-21,,,,,
2025-04-09,74093.0,74421.0,74093.0,176936276094004.0,2370700000.0,2025-04-09,2025-04-09,0.0,0.0,0.0,0.11,0.0,0.03,99.6236,2026-06-21,,,,,
2025-04-10,76032.0,76369.0,76032.0,181566351570353.0,2370700000.0,2025-04-10,2025-04-10,0.0,0.0,0.0,0.11,0.0,0.03,99.6236,2026-06-21,,,,,
2025-04-11,76029.0,76366.0,76029.0,181559491624161.0,2370700000.0,2025-04-11,2025-04-11,0.0,0.0,0.0,0.11,0.0,0.03,99.6236,2026-06-21,,,,,
2025-04-12,72211.0,72531.0,72211.0,171987137618470.0,2364400000.0,2025-04-12,2025-04-12,0.0,0.0,0.0,0.25,0.0,0.03,99.6236,2026-06-21,,,,,
2025-04-13,69414.0,69721.0,69414.0,165324748213320.0,2364400000.0,2025-04-13,2025-04-13,0.0,0.0,0.0,0.0,0.0,0.01,99.6236,2026-06-21,,,,,
2025-04-14,66126.0,66419.0,66126.0,157493382650157.0,2364400000.0,2025-04-14,2025-04-14,0.0,0.0,0.0,0.0,0.0,0.01,99.6236,2026-06-21,,,,,
2025-04-15,66750.0,67045.0,66750.0,158980121113447.0,2364400000.0,2025-04-15,2025-04-15,0.0,0.0,0.0,0.13,0.0,0.01,99.6236,2026-06-21,,,,,
2025-04-16,67424.0,67722.0,67424.0,160402238019270.0,2361700000.0,2025-04-16,2025-04-16,0.0,0.0,0.0,0.12,0.0,0.02,99.6236,2026-06-21,,,,,
2025-04-17,67336.0,67633.0,67336.0,160192591075561.0,2361700000.0,2025-04-17,2025-04-17,0.0,0.0,0.0,0.12,0.0,0.02,99.6236,2026-06-21,,,,,
2025-04-18,67333.0,67631.0,67333.0,160186190384296.0,2361700000.0,2025-04-18,2025-04-18,0.0,0.0,0.0,0.12,0.0,0.02,99.6236,2026-06-21,,,,,
2025-04-19,63990.0,64274.0,63990.0,151145523639455.0,2344700000.0,2025-04-19,2025-04-19,0.0,0.0,0.0,0.76,0.0,0.01,99.6236,2026-06-21,,,,,
2025-04-20,61894.0,62169.0,61894.0,146195683519089.0,2344700000.0,2025-04-20,2025-04-20,0.0,0.0,0.0,0.04,0.0,0.01,99.6236,2026-06-21,,,,,
2025-04-21,64718.0,65005.0,64718.0,152158614881778.0,2333800000.0,2025-04-21,2025-04-21,0.0,0.0,0.0,0.65,0.0,0.01,99.6236,2026-06-21,,,,,
2025-04-22,61822.0,62096.0,61822.0,145042775704851.0,2328800000.0,2025-04-22,2025-04-22,0.0,0.0,0.0,0.69,0.0,0.21,99.6236,2026-06-21,,,,,
2025-04-23,62710.0,62988.0,62710.0,146622362711540.0,2320800000.0,2025-04-23,2025-04-23,0.0,0.0,0.0,0.49,0.0,0.01,99.6236,2026-06-21,,,,,
2025-04-24,62707.0,62985.0,62707.0,146616384852768.0,2320800000.0,2025-04-24,2025-04-24,0.0,0.0,0.0,0.49,0.0,0.01,99.6236,2026-06-21,,,,,
2025-04-25,62704.0,62983.0,62704.0,146610406993996.0,2320800000.0,2025-04-25,2025-04-25,0.0,0.0,0.0,0.49,0.0,0.01,99.6236,2026-06-21,,,,,
2025-04-26,63141.0,63420.0,63141.0,146430632929657.0,2301800000.0,2025-04-26,2025-04-26,0.0,0.0,0.0,0.99,0.0,0.02,99.6236,2026-06-21,,,,,
2025-04-27,64834.0,65121.0,64834.0,150033688843682.0,2296800000.0,2025-04-27,2025-04-27,0.0,0.0,0.0,0.37,0.0,0.02,99.6236,2026-06-21,,,,,
2025-04-28,62449.0,62726.0,62449.0,142454363472467.0,2263800000.0,2025-04-28,2025-04-28,0.0,0.0,0.0,1.45,0.0,0.09,99.6236,2026-06-21,,,,,
2025-04-29,62537.0,62814.0,62537.0,141404112192878.0,2243800000.0,2025-04-29,2025-04-29,0.0,0.0,0.0,0.91,0.0,0.09,99.6236,2026-06-21,,,,,
2025-04-30,62440.0,62716.0,62440.0,140247883409121.0,2228800000.0,2025-04-30,2025-04-30,0.0,0.0,0.0,0.92,0.0,0.09,99.6236,2026-06-21,,,,,
2025-05-01,62152.0,62427.0,62152.0,139601155172910.0,2228800000.0,2025-05-01,2025-05-01,0.0,0.0,0.0,0.93,0.0,0.09,99.6236,2026-06-21,,,,,
2025-05-02,62150.0,62424.0,62150.0,139595431810651.0,2228800000.0,2025-05-02,2025-05-02,0.0,0.0,0.0,0.93,0.0,0.09,99.6236,2026-06-21,,,,,
2025-05-03,65462.0,65751.0,65462.0,147034765498240.0,2228800000.0,2025-05-03,2025-05-03,0.0,0.0,0.0,0.26,0.0,0.09,99.6236,2026-06-21,,,,,
2025-05-04,66902.0,67197.0,66902.0,150269513591255.0,2228800000.0,2025-05-04,2025-05-04,0.0,0.0,0.0,0.25,0.0,0.08,99.6236,2026-06-21,,,,,
2025-05-05,64992.0,65279.0,64992.0,145979668016686.0,2228800000.0,2025-05-05,2025-05-05,0.0,0.0,0.0,0.26,0.0,0.09,99.6236,2026-06-21,,,,,
2025-05-06,64809.0,65095.0,64809.0,143993151400939.0,2204500000.0,2025-05-06,2025-05-06,0.0,0.0,0.0,1.29,0.0,0.09,99.6236,2026-06-21,,,,,
2025-05-07,64571.0,64855.0,64571.0,143465239126604.0,2204500000.0,2025-05-07,2025-05-07,0.0,0.0,0.0,0.46,0.0,0.09,99.6236,2026-06-21,,,,,
2025-05-08,64791.0,65076.0,64791.0,143954328185566.0,2204500000.0,2025-05-08,2025-05-08,0.0,0.0,0.0,0.46,0.0,0.09,99.6236,2026-06-21,,,,,
2025-05-09,64789.0,65074.0,64789.0,143948543654470.0,2204500000.0,2025-05-09,2025-05-09,0.0,0.0,0.0,0.46,0.0,0.09,99.6236,2026-06-21,,,,,
2025-05-10,65337.0,65625.0,65337.0,144858749779369.0,2199800000.0,2025-05-10,2025-05-10,0.0,0.0,0.0,0.46,0.0,0.09,99.6236,2026-06-21,,,,,
2025-05-11,64340.0,64623.0,64340.0,142648220621212.0,2199800000.0,2025-05-11,2025-05-11,0.0,0.0,0.0,0.26,0.0,0.09,99.6236,2026-06-21,,,,,
2025-05-12,63991.0,64273.0,63991.0,141522757022240.0,2194300000.0,2025-05-12,2025-05-12,0.0,0.0,0.0,0.26,0.0,0.09,99.6236,2026-06-21,,,,,
2025-05-13,63950.0,64233.0,63950.0,141433709783088.0,2194300000.0,2025-05-13,2025-05-13,0.0,0.0,0.0,0.01,0.0,0.09,99.6236,2026-06-21,,,,,
2025-05-14,63195.0,63474.0,63195.0,139762817455946.0,2194300000.0,2025-05-14,2025-05-14,0.0,0.0,0.0,0.01,0.0,0.09,99.6236,2026-06-21,,,,,
2025-05-15,62824.0,63102.0,62824.0,138943330614530.0,2194300000.0,2025-05-15,2025-05-15,0.0,0.0,0.0,0.01,0.0,0.09,99.6236,2026-06-21,,,,,
2025-05-16,62822.0,63099.0,62822.0,138937637810270.0,2194300000.0,2025-05-16,2025-05-16,0.0,0.0,0.0,0.01,0.0,0.09,99.6236,2026-06-21,,,,,
2025-05-17,61794.0,62067.0,61794.0,136294806479524.0,2188300000.0,2025-05-17,2025-05-17,0.0,0.0,0.0,0.43,0.0,0.09,99.6236,2026-06-21,,,,,
2025-05-18,59674.0,59937.0,59674.0,130532332947968.0,2170100000.0,2025-05-18,2025-05-18,0.0,0.0,0.0,0.84,0.0,0.11,99.6236,2026-06-21,,,,,
2025-05-19,61402.0,61673.0,61402.0,134312242196287.0,2170100000.0,2025-05-19,2025-05-19,0.0,0.0,0.0,0.03,0.0,0.09,99.6236,2026-06-21,,,,,
2025-05-20,64435.0,64720.0,64435.0,140946825148307.0,2170100000.0,2025-05-20,2025-05-20,0.0,0.0,0.0,0.03,0.0,0.09,99.6236,2026-06-21,,,,,
2025-05-21,64604.0,64889.0,64604.0,141315195715767.0,2170100000.0,2025-05-21,2025-05-21,0.0,0.0,0.0,0.03,0.0,0.08,99.6236,2026-06-21,,,,,
2025-05-22,63497.0,63778.0,63497.0,138895476055517.0,2170100000.0,2025-05-22,2025-05-22,0.0,0.0,0.0,0.03,0.0,0.09,99.6236,2026-06-21,,,,,
2025-05-23,63495.0,63775.0,63495.0,138889758354600.0,2170100000.0,2025-05-23,2025-05-23,0.0,0.0,0.0,0.03,0.0,0.09,99.6236,2026-06-21,,,,,
2025-05-24,64054.0,64337.0,64054.0,139312964997048.0,2157600000.0,2025-05-24,2025-05-24,0.0,0.0,0.0,0.58,0.0,0.08,99.6236,2026-06-21,,,,,
2025-05-25,63828.0,64110.0,63828.0,138317434150859.0,2149700000.0,2025-05-25,2025-05-25,0.0,0.0,0.0,0.36,0.0,0.09,99.6236,2026-06-21,,,,,
2025-05-26,63103.0,63382.0,63103.0,136745279641116.0,2149700000.0,2025-05-26,2025-05-26,0.0,0.0,0.0,0.0,0.0,0.09,99.6236,2026-06-21,,,,,
2025-05-27,63241.0,63520.0,63241.0,136588775807167.0,2142500000.0,2025-05-27,2025-05-27,0.0,0.0,0.0,0.34,0.0,0.09,99.6236,2026-06-21,,,,,
2025-05-28,63661.0,63941.0,63661.0,136858938305096.0,2132500000.0,2025-05-28,2025-05-28,0.0,0.0,0.0,0.47,0.0,0.09,99.6236,2026-06-21,,,,,
2025-05-29,62609.0,62885.0,62609.0,134597813026636.0,2132500000.0,2025-05-29,2025-05-29,0.0,0.0,0.0,0.48,0.0,0.09,99.6236,2026-06-21,,,,,
2025-05-30,62607.0,62882.0,62607.0,134592706541306.0,2132500000.0,2025-05-30,2025-05-30,0.0,0.0,0.0,0.48,0.0,0.09,99.6236,2026-06-21,,,,,
2025-05-31,62739.0,63016.0,62739.0,134657578303234.0,2129000000.0,2025-05-31,2025-05-31,0.0,0.0,0.0,0.17,0.0,0.09,99.6236,2026-06-21,,,,,
2025-06-01,62352.0,62627.0,62352.0,133827059141576.0,2129000000.0,2025-06-01,2025-06-01,0.0,0.0,0.0,0.01,0.0,0.09,99.6236,2026-06-21,,,,,
2025-06-02,63600.0,63881.0,63600.0,136506372030322.0,2129000000.0,2025-06-02,2025-06-02,0.0,0.0,0.0,0.01,0.0,0.09,99.6236,2026-06-21,,,,,
2025-06-03,64040.0,64323.0,64040.0,137450433526869.0,2129000000.0,2025-06-03,2025-06-03,0.0,0.0,0.0,0.0,0.0,0.09,99.6236,2026-06-21,,,,,
2025-06-04,64038.0,64320.0,64038.0,137444851488884.0,2129000000.0,2025-06-04,2025-06-04,0.0,0.0,0.0,0.0,0.0,0.09,99.6236,2026-06-21,,,,,
2025-06-05,64035.0,64318.0,64035.0,137439269450899.0,2129000000.0,2025-06-05,2025-06-05,0.0,0.0,0.0,0.0,0.0,0.09,99.6236,2026-06-21,,,,,
2025-06-06,64032.0,64315.0,64032.0,137433687412914.0,2129000000.0,2025-06-06,2025-06-06,0.0,0.0,0.0,0.0,0.0,0.09,99.6236,2026-06-21,,,,,
2025-06-07,63040.0,63318.0,63040.0,135304414919829.0,2129000000.0,2025-06-07,2025-06-07,0.0,0.0,0.0,0.0,0.0,0.09,99.6236,2026-06-21,,,,,
2025-06-08,63480.0,63760.0,63480.0,136247726356732.0,2129000000.0,2025-06-08,2025-06-08,0.0,0.0,0.0,0.0,0.0,0.09,99.6236,2026-06-21,,,,,
2025-06-09,64349.0,64633.0,64349.0,138112638692204.0,2129000000.0,2025-06-09,2025-06-09,0.0,0.0,0.0,0.0,0.0,0.09,99.6236,2026-06-21,,,,,
2025-06-10,63141.0,63419.0,63141.0,135520129789478.0,2129000000.0,2025-06-10,2025-06-10,0.0,0.0,0.0,0.0,0.0,0.09,99.6236,2026-06-21,,,,,
2025-06-11,64549.0,64834.0,64549.0,138543401823032.0,2129000000.0,2025-06-11,2025-06-11,0.0,0.0,0.0,0.0,0.0,0.09,99.6236,2026-06-21,,,,,
2025-06-12,66071.0,66363.0,66071.0,141809407400522.0,2129000000.0,2025-06-12,2025-06-12,0.0,0.0,0.0,0.0,0.0,0.09,99.6236,2026-06-21,,,,,
2025-06-13,66068.0,66360.0,66068.0,141803794851260.0,2129000000.0,2025-06-13,2025-06-13,0.0,0.0,0.0,0.0,0.0,0.09,99.6236,2026-06-21,,,,,
2025-06-14,66066.0,66358.0,66066.0,141798182301998.0,2129000000.0,2025-06-14,2025-06-14,0.0,0.0,0.0,0.0,0.0,0.09,99.6236,2026-06-21,,,,,
2025-06-15,66063.0,66355.0,66063.0,141792569752736.0,2129000000.0,2025-06-15,2025-06-15,0.0,0.0,0.0,0.0,0.0,0.09,99.6236,2026-06-21,,,,,
2025-06-16,66061.0,66352.0,66061.0,141786957203474.0,2129000000.0,2025-06-16,2025-06-16,0.0,0.0,0.0,0.0,0.0,0.09,99.6236,2026-06-21,,,,,
2025-06-17,66058.0,66350.0,66058.0,141781344654212.0,2129000000.0,2025-06-17,2025-06-17,0.0,0.0,0.0,0.0,0.0,0.09,99.6236,2026-06-21,,,,,
2025-06-18,66055.0,66347.0,66055.0,141775732104950.0,2129000000.0,2025-06-18,2025-06-18,0.0,0.0,0.0,0.0,0.0,0.09,99.6236,2026-06-21,,,,,
2025-06-19,66053.0,66345.0,66053.0,141770119555688.0,2129000000.0,2025-06-19,2025-06-19,0.0,0.0,0.0,0.0,0.0,0.09,99.6236,2026-06-21,,,,,
2025-06-20,66050.0,66342.0,66050.0,141764545078344.0,2129000000.0,2025-06-20,2025-06-20,0.0,0.0,0.0,0.0,0.0,0.09,99.6236,2026-06-21,,,,,
2025-06-21,66048.0,66339.0,66048.0,141758932759797.0,2129000000.0,2025-06-21,2025-06-21,0.0,0.0,0.0,0.0,0.0,0.09,99.6236,2026-06-21,,,,,
2025-06-22,66045.0,66337.0,66045.0,141753320210535.0,2129000000.0,2025-06-22,2025-06-22,0.0,0.0,0.0,0.0,0.0,0.09,99.6236,2026-06-21,,,,,
2025-06-23,66042.0,66334.0,66042.0,141747707661273.0,2129000000.0,2025-06-23,2025-06-23,0.0,0.0,0.0,0.0,0.0,0.09,99.6236,2026-06-21,,,,,
2025-06-24,66040.0,66332.0,66040.0,141742095112011.0,2129000000.0,2025-06-24,2025-06-24,0.0,0.0,0.0,0.0,0.0,0.09,99.6236,2026-06-21,,,,,
2025-06-25,66037.0,66329.0,66037.0,141736482562749.0,2129000000.0,2025-06-25,2025-06-25,0.0,0.0,0.0,0.0,0.0,0.09,99.6236,2026-06-21,,,,,
2025-06-26,66034.0,66326.0,66034.0,141730870013487.0,2129000000.0,2025-06-26,2025-06-26,0.0,0.0,0.0,0.0,0.0,0.09,99.6236,2026-06-21,,,,,
2025-06-27,66032.0,66324.0,66032.0,141725257464225.0,2129000000.0,2025-06-27,2025-06-27,0.0,0.0,0.0,0.0,0.0,0.09,99.6236,2026-06-21,,,,,
2025-06-28,66150.0,66442.0,66150.0,141979198244235.0,2129000000.0,2025-06-28,2025-06-28,0.0,0.0,0.0,0.0,0.0,0.09,99.6236,2026-06-21,,,,,
2025-06-29,69372.0,69678.0,69372.0,148893774959196.0,2129000000.0,2025-06-29,2025-06-29,0.0,0.0,0.0,0.0,0.0,0.08,99.6236,2026-06-21,,,,,
2025-06-30,72126.0,72444.0,72126.0,155094408308468.0,2133000000.0,2025-06-30,2025-06-30,0.0,0.0,0.0,0.0,0.0,0.08,99.6236,2026-06-21,,,,,
2025-07-01,73445.0,73767.0,73445.0,159009057274382.0,2147700000.0,2025-07-01,2025-07-01,0.0,0.0,0.0,0.34,0.0,0.26,99.6236,2026-06-21,,,,,
2025-07-02,72962.0,73283.0,72962.0,157672990191954.0,2143700000.0,2025-07-02,2025-07-02,0.0,0.0,0.0,0.53,0.0,0.09,99.6236,2026-06-21,,,,,
2025-07-03,72960.0,73280.0,72960.0,157666861573348.0,2143700000.0,2025-07-03,2025-07-03,0.0,0.0,0.0,0.53,0.0,0.09,99.6236,2026-06-21,,,,,
2025-07-04,72957.0,73277.0,72957.0,157660732954742.0,2143700000.0,2025-07-04,2025-07-04,0.0,0.0,0.0,0.53,0.0,0.09,99.6236,2026-06-21,,,,,
2025-07-05,72954.0,73274.0,72954.0,157654604336136.0,2143700000.0,2025-07-05,2025-07-05,0.0,0.0,0.0,0.53,0.0,0.09,99.6236,2026-06-21,,,,,
2025-07-06,72951.0,73272.0,72951.0,157648475717530.0,2143700000.0,2025-07-06,2025-07-06,0.0,0.0,0.0,0.53,0.0,0.09,99.6236,2026-06-21,,,,,
2025-07-07,70141.0,70450.0,70141.0,151414049687441.0,2141400000.0,2025-07-07,2025-07-07,0.0,0.0,0.0,0.26,0.0,0.09,99.6236,2026-06-21,,,,,
2025-07-08,69285.0,69591.0,69285.0,149462283745959.0,2139900000.0,2025-07-08,2025-07-08,0.0,0.0,0.0,0.09,0.0,0.09,99.6236,2026-06-21,,,,,
2025-07-09,68981.0,69285.0,68981.0,149309639285792.0,2147200000.0,2025-07-09,2025-07-09,0.0,0.0,0.0,0.0,0.0,0.09,99.6236,2026-06-21,,,,,
2025-07-10,68978.0,69282.0,68978.0,149303721092386.0,2147200000.0,2025-07-10,2025-07-10,0.0,0.0,0.0,0.0,0.0,0.09,99.6236,2026-06-21,,,,,
2025-07-11,68975.0,69279.0,68975.0,149297802898980.0,2147200000.0,2025-07-11,2025-07-11,0.0,0.0,0.0,0.0,0.0,0.09,99.6236,2026-06-21,,,,,
2025-07-12,68049.0,68349.0,68049.0,147293530775305.0,2147200000.0,2025-07-12,2025-07-12,0.0,0.0,0.0,0.0,0.0,0.1,99.6236,2026-06-21,,,,,
2025-07-13,70170.0,70479.0,70170.0,151884240320983.0,2147200000.0,2025-07-13,2025-07-13,0.0,0.0,0.0,0.0,0.0,0.09,99.6236,2026-06-21,,,,,
2025-07-14,70447.0,70758.0,70447.0,153766696025787.0,2165400000.0,2025-07-14,2025-07-14,0.0,0.0,0.0,0.0,0.0,0.09,99.6236,2026-06-21,,,,,
2025-07-15,70121.0,70430.0,70121.0,153756436498175.0,2175400000.0,2025-07-15,2025-07-15,0.0,0.0,0.0,0.23,0.0,0.1,99.6236,2026-06-21,,,,,
2025-07-16,70592.0,70903.0,70592.0,155099328971279.0,2179800000.0,2025-07-16,2025-07-16,0.0,0.0,0.0,0.21,0.0,0.09,99.6236,2026-06-21,,,,,
2025-07-17,70589.0,70901.0,70589.0,155093232795053.0,2179800000.0,2025-07-17,2025-07-17,0.0,0.0,0.0,0.21,0.0,0.09,99.6236,2026-06-21,,,,,
2025-07-18,70587.0,70898.0,70587.0,155087136618827.0,2179800000.0,2025-07-18,2025-07-18,0.0,0.0,0.0,0.21,0.0,0.09,99.6236,2026-06-21,,,,,
2025-07-19,69602.0,69907.0,69602.0,153920007508605.0,2194100000.0,2025-07-19,2025-07-19,0.0,0.0,0.0,0.79,0.0,0.09,99.6236,2026-06-21,,,,,
2025-07-20,68784.0,69085.0,68784.0,152598020985549.0,2201200000.0,2025-07-20,2025-07-20,0.0,0.0,0.0,0.75,0.0,0.09,99.6236,2026-06-21,,,,,
2025-07-21,69747.0,70052.0,69747.0,154734362790244.0,2201200000.0,2025-07-21,2025-07-21,0.0,0.0,0.0,1.05,0.0,0.09,99.6236,2026-06-21,,,,,
2025-07-22,70958.0,71270.0,70958.0,158983363373572.0,2223200000.0,2025-07-22,2025-07-22,0.0,0.0,0.0,0.5,0.0,0.08,99.6236,2026-06-21,,,,,
2025-07-23,70957.0,71271.0,70957.0,159796341834630.0,2234700000.0,2025-07-23,2025-07-23,0.0,0.0,0.0,0.34,0.0,0.08,99.6236,2026-06-21,,,,,
2025-07-24,70954.0,71268.0,70954.0,159790071060884.0,2234700000.0,2025-07-24,2025-07-24,0.0,0.0,0.0,0.34,0.0,0.08,99.6236,2026-06-21,,,,,
2025-07-25,70951.0,71265.0,70951.0,159783800537138.0,2234700000.0,2025-07-25,2025-07-25,0.0,0.0,0.0,0.34,0.0,0.08,99.6236,2026-06-21,,,,,
2025-07-26,69585.0,69894.0,69585.0,156707317651682.0,2234700000.0,2025-07-26,2025-07-26,0.0,0.0,0.0,0.18,0.0,0.08,99.6236,2026-06-21,,,,,
2025-07-27,68964.0,69269.0,68964.0,155894415822009.0,2243200000.0,2025-07-27,2025-07-27,0.0,0.0,0.0,0.0,0.0,0.08,99.6236,2026-06-21,,,,,
2025-07-28,70743.0,71054.0,70743.0,160693297296485.0,2254200000.0,2025-07-28,2025-07-28,0.0,0.0,0.0,0.66,0.0,0.09,99.6236,2026-06-21,,,,,
2025-07-29,70883.0,71196.0,70883.0,162506825801094.0,2275300000.0,2025-07-29,2025-07-29,0.0,0.0,0.0,0.45,0.0,0.08,99.6236,2026-06-21,,,,,
2025-07-30,70509.0,70822.0,70509.0,162243386528041.0,2283700000.0,2025-07-30,2025-07-30,0.0,0.0,0.0,0.0,0.0,0.09,99.6236,2026-06-21,,,,,
2025-07-31,70507.0,70819.0,70507.0,162236999715075.0,2283700000.0,2025-07-31,2025-07-31,0.0,0.0,0.0,0.0,0.0,0.09,99.6236,2026-06-21,,,,,
2025-08-01,70504.0,70816.0,70504.0,162230612874075.0,2283700000.0,2025-08-01,2025-08-01,0.0,0.0,0.0,0.0,0.0,0.09,99.6236,2026-06-21,,,,,
2025-08-02,73437.0,73758.0,73437.0,171754632023435.0,2321500000.0,2025-08-02,2025-08-02,0.0,0.0,0.0,0.83,0.0,0.08,99.6236,2026-06-21,,,,,
2025-08-03,74824.0,75154.0,74824.0,176256648085058.0,2338300000.0,2025-08-03,2025-08-03,0.0,0.0,0.0,0.97,0.0,0.08,99.6236,2026-06-21,,,,,
2025-08-04,76068.0,76402.0,76068.0,180061235772579.0,2349800000.0,2025-08-04,2025-08-04,0.0,0.0,0.0,0.77,0.0,0.08,99.6236,2026-06-21,,,,,
2025-08-05,75234.0,75564.0,75234.0,178660300428081.0,2357400000.0,2025-08-05,2025-08-05,0.0,0.0,0.0,1.68,0.0,0.08,99.6236,2026-06-21,,,,,
2025-08-06,75503.0,75836.0,75503.0,180552029169411.0,2374000000.0,2025-08-06,2025-08-06,0.0,0.0,0.0,0.76,0.0,0.08,99.6236,2026-06-21,,,,,
2025-08-07,75500.0,75833.0,75500.0,180545104058533.0,2374000000.0,2025-08-07,2025-08-07,0.0,0.0,0.0,0.76,0.0,0.08,99.6236,2026-06-21,,,,,
2025-08-08,75497.0,75831.0,75497.0,180538178947655.0,2374000000.0,2025-08-08,2025-08-08,0.0,0.0,0.0,0.76,0.0,0.08,99.6236,2026-06-21,,,,,
2025-08-09,73788.0,74115.0,73788.0,175712319918152.0,2364000000.0,2025-08-09,2025-08-09,0.0,0.0,0.0,0.76,0.0,0.09,99.6236,2026-06-21,,,,,
2025-08-10,73304.0,73628.0,73304.0,175807019564458.0,2381000000.0,2025-08-10,2025-08-10,0.0,0.0,0.0,0.0,0.0,0.08,99.6236,2026-06-21,,,,,
2025-08-11,74105.0,74432.0,74105.0,178326298528521.0,2389100000.0,2025-08-11,2025-08-11,0.0,0.0,0.0,0.36,0.0,0.08,99.6236,2026-06-21,,,,,
2025-08-12,73371.0,73697.0,73371.0,176810704750503.0,2392500000.0,2025-08-12,2025-08-12,0.0,0.0,0.0,0.0,0.0,0.08,99.6236,2026-06-21,,,,,
2025-08-13,74259.0,74590.0,74259.0,179449200470739.0,2399200000.0,2025-08-13,2025-08-13,0.0,0.0,0.0,0.0,0.0,0.08,99.6236,2026-06-21,,,,,
2025-08-14,74257.0,74587.0,74257.0,179442251168690.0,2399200000.0,2025-08-14,2025-08-14,0.0,0.0,0.0,0.0,0.0,0.08,99.6236,2026-06-21,,,,,
2025-08-15,74254.0,74584.0,74254.0,179435301866641.0,2399200000.0,2025-08-15,2025-08-15,0.0,0.0,0.0,0.0,0.0,0.08,99.6236,2026-06-21,,,,,
2025-08-16,73273.0,73599.0,73273.0,177555516141146.0,2405900000.0,2025-08-16,2025-08-16,0.0,0.0,0.0,0.0,0.0,0.08,99.6236,2026-06-21,,,,,
2025-08-17,73956.0,74286.0,73956.0,179951518498417.0,2415900000.0,2025-08-17,2025-08-17,0.0,0.0,0.0,0.0,0.0,0.08,99.6236,2026-06-21,,,,,
2025-08-18,74361.0,74692.0,74361.0,181650431440172.0,2425500000.0,2025-08-18,2025-08-18,0.0,0.0,0.0,0.0,0.0,0.08,99.6236,2026-06-21,,,,,
2025-08-19,74239.0,74570.0,74239.0,182139840684310.0,2436100000.0,2025-08-19,2025-08-19,0.0,0.0,0.0,0.0,0.0,0.05,99.6236,2026-06-21,,,,,
2025-08-20,75081.0,75416.0,75081.0,184753240735272.0,2443400000.0,2025-08-20,2025-08-20,0.0,0.0,0.0,0.0,0.0,0.05,99.6236,2026-06-21,,,,,
2025-08-21,75078.0,75413.0,75078.0,184746219401426.0,2443400000.0,2025-08-21,2025-08-21,0.0,0.0,0.0,0.0,0.0,0.05,99.6236,2026-06-21,,,,,
2025-08-22,75075.0,75410.0,75075.0,184739087885342.0,2443400000.0,2025-08-22,2025-08-22,0.0,0.0,0.0,0.0,0.0,0.05,99.6236,2026-06-21,,,,,
2025-08-23,76120.0,76460.0,76120.0,187310827708938.0,2443400000.0,2025-08-23,2025-08-23,0.0,0.0,0.0,0.0,0.0,0.05,99.6236,2026-06-21,,,,,
2025-08-24,76118.0,76457.0,76118.0,187303625467490.0,2443400000.0,2025-08-24,2025-08-24,0.0,0.0,0.0,0.0,0.0,0.05,99.6236,2026-06-21,,,,,
2025-08-25,76154.0,76492.0,76154.0,188154912001984.0,2453400000.0,2025-08-25,2025-08-25,0.0,0.0,0.0,1.03,0.0,0.05,99.6236,2026-06-21,,,,,
2025-08-26,77052.0,77396.0,77052.0,192392132132824.0,2479600000.0,2025-08-26,2025-08-26,0.0,0.0,0.0,0.0,0.0,0.05,99.6236,2026-06-21,,,,,
2025-08-27,80365.0,80724.0,80365.0,202287769189399.0,2499800000.0,2025-08-27,2025-08-27,0.0,0.0,0.0,0.0,0.0,0.04,99.6236,2026-06-21,,,,,
2025-08-28,80362.0,80721.0,80362.0,202280114090323.0,2499800000.0,2025-08-28,2025-08-28,0.0,0.0,0.0,0.0,0.0,0.04,99.6236,2026-06-21,,,,,
2025-08-29,80359.0,80718.0,80359.0,202272458991247.0,2499800000.0,2025-08-29,2025-08-29,0.0,0.0,0.0,0.0,0.0,0.04,99.6236,2026-06-21,,,,,
2025-08-30,83566.0,83939.0,83566.0,210394284693877.0,2500400000.0,2025-08-30,2025-08-30,0.0,0.0,0.0,1.01,0.0,0.04,99.6236,2026-06-21,,,,,
2025-08-31,86903.0,87290.0,86903.0,220899697830337.0,2524600000.0,2025-08-31,2025-08-31,0.0,0.0,0.0,0.45,0.0,0.04,99.6236,2026-06-21,,,,,
2025-09-01,86900.0,87286.0,86900.0,220891536832499.0,2524600000.0,2025-09-01,2025-09-01,0.0,0.0,0.0,0.45,0.0,0.04,99.6236,2026-06-21,,,,,
2025-09-02,84535.0,84911.0,84535.0,214879853182674.0,2524600000.0,2025-09-02,2025-09-02,0.0,0.0,0.0,0.46,0.0,0.05,99.6236,2026-06-21,,,,,
2025-09-03,84697.0,85075.0,84697.0,214783290937362.0,2518600000.0,2025-09-03,2025-09-03,0.0,0.0,0.0,0.5,0.0,0.04,99.6236,2026-06-21,,,,,
2025-09-04,84693.0,85071.0,84693.0,214775289944706.0,2518600000.0,2025-09-04,2025-09-04,0.0,0.0,0.0,0.5,0.0,0.04,99.6236,2026-06-21,,,,,
2025-09-05,84690.0,85068.0,84690.0,214767288952050.0,2518600000.0,2025-09-05,2025-09-05,0.0,0.0,0.0,0.5,0.0,0.04,99.6236,2026-06-21,,,,,
2025-09-06,84964.0,85344.0,84964.0,215461468349289.0,2518600000.0,2025-09-06,2025-09-06,0.0,0.0,0.0,0.02,0.0,0.04,99.6236,2026-06-21,,,,,
2025-09-07,86108.0,86494.0,86108.0,219371229997314.0,2530300000.0,2025-09-07,2025-09-07,0.0,0.0,0.0,0.0,0.0,0.04,99.6236,2026-06-21,,,,,
2025-09-08,85918.0,86303.0,85918.0,219874015847598.0,2541800000.0,2025-09-08,2025-09-08,0.0,0.0,0.0,0.0,0.0,0.04,99.6236,2026-06-21,,,,,
2025-09-09,85926.0,86311.0,85926.0,220196274604132.0,2545300000.0,2025-09-09,2025-09-09,0.0,0.0,0.0,0.0,0.0,0.04,99.6236,2026-06-21,,,,,
2025-09-10,85923.0,86308.0,85923.0,220188092325121.0,2545300000.0,2025-09-10,2025-09-10,0.0,0.0,0.0,0.0,0.0,0.04,99.6236,2026-06-21,,,,,
2025-09-11,85920.0,86305.0,85920.0,220179910046110.0,2545300000.0,2025-09-11,2025-09-11,0.0,0.0,0.0,0.0,0.0,0.04,99.6236,2026-06-21,,,,,
2025-09-12,85917.0,86302.0,85917.0,220171727767099.0,2545300000.0,2025-09-12,2025-09-12,0.0,0.0,0.0,0.0,0.0,0.04,99.6236,2026-06-21,,,,,
2025-09-13,82831.0,83202.0,82831.0,212264268730615.0,2545300000.0,2025-09-13,2025-09-13,0.0,0.0,0.0,0.0,0.0,0.04,99.6236,2026-06-21,,,,,
2025-09-14,82636.0,83005.0,82636.0,212796601642150.0,2557800000.0,2025-09-14,2025-09-14,0.0,0.0,0.0,0.0,0.0,0.04,99.6236,2026-06-21,,,,,
2025-09-15,84677.0,85057.0,84677.0,220102978655849.0,2582000000.0,2025-09-15,2025-09-15,0.0,0.0,0.0,0.0,0.0,0.04,99.6236,2026-06-21,,,,,
2025-09-16,85982.0,86368.0,85982.0,225618112947476.0,2606700000.0,2025-09-16,2025-09-16,0.0,0.0,0.0,0.0,0.0,0.04,99.6236,2026-06-21,,,,,
2025-09-17,86655.0,87044.0,86655.0,228831553852070.0,2623400000.0,2025-09-17,2025-09-17,0.0,0.0,0.0,0.0,0.0,0.04,99.6236,2026-06-21,,,,,
2025-09-18,86652.0,87040.0,86652.0,228823072571998.0,2623400000.0,2025-09-18,2025-09-18,0.0,0.0,0.0,0.0,0.0,0.04,99.6236,2026-06-21,,,,,
2025-09-19,86649.0,87037.0,86649.0,228814591291926.0,2623400000.0,2025-09-19,2025-09-19,0.0,0.0,0.0,0.0,0.0,0.04,99.6236,2026-06-21,,,,,
2025-09-20,90663.0,91068.0,90663.0,242115736496976.0,2653200000.0,2025-09-20,2025-09-20,0.0,0.0,0.0,0.0,0.0,0.02,99.6236,2026-06-21,,,,,
2025-09-21,93258.0,93672.0,93258.0,254158478384028.0,2708000000.0,2025-09-21,2025-09-21,0.0,0.0,0.0,0.0,0.0,0.02,99.6236,2026-06-21,,,,,
2025-09-22,92142.0,92550.0,92142.0,252745872030442.0,2725700000.0,2025-09-22,2025-09-22,0.0,0.0,0.0,0.72,0.0,0.02,99.6236,2026-06-21,,,,,
2025-09-23,94630.0,95052.0,94630.0,261084936057464.0,2741700000.0,2025-09-23,2025-09-23,0.0,0.0,0.0,0.0,0.0,0.04,99.6236,2026-06-21,,,,,
2025-09-24,97596.0,98028.0,97596.0,275027923547720.0,2800700000.0,2025-09-24,2025-09-24,0.0,0.0,0.0,0.0,0.0,0.02,99.6236,2026-06-21,,,,,
2025-09-25,97593.0,98025.0,97593.0,275018083695924.0,2800700000.0,2025-09-25,2025-09-25,0.0,0.0,0.0,0.0,0.0,0.02,99.6236,2026-06-21,,,,,
2025-09-26,97589.0,98021.0,97589.0,275008243844128.0,2800700000.0,2025-09-26,2025-09-26,0.0,0.0,0.0,0.0,0.0,0.02,99.6236,2026-06-21,,,,,
2025-09-27,101307.0,101757.0,101307.0,287672617113657.0,2822300000.0,2025-09-27,2025-09-27,0.0,0.0,0.0,0.37,0.0,0.02,99.6236,2026-06-21,,,,,
2025-09-28,97604.0,98040.0,97604.0,275752927663566.0,2807900000.0,2025-09-28,2025-09-28,0.0,0.0,0.0,0.54,0.0,0.02,99.6236,2026-06-21,,,,,
2025-09-29,101292.0,101744.0,101292.0,286171381150761.0,2807900000.0,2025-09-29,2025-09-29,0.0,0.0,0.0,0.0,0.0,0.02,99.6236,2026-06-21,,,,,
2025-09-30,103294.0,103756.0,103294.0,291827459394784.0,2807900000.0,2025-09-30,2025-09-30,0.0,0.0,0.0,0.83,0.0,0.02,99.6236,2026-06-21,,,,,
2025-10-01,105109.0,105578.0,105109.0,298888170464571.0,2826300000.0,2025-10-01,2025-10-01,0.0,0.0,0.0,0.17,0.0,0.02,99.6236,2026-06-21,,,,,
2025-10-02,105105.0,105575.0,105105.0,298877574136157.0,2826300000.0,2025-10-02,2025-10-02,0.0,0.0,0.0,0.17,0.0,0.02,99.6236,2026-06-21,,,,,
2025-10-03,105101.0,105571.0,105101.0,298866421407743.0,2826300000.0,2025-10-03,2025-10-03,0.0,0.0,0.0,0.17,0.0,0.02,99.6236,2026-06-21,,,,,
2025-10-04,104408.0,104874.0,104408.0,294807588564651.0,2806300000.0,2025-10-04,2025-10-04,0.0,0.0,0.0,0.7,0.0,0.02,99.6236,2026-06-21,,,,,
2025-10-05,103581.0,104044.0,103581.0,292234712341722.0,2804000000.0,2025-10-05,2025-10-05,0.0,0.0,0.0,0.09,0.0,0.02,99.6236,2026-06-21,,,,,
2025-10-06,101153.0,101604.0,101153.0,285303762602842.0,2803200000.0,2025-10-06,2025-10-06,0.0,0.0,0.0,0.03,0.0,0.02,99.6236,2026-06-21,,,,,
2025-10-07,105740.0,106212.0,105740.0,298241066666340.0,2803200000.0,2025-10-07,2025-10-07,0.0,0.0,0.0,0.0,0.0,0.02,99.6236,2026-06-21,,,,,
2025-10-08,108771.0,109256.0,108771.0,306788751977405.0,2803200000.0,2025-10-08,2025-10-08,0.0,0.0,0.0,0.0,0.0,0.02,99.6236,2026-06-21,,,,,
2025-10-09,108767.0,109252.0,108767.0,306777413138400.0,2803200000.0,2025-10-09,2025-10-09,0.0,0.0,0.0,0.0,0.0,0.02,99.6236,2026-06-21,,,,,
2025-10-10,108763.0,109248.0,108763.0,306766074299395.0,2803200000.0,2025-10-10,2025-10-10,0.0,0.0,0.0,0.0,0.0,0.02,99.6236,2026-06-21,,,,,
2025-10-11,106247.0,106722.0,106247.0,299671762739019.0,2803200000.0,2025-10-11,2025-10-11,0.0,0.0,0.0,0.0,0.0,0.02,99.6236,2026-06-21,,,,,
2025-10-12,105626.0,106097.0,105626.0,298932239856588.0,2812800000.0,2025-10-12,2025-10-12,0.0,0.0,0.0,0.07,0.0,0.02,99.6236,2026-06-21,,,,,
2025-10-13,105336.0,105805.0,105336.0,299693337252387.0,2827800000.0,2025-10-13,2025-10-13,0.0,0.0,0.0,0.36,0.0,0.02,99.6236,2026-06-21,,,,,
2025-10-14,104615.0,105081.0,104615.0,297642145990649.0,2827800000.0,2025-10-14,2025-10-14,0.0,0.0,0.0,0.4,0.0,0.02,99.6236,2026-06-21,,,,,
2025-10-15,106565.0,107041.0,106565.0,302123254232525.0,2817800000.0,2025-10-15,2025-10-15,0.0,0.0,0.0,0.35,0.0,0.02,99.6236,2026-06-21,,,,,
2025-10-16,106561.0,107037.0,106561.0,302112028224800.0,2817800000.0,2025-10-16,2025-10-16,0.0,0.0,0.0,0.35,0.0,0.02,99.6236,2026-06-21,,,,,
2025-10-17,106557.0,107033.0,106557.0,302100802217075.0,2817800000.0,2025-10-17,2025-10-17,0.0,0.0,0.0,0.35,0.0,0.02,99.6236,2026-06-21,,,,,
2025-10-18,104349.0,104815.0,104349.0,296884589222403.0,2827800000.0,2025-10-18,2025-10-18,0.0,0.0,0.0,0.0,0.0,0.02,99.6236,2026-06-21,,,,,
2025-10-19,107326.0,107805.0,107326.0,306426945704264.0,2837800000.0,2025-10-19,2025-10-19,0.0,0.0,0.0,0.01,0.0,0.02,99.6236,2026-06-21,,,,,
2025-10-20,105862.0,106335.0,105862.0,302249379002680.0,2837800000.0,2025-10-20,2025-10-20,0.0,0.0,0.0,0.0,0.0,0.02,99.6236,2026-06-21,,,,,
2025-10-21,105513.0,105986.0,105513.0,301252520576251.0,2837800000.0,2025-10-21,2025-10-21,0.0,0.0,0.0,0.0,0.0,0.02,99.6236,2026-06-21,,,,,
2025-10-22,103476.0,103938.0,103476.0,296420011507410.0,2847300000.0,2025-10-22,2025-10-22,0.0,0.0,0.0,0.0,0.0,0.02,99.6236,2026-06-21,,,,,
2025-10-23,103473.0,103935.0,103473.0,296408910073381.0,2847300000.0,2025-10-23,2025-10-23,0.0,0.0,0.0,0.0,0.0,0.02,99.6236,2026-06-21,,,,,
2025-10-24,103469.0,103931.0,103469.0,296397808639352.0,2847300000.0,2025-10-24,2025-10-24,0.0,0.0,0.0,0.0,0.0,0.02,99.6236,2026-06-21,,,,,
2025-10-25,103644.0,104106.0,103644.0,296899702064875.0,2847300000.0,2025-10-25,2025-10-25,0.0,0.0,0.0,0.0,0.0,0.02,99.6236,2026-06-21,,,,,
2025-10-26,104918.0,105386.0,104918.0,300548516489502.0,2847300000.0,2025-10-26,2025-10-26,0.0,0.0,0.0,0.0,0.0,0.02,99.6236,2026-06-21,,,,,
2025-10-27,103091.0,103552.0,103091.0,295533212324584.0,2849400000.0,2025-10-27,2025-10-27,0.0,0.0,0.0,0.0,0.0,0.02,99.6236,2026-06-21,,,,,
2025-10-28,100585.0,101034.0,100585.0,288349014573646.0,2849400000.0,2025-10-28,2025-10-28,0.0,0.0,0.0,0.0,0.0,0.02,99.6236,2026-06-21,,,,,
2025-10-29,102311.0,102768.0,102311.0,293295064547543.0,2849400000.0,2025-10-29,2025-10-29,0.0,0.0,0.0,0.0,0.0,0.02,99.6236,2026-06-21,,,,,
2025-10-30,102307.0,102764.0,102307.0,293284044840019.0,2849400000.0,2025-10-30,2025-10-30,0.0,0.0,0.0,0.0,0.0,0.02,99.6236,2026-06-21,,,,,
2025-10-31,102303.0,102760.0,102303.0,293273248068056.0,2849400000.0,2025-10-31,2025-10-31,0.0,0.0,0.0,0.0,0.0,0.02,99.6236,2026-06-21,,,,,
2025-11-01,103211.0,103671.0,103211.0,296081508113172.0,2851400000.0,2025-11-01,2025-11-01,0.0,0.0,0.0,0.0,0.0,0.02,99.6236,2026-06-21,,,,,
2025-11-02,102610.0,103068.0,102610.0,294358873305911.0,2851400000.0,2025-11-02,2025-11-02,0.0,0.0,0.0,0.0,0.0,0.05,99.6236,2026-06-21,,,,,
2025-11-03,102662.0,103120.0,102662.0,294507629519934.0,2851400000.0,2025-11-03,2025-11-03,0.0,0.0,0.0,0.0,0.0,0.05,99.6236,2026-06-21,,,,,
2025-11-04,102770.0,103229.0,102770.0,295084739426602.0,2854000000.0,2025-11-04,2025-11-04,0.0,0.0,0.0,0.0,0.0,0.05,99.6236,2026-06-21,,,,,
2025-11-05,102854.0,103313.0,102854.0,295746725149091.0,2858100000.0,2025-11-05,2025-11-05,0.0,0.0,0.0,0.0,0.0,0.05,99.6236,2026-06-21,,,,,
2025-11-06,102850.0,103309.0,102850.0,295735501014006.0,2858100000.0,2025-11-06,2025-11-06,0.0,0.0,0.0,0.0,0.0,0.05,99.6236,2026-06-21,,,,,
2025-11-07,102846.0,103305.0,102846.0,295724276878921.0,2858100000.0,2025-11-07,2025-11-07,0.0,0.0,0.0,0.0,0.0,0.05,99.6236,2026-06-21,,,,,
2025-11-08,102426.0,102883.0,102426.0,294752805024717.0,2860400000.0,2025-11-08,2025-11-08,0.0,0.0,0.0,0.0,0.0,0.05,99.6236,2026-06-21,,,,,
2025-11-09,102450.0,102908.0,102450.0,295917154593020.0,2871100000.0,2025-11-09,2025-11-09,0.0,0.0,0.0,0.0,0.0,0.02,99.6236,2026-06-21,,,,,
2025-11-10,103561.0,104024.0,103561.0,299676322483186.0,2876400000.0,2025-11-10,2025-11-10,0.0,0.0,0.0,0.0,0.0,0.02,99.6236,2026-06-21,,,,,
2025-11-11,107838.0,108321.0,107838.0,313368238360512.0,2888600000.0,2025-11-11,2025-11-11,0.0,0.0,0.0,0.0,0.0,0.04,99.6236,2026-06-21,,,,,
2025-11-12,110916.0,111412.0,110916.0,324663747571115.0,2909800000.0,2025-11-12,2025-11-12,0.0,0.0,0.0,0.0,0.0,0.04,99.6236,2026-06-21,,,,,
2025-11-13,110912.0,111408.0,110912.0,324651678697625.0,2909800000.0,2025-11-13,2025-11-13,0.0,0.0,0.0,0.0,0.0,0.04,99.6236,2026-06-21,,,,,
2025-11-14,110908.0,111404.0,110908.0,324639609824135.0,2909800000.0,2025-11-14,2025-11-14,0.0,0.0,0.0,0.0,0.0,0.04,99.6236,2026-06-21,,,,,
2025-11-15,109697.0,110081.0,109697.0,323443376426309.0,2931200000.0,2025-11-15,2025-11-15,0.0,0.0,0.0,0.0,0.0,0.04,99.6236,2026-06-21,,,,,
2025-11-16,107933.0,108426.0,107933.0,320572222396654.0,2952800000.0,2025-11-16,2025-11-16,0.0,0.0,0.0,0.0,0.0,0.04,99.6236,2026-06-21,,,,,
2025-11-17,108856.0,109354.0,108856.0,325044454119721.0,2968700000.0,2025-11-17,2025-11-17,0.0,0.0,0.0,0.0,0.0,0.04,99.6236,2026-06-21,,,,,
2025-11-18,108671.0,109169.0,108671.0,326015626879624.0,2982700000.0,2025-11-18,2025-11-18,0.0,0.0,0.0,0.0,0.0,0.04,99.6236,2026-06-21,,,,,
2025-11-19,110304.0,110809.0,110304.0,330914202271086.0,2982700000.0,2025-11-19,2025-11-19,0.0,0.0,0.0,0.01,0.0,0.04,99.6236,2026-06-21,,,,,
2025-11-20,110300.0,110805.0,110300.0,330901827804624.0,2982700000.0,2025-11-20,2025-11-20,0.0,0.0,0.0,0.01,0.0,0.04,99.6236,2026-06-21,,,,,
2025-11-21,110296.0,110801.0,110296.0,330889528520588.0,2982700000.0,2025-11-21,2025-11-21,0.0,0.0,0.0,0.01,0.0,0.04,99.6236,2026-06-21,,,,,
2025-11-22,108342.0,108838.0,108342.0,325026584828793.0,2982700000.0,2025-11-22,2025-11-22,0.0,0.0,0.0,0.01,0.0,0.04,99.6236,2026-06-21,,,,,
2025-11-23,109383.0,109884.0,109383.0,328150311258613.0,2982700000.0,2025-11-23,2025-11-23,0.0,0.0,0.0,0.01,0.0,0.04,99.6236,2026-06-21,,,,,
2025-11-24,109379.0,109880.0,109379.0,328138154863698.0,2982700000.0,2025-11-24,2025-11-24,0.0,0.0,0.0,0.01,0.0,0.04,99.6236,2026-06-21,,,,,
2025-11-25,110072.0,110577.0,110072.0,330218760780566.0,2982700000.0,2025-11-25,2025-11-25,0.0,0.0,0.0,0.01,0.0,0.04,99.6236,2026-06-21,,,,,
2025-11-26,110595.0,111101.0,110595.0,331785470136918.0,2982700000.0,2025-11-26,2025-11-26,0.0,0.0,0.0,0.01,0.0,0.04,99.6236,2026-06-21,,,,,
2025-11-27,110591.0,111097.0,110591.0,331773137607712.0,2982700000.0,2025-11-27,2025-11-27,0.0,0.0,0.0,0.01,0.0,0.04,99.6236,2026-06-21,,,,,
2025-11-28,110586.0,111093.0,110586.0,331760805078506.0,2982700000.0,2025-11-28,2025-11-28,0.0,0.0,0.0,0.01,0.0,0.04,99.6236,2026-06-21,,,,,
2025-11-29,114358.0,114882.0,114358.0,343075662733064.0,2982700000.0,2025-11-29,2025-11-29,0.0,0.0,0.0,0.0,0.0,0.03,99.6236,2026-06-21,,,,,
2025-11-30,116302.0,116838.0,116302.0,348906187447926.0,2982700000.0,2025-11-30,2025-11-30,0.0,0.0,0.0,0.0,0.0,0.02,99.6236,2026-06-21,,,,,
2025-12-01,120159.0,120713.0,120159.0,360477310400470.0,2982700000.0,2025-12-01,2025-12-01,0.0,0.0,0.0,0.0,0.0,0.02,99.6236,2026-06-21,,,,,
2025-12-02,118933.0,119481.0,118933.0,356799579223135.0,2982700000.0,2025-12-02,2025-12-02,0.0,0.0,0.0,0.0,0.0,0.02,99.6236,2026-06-21,,,,,
2025-12-03,120564.0,121123.0,120564.0,361694628686174.0,2982700000.0,2025-12-03,2025-12-03,0.0,0.0,0.0,0.0,0.0,0.02,99.6236,2026-06-21,,,,,
2025-12-04,120560.0,121119.0,120560.0,361681473670048.0,2982700000.0,2025-12-04,2025-12-04,0.0,0.0,0.0,0.0,0.0,0.02,99.6236,2026-06-21,,,,,
2025-12-05,120556.0,121114.0,120556.0,361668318653922.0,2982700000.0,2025-12-05,2025-12-05,0.0,0.0,0.0,0.0,0.0,0.02,99.6236,2026-06-21,,,,,
2025-12-06,121860.0,122425.0,121860.0,365581245751947.0,2982700000.0,2025-12-06,2025-12-06,0.0,0.0,0.0,0.0,0.0,0.02,99.6236,2026-06-21,,,,,
2025-12-07,122240.0,122807.0,122240.0,366722834759426.0,2982700000.0,2025-12-07,2025-12-07,0.0,0.0,0.0,0.0,0.0,0.02,99.6236,2026-06-21,,,,,
2025-12-08,122907.0,123476.0,122907.0,368722243771077.0,2982700000.0,2025-12-08,2025-12-08,0.0,0.0,0.0,0.0,0.0,0.02,99.6236,2026-06-21,,,,,
2025-12-09,119774.0,120328.0,119774.0,359323771874982.0,2982700000.0,2025-12-09,2025-12-09,0.0,0.0,0.0,0.11,0.0,0.01,99.6236,2026-06-21,,,,,
2025-12-10,122863.0,123431.0,122863.0,368589679639545.0,2982700000.0,2025-12-10,2025-12-10,0.0,0.0,0.0,0.07,0.0,0.01,99.6236,2026-06-21,,,,,
2025-12-11,122858.0,123427.0,122858.0,368576343346378.0,2982700000.0,2025-12-11,2025-12-11,0.0,0.0,0.0,0.07,0.0,0.01,99.6236,2026-06-21,,,,,
2025-12-12,122854.0,123422.0,122854.0,368563007053211.0,2982700000.0,2025-12-12,2025-12-12,0.0,0.0,0.0,0.07,0.0,0.01,99.6236,2026-06-21,,,,,
2025-12-13,128530.0,129125.0,128530.0,384178980908902.0,2971700000.0,2025-12-13,2025-12-13,0.0,0.0,0.0,0.43,0.0,0.02,99.6236,2026-06-21,,,,,
2025-12-14,127111.0,127699.0,127111.0,379937071166103.0,2971700000.0,2025-12-14,2025-12-14,0.0,0.0,0.0,0.0,0.0,0.08,99.6236,2026-06-21,,,,,
2025-12-15,127685.0,128276.0,127685.0,381652077514610.0,2971700000.0,2025-12-15,2025-12-15,0.0,0.0,0.0,0.16,0.0,0.18,99.6236,2026-06-21,,,,,
2025-12-16,124642.0,125219.0,124642.0,371872355249053.0,2966200000.0,2025-12-16,2025-12-16,0.0,0.0,0.0,0.19,0.0,0.08,99.6236,2026-06-21,,,,,
2025-12-17,132102.0,132714.0,132102.0,392742095176338.0,2955700000.0,2025-12-17,2025-12-17,0.0,0.0,0.0,0.52,0.0,0.0,99.6236,2026-06-21,,,,,
2025-12-18,132098.0,132709.0,132098.0,392728131559388.0,2955700000.0,2025-12-18,2025-12-18,0.0,0.0,0.0,0.52,0.0,0.0,99.6236,2026-06-21,,,,,
2025-12-19,132093.0,132704.0,132093.0,392714167942437.0,2955700000.0,2025-12-19,2025-12-19,0.0,0.0,0.0,0.52,0.0,0.0,99.6236,2026-06-21,,,,,
2025-12-20,133240.0,133857.0,133240.0,396124401697373.0,2955700000.0,2025-12-20,2025-12-20,0.0,0.0,0.0,0.38,0.0,0.0,99.6236,2026-06-21,,,,,
2025-12-21,130464.0,131068.0,130464.0,387872214498813.0,2955700000.0,2025-12-21,2025-12-21,0.0,0.0,0.0,0.39,0.0,0.0,99.6236,2026-06-21,,,,,
2025-12-22,134622.0,135245.0,134622.0,400232948408356.0,2955700000.0,2025-12-22,2025-12-22,0.0,0.0,0.0,0.07,0.0,0.1,99.6236,2026-06-21,,,,,
2025-12-23,138330.0,138971.0,138330.0,411257834471606.0,2955700000.0,2025-12-23,2025-12-23,0.0,0.0,0.0,0.07,0.0,0.1,99.6236,2026-06-21,,,,,
2025-12-24,142506.0,143165.0,142506.0,423670454290919.0,2955700000.0,2025-12-24,2025-12-24,0.0,0.0,0.0,0.11,0.0,0.09,99.6236,2026-06-21,,,,,
2025-12-25,142501.0,143160.0,142501.0,423655649175071.0,2955700000.0,2025-12-25,2025-12-25,0.0,0.0,0.0,0.11,0.0,0.09,99.6236,2026-06-21,,,,,
2025-12-26,142496.0,143155.0,142496.0,423640844059223.0,2955700000.0,2025-12-26,2025-12-26,0.0,0.0,0.0,0.11,0.0,0.09,99.6236,2026-06-21,,,,,
2025-12-27,147236.0,147917.0,147236.0,437733745150503.0,2955700000.0,2025-12-27,2025-12-27,0.0,0.0,0.0,0.2,0.0,0.09,99.6236,2026-06-21,,,,,
2025-12-28,147020.0,147700.0,147020.0,437093413795111.0,2955700000.0,2025-12-28,2025-12-28,0.0,0.0,0.0,0.07,0.0,0.22,99.6236,2026-06-21,,,,,
2025-12-29,136396.0,137026.0,136396.0,405507813214845.0,2955700000.0,2025-12-29,2025-12-29,0.0,0.0,0.0,0.08,0.0,0.24,99.6236,2026-06-21,,,,,
2025-12-30,142982.0,143643.0,142982.0,423169795527207.0,2942300000.0,2025-12-30,2025-12-30,0.0,0.0,0.0,0.38,0.0,0.23,99.6236,2026-06-21,,,,,
2025-12-31,137130.0,137762.0,137130.0,404342968399695.0,2931300000.0,2025-12-31,2025-12-31,0.0,0.0,0.0,0.79,0.0,0.0,99.6236,2026-06-21,,,,,
2026-01-01,137125.0,137757.0,137125.0,404327402692996.0,2931300000.0,2026-01-01,2026-01-01,0.0,0.0,0.0,0.75,0.0,0.03,99.6236,2026-06-21,,,,,
2026-01-02,137119.0,137752.0,137119.0,404311836986297.0,2931300000.0,2026-01-02,2026-01-02,0.0,0.0,0.0,0.75,0.0,0.03,99.6236,2026-06-21,,,,,
2026-01-03,137114.0,137747.0,137114.0,404296271279598.0,2931300000.0,2026-01-03,2026-01-03,0.0,0.0,0.0,0.75,0.0,0.03,99.6236,2026-06-21,,,,,
2026-01-04,143139.0,143799.0,143139.0,422060402844754.0,2931300000.0,2026-01-04,2026-01-04,0.0,0.0,0.0,0.37,0.0,0.03,99.6236,2026-06-21,,,,,
2026-01-05,148929.0,149616.0,148929.0,439132372091901.0,2931300000.0,2026-01-05,2026-01-05,0.0,0.0,0.0,0.35,0.0,0.03,99.6236,2026-06-21,,,,,
2026-01-06,156786.0,157510.0,156786.0,462301252951433.0,2931300000.0,2026-01-06,2026-01-06,0.0,0.0,0.0,0.07,0.0,0.3,99.6236,2026-06-21,,,,,
2026-01-07,155763.0,156482.0,155763.0,459285336850470.0,2931300000.0,2026-01-07,2026-01-07,0.0,0.0,0.0,0.07,0.0,0.3,99.6236,2026-06-21,,,,,
2026-01-08,155758.0,156477.0,155758.0,459268262848624.0,2931300000.0,2026-01-08,2026-01-08,0.0,0.0,0.0,0.07,0.0,0.3,99.6236,2026-06-21,,,,,
2026-01-09,155752.0,156471.0,155752.0,459251188846778.0,2931300000.0,2026-01-09,2026-01-09,0.0,0.0,0.0,0.07,0.0,0.3,99.6236,2026-06-21,,,,,
2026-01-10,145357.0,146028.0,145357.0,428600305324353.0,2931300000.0,2026-01-10,2026-01-10,0.0,0.0,0.0,0.07,0.0,0.32,99.6236,2026-06-21,,,,,
2026-01-11,152413.0,153117.0,152413.0,449406818295635.0,2931300000.0,2026-01-11,2026-01-11,0.0,0.0,0.0,0.07,0.0,0.31,99.6236,2026-06-21,,,,,
2026-01-12,151038.0,151735.0,151038.0,444595484734374.0,2926300000.0,2026-01-12,2026-01-12,0.0,0.0,0.0,0.24,0.0,0.31,99.6236,2026-06-21,,,,,
2026-01-13,148480.0,149165.0,148480.0,437066716593917.0,2926300000.0,2026-01-13,2026-01-13,0.0,0.0,0.0,0.07,0.0,0.32,99.6236,2026-06-21,,,,,
2026-01-14,150248.0,150942.0,150248.0,442272753474714.0,2926300000.0,2026-01-14,2026-01-14,0.0,0.0,0.0,0.07,0.0,0.31,99.6236,2026-06-21,,,,,
2026-01-15,150243.0,150937.0,150243.0,442256152478644.0,2926300000.0,2026-01-15,2026-01-15,0.0,0.0,0.0,0.07,0.0,0.31,99.6236,2026-06-21,,,,,
2026-01-16,150237.0,150931.0,150237.0,442239551482574.0,2926300000.0,2026-01-16,2026-01-16,0.0,0.0,0.0,0.07,0.0,0.31,99.6236,2026-06-21,,,,,
2026-01-17,150232.0,150925.0,150232.0,442222950486504.0,2926300000.0,2026-01-17,2026-01-17,0.0,0.0,0.0,0.07,0.0,0.31,99.6236,2026-06-21,,,,,
2026-01-18,145940.0,146614.0,145940.0,429590796044280.0,2926300000.0,2026-01-18,2026-01-18,0.0,0.0,0.0,0.07,0.0,0.32,99.6236,2026-06-21,,,,,
2026-01-19,147211.0,147891.0,147211.0,433330982784862.0,2926300000.0,2026-01-19,2026-01-19,0.0,0.0,0.0,0.07,0.0,0.32,99.6236,2026-06-21,,,,,
2026-01-20,148943.0,149631.0,148943.0,438431184905634.0,2926300000.0,2026-01-20,2026-01-20,0.0,0.0,0.0,0.07,0.0,0.31,99.6236,2026-06-21,,,,,
2026-01-21,153007.0,153714.0,153007.0,450392066454733.0,2926300000.0,2026-01-21,2026-01-21,0.0,0.0,0.0,0.07,0.0,0.31,99.6236,2026-06-21,,,,,
2026-01-22,153001.0,153708.0,153001.0,450375229458467.0,2926300000.0,2026-01-22,2026-01-22,0.0,0.0,0.0,0.07,0.0,0.31,99.6236,2026-06-21,,,,,
2026-01-23,152995.0,153702.0,152995.0,450358392462201.0,2926300000.0,2026-01-23,2026-01-23,0.0,0.0,0.0,0.07,0.0,0.31,99.6236,2026-06-21,,,,,
2026-01-24,156890.0,157615.0,156890.0,461822964173536.0,2926300000.0,2026-01-24,2026-01-24,0.0,0.0,0.0,0.07,0.0,0.3,99.6236,2026-06-21,,,,,
2026-01-25,158201.0,158932.0,158201.0,465681738215310.0,2926300000.0,2026-01-25,2026-01-25,0.0,0.0,0.0,0.07,0.0,0.3,99.6236,2026-06-21,,,,,
2026-01-26,165055.0,165821.0,165055.0,485856785039077.0,2926300000.0,2026-01-26,2026-01-26,0.0,0.0,0.0,0.06,0.0,0.28,99.6236,2026-06-21,,,,,
2026-01-27,177121.0,177943.0,177121.0,521374122303644.0,2926300000.0,2026-01-27,2026-01-27,0.0,0.0,0.0,0.06,0.0,0.26,99.6236,2026-06-21,,,,,
2026-01-28,188634.0,189510.0,188634.0,553245327073654.0,2915600000.0,2026-01-28,2026-01-28,0.0,0.0,0.0,0.34,0.0,0.24,99.6236,2026-06-21,,,,,
2026-01-29,188627.0,189503.0,188627.0,553225684216479.0,2915600000.0,2026-01-29,2026-01-29,0.0,0.0,0.0,0.34,0.0,0.24,99.6236,2026-06-21,,,,,
2026-01-30,188620.0,189496.0,188620.0,553206025501622.0,2915600000.0,2026-01-30,2026-01-30,0.0,0.0,0.0,0.34,0.0,0.24,99.6236,2026-06-21,,,,,
2026-01-31,180405.0,181242.0,180405.0,528100969937435.0,2910000000.0,2026-01-31,2026-01-31,0.0,0.0,0.0,0.24,0.0,0.18,99.6236,2026-06-21,,,,,
2026-02-01,175489.0,176303.0,175489.0,513200295219346.0,2907100000.0,2026-02-01,2026-02-01,0.0,0.0,0.0,0.16,0.0,0.19,99.6236,2026-06-21,,,,,
2026-02-02,165649.0,166416.0,165649.0,484425131343341.0,2907100000.0,2026-02-02,2026-02-02,0.0,0.0,0.0,0.28,0.0,0.2,99.6236,2026-06-21,,,,,
2026-02-03,175254.0,176067.0,175254.0,510430139448434.0,2895200000.0,2026-02-03,2026-02-03,0.0,0.0,0.0,0.26,0.0,0.19,99.6236,2026-06-21,,,,,
2026-02-04,175248.0,176061.0,175248.0,510411686783297.0,2895200000.0,2026-02-04,2026-02-04,0.0,0.0,0.0,0.26,0.0,0.19,99.6236,2026-06-21,,,,,
2026-02-05,175242.0,176055.0,175242.0,510393234118160.0,2895200000.0,2026-02-05,2026-02-05,0.0,0.0,0.0,0.26,0.0,0.19,99.6236,2026-06-21,,,,,
2026-02-06,175235.0,176048.0,175235.0,510374781453023.0,2895200000.0,2026-02-06,2026-02-06,0.0,0.0,0.0,0.26,0.0,0.19,99.6236,2026-06-21,,,,,
2026-02-07,174919.0,175730.0,174919.0,507932173258115.0,2886500000.0,2026-02-07,2026-02-07,0.0,0.0,0.0,0.45,0.0,0.19,99.6236,2026-06-21,,,,,
2026-02-08,180207.0,181043.0,180207.0,521503390022749.0,2876600000.0,2026-02-08,2026-02-08,0.0,0.0,0.0,0.68,0.0,0.18,99.6236,2026-06-21,,,,,
2026-02-09,184309.0,185164.0,184309.0,533371880501413.0,2876600000.0,2026-02-09,2026-02-09,0.0,0.0,0.0,0.06,0.0,0.18,99.6236,2026-06-21,,,,,
2026-02-10,186086.0,186949.0,186086.0,538142838287705.0,2874600000.0,2026-02-10,2026-02-10,0.0,0.0,0.0,0.13,0.0,0.18,99.6236,2026-06-21,,,,,
2026-02-11,186079.0,186943.0,186079.0,538123654955235.0,2874600000.0,2026-02-11,2026-02-11,0.0,0.0,0.0,0.13,0.0,0.18,99.6236,2026-06-21,,,,,
2026-02-12,186072.0,186936.0,186072.0,538104471622765.0,2874600000.0,2026-02-12,2026-02-12,0.0,0.0,0.0,0.13,0.0,0.18,99.6236,2026-06-21,,,,,
2026-02-13,186066.0,186929.0,186066.0,538085288290295.0,2874600000.0,2026-02-13,2026-02-13,0.0,0.0,0.0,0.13,0.0,0.18,99.6236,2026-06-21,,,,,
2026-02-14,181366.0,182208.0,181366.0,522625397161640.0,2864300000.0,2026-02-14,2026-02-14,0.0,0.0,0.0,0.42,0.0,0.18,99.6236,2026-06-21,,,,,
2026-02-15,184478.0,185335.0,184478.0,530338497155754.0,2857500000.0,2026-02-15,2026-02-15,0.0,0.0,0.0,0.07,0.0,0.26,99.6236,2026-06-21,,,,,
2026-02-16,180573.0,181412.0,180573.0,519112582293389.0,2857500000.0,2026-02-16,2026-02-16,0.0,0.0,0.0,0.0,0.0,0.1,99.6236,2026-06-21,,,,,
2026-02-17,182343.0,183191.0,182343.0,523508429402013.0,2853700000.0,2026-02-17,2026-02-17,0.0,0.0,0.0,0.12,0.0,0.1,99.6236,2026-06-21,,,,,
2026-02-18,181861.0,182706.0,181861.0,521123576757693.0,2848200000.0,2026-02-18,2026-02-18,0.0,0.0,0.0,0.18,0.0,0.1,99.6236,2026-06-21,,,,,
2026-02-19,181855.0,182700.0,181855.0,521106990618702.0,2848200000.0,2026-02-19,2026-02-19,0.0,0.0,0.0,0.18,0.0,0.1,99.6236,2026-06-21,,,,,
2026-02-20,181848.0,182694.0,181848.0,521088294746261.0,2848200000.0,2026-02-20,2026-02-20,0.0,0.0,0.0,0.18,0.0,0.1,99.6236,2026-06-21,,,,,
2026-02-21,186751.0,187620.0,186751.0,532131109989141.0,2832100000.0,2026-02-21,2026-02-21,0.0,0.0,0.0,0.6,0.0,0.1,99.6236,2026-06-21,,,,,
2026-02-22,187934.0,188808.0,187934.0,534298978563010.0,2825700000.0,2026-02-22,2026-02-22,0.0,0.0,0.0,0.35,0.0,0.09,99.6236,2026-06-21,,,,,
2026-02-23,186436.0,187302.0,186436.0,526497017288205.0,2806700000.0,2026-02-23,2026-02-23,0.0,0.0,0.0,0.65,0.0,0.1,99.6236,2026-06-21,,,,,
2026-02-24,188458.0,189334.0,188458.0,530191379370384.0,2796000000.0,2026-02-24,2026-02-24,0.0,0.0,0.0,0.36,0.0,0.1,99.6236,2026-06-21,,,,,
2026-02-25,182332.0,183178.0,182332.0,512590977175277.0,2794000000.0,2026-02-25,2026-02-25,0.0,0.0,0.0,0.08,0.0,0.1,99.6236,2026-06-21,,,,,
2026-02-26,182325.0,183172.0,182325.0,512572595356553.0,2794000000.0,2026-02-26,2026-02-26,0.0,0.0,0.0,0.08,0.0,0.1,99.6236,2026-06-21,,,,,
2026-02-27,182319.0,183165.0,182319.0,512554213537829.0,2794000000.0,2026-02-27,2026-02-27,0.0,0.0,0.0,0.08,0.0,0.1,99.6236,2026-06-21,,,,,
2026-02-28,182312.0,183159.0,182312.0,512535831736408.0,2794000000.0,2026-02-28,2026-02-28,0.0,0.0,0.0,0.08,0.0,0.1,99.6236,2026-06-21,,,,,
2026-03-01,182306.0,183152.0,182306.0,512517449917684.0,2794000000.0,2026-03-01,2026-03-01,0.0,0.0,0.0,0.08,0.0,0.1,99.6236,2026-06-21,,,,,
2026-03-02,182299.0,183145.0,182299.0,512499068098960.0,2794000000.0,2026-03-02,2026-03-02,0.0,0.0,0.0,0.08,0.0,0.1,99.6236,2026-06-21,,,,,
2026-03-03,182293.0,183139.0,182293.0,512480686280236.0,2794000000.0,2026-03-03,2026-03-03,0.0,0.0,0.0,0.08,0.0,0.1,99.6236,2026-06-21,,,,,
2026-03-04,182286.0,183132.0,182286.0,512462304461512.0,2794000000.0,2026-03-04,2026-03-04,0.0,0.0,0.0,0.08,0.0,0.1,99.6236,2026-06-21,,,,,
2026-03-05,182280.0,183126.0,182280.0,512443922642788.0,2794000000.0,2026-03-05,2026-03-05,0.0,0.0,0.0,0.08,0.0,0.1,99.6236,2026-06-21,,,,,
2026-03-06,182273.0,183119.0,182273.0,512425540824064.0,2794000000.0,2026-03-06,2026-03-06,0.0,0.0,0.0,0.08,0.0,0.1,99.6236,2026-06-21,,,,,
2026-03-07,182266.0,183113.0,182266.0,512407159005340.0,2794000000.0,2026-03-07,2026-03-07,0.0,0.0,0.0,0.08,0.0,0.1,99.6236,2026-06-21,,,,,
2026-03-08,182260.0,183106.0,182260.0,512388777186616.0,2794000000.0,2026-03-08,2026-03-08,0.0,0.0,0.0,0.08,0.0,0.1,99.6236,2026-06-21,,,,,
2026-03-09,182262.0,183108.0,182262.0,512394034457892.0,2794000000.0,2026-03-09,2026-03-09,0.0,0.0,0.0,0.0,0.0,0.17,99.6236,2026-06-21,,,,,
2026-03-10,182255.0,183102.0,182255.0,512375652639168.0,2794000000.0,2026-03-10,2026-03-10,0.0,0.0,0.0,0.0,0.0,0.17,99.6236,2026-06-21,,,,,
2026-03-11,182249.0,183095.0,182249.0,512357270820444.0,2794000000.0,2026-03-11,2026-03-11,0.0,0.0,0.0,0.0,0.0,0.17,99.6236,2026-06-21,,,,,
2026-03-12,182242.0,183088.0,182242.0,512338889001720.0,2794000000.0,2026-03-12,2026-03-12,0.0,0.0,0.0,0.0,0.0,0.17,99.6236,2026-06-21,,,,,
2026-03-13,182236.0,183082.0,182236.0,512320507182996.0,2794000000.0,2026-03-13,2026-03-13,0.0,0.0,0.0,0.0,0.0,0.17,99.6236,2026-06-21,,,,,
2026-03-14,182229.0,183075.0,182229.0,512302125364272.0,2794000000.0,2026-03-14,2026-03-14,0.0,0.0,0.0,0.0,0.0,0.17,99.6236,2026-06-21,,,,,
2026-03-15,167759.0,168539.0,167759.0,471522853460369.0,2793400000.0,2026-03-15,2026-03-15,0.0,0.0,0.0,0.0,0.0,0.19,99.6236,2026-06-21,,,,,
2026-03-16,155141.0,155861.0,155141.0,435341392986471.0,2788800000.0,2026-03-16,2026-03-16,0.0,0.0,0.0,0.33,0.0,0.1,99.6236,2026-06-21,,,,,
2026-03-17,168301.0,169083.0,168301.0,471564269673850.0,2784600000.0,2026-03-17,2026-03-17,0.0,0.0,0.0,0.13,0.0,0.1,99.6236,2026-06-21,,,,,
2026-03-18,179698.0,180533.0,179698.0,503101387114715.0,2782400000.0,2026-03-18,2026-03-18,0.0,0.0,0.0,0.13,0.0,0.0,99.6236,2026-06-21,,,,,
2026-03-19,179691.0,180527.0,179691.0,503083274239737.0,2782400000.0,2026-03-19,2026-03-19,0.0,0.0,0.0,0.13,0.0,0.0,99.6236,2026-06-21,,,,,
2026-03-20,179685.0,180520.0,179685.0,503065165865144.0,2782400000.0,2026-03-20,2026-03-20,0.0,0.0,0.0,0.13,0.0,0.0,99.6236,2026-06-21,,,,,
2026-03-21,179678.0,180514.0,179678.0,503047130955006.0,2782400000.0,2026-03-21,2026-03-21,0.0,0.0,0.0,0.13,0.0,0.0,99.6236,2026-06-21,,,,,
2026-03-22,179672.0,180508.0,179672.0,503029094618440.0,2782400000.0,2026-03-22,2026-03-22,0.0,0.0,0.0,0.13,0.0,0.0,99.6236,2026-06-21,,,,,
2026-03-23,179666.0,180501.0,179666.0,503011058281874.0,2782400000.0,2026-03-23,2026-03-23,0.0,0.0,0.0,0.13,0.0,0.0,99.6236,2026-06-21,,,,,
2026-03-24,179659.0,180495.0,179659.0,502993021945308.0,2782400000.0,2026-03-24,2026-03-24,0.0,0.0,0.0,0.13,0.0,0.0,99.6236,2026-06-21,,,,,
2026-03-25,169401.0,170189.0,169401.0,473442305259096.0,2777500000.0,2026-03-25,2026-03-25,0.0,0.0,0.0,0.18,0.0,0.0,99.6236,2026-06-21,,,,,
2026-03-26,169394.0,170183.0,169394.0,473425085325978.0,2777500000.0,2026-03-26,2026-03-26,0.0,0.0,0.0,0.18,0.0,0.0,99.6236,2026-06-21,,,,,
2026-03-27,169388.0,170176.0,169388.0,473407865392860.0,2777500000.0,2026-03-27,2026-03-27,0.0,0.0,0.0,0.18,0.0,0.0,99.6236,2026-06-21,,,,,
2026-03-28,168140.0,168922.0,168140.0,469432073447915.0,2774600000.0,2026-03-28,2026-03-28,0.0,0.0,0.0,0.12,0.0,0.0,99.6236,2026-06-21,,,,,
2026-03-29,164608.0,165373.0,164608.0,458861934048894.0,2770300000.0,2026-03-29,2026-03-29,0.0,0.0,0.0,0.17,0.0,0.0,99.6236,2026-06-21,,,,,
2026-03-30,165028.0,165796.0,165028.0,459886053196041.0,2769400000.0,2026-03-30,2026-03-30,0.0,0.0,0.0,0.05,0.0,0.0,99.6236,2026-06-21,,,,,
2026-03-31,170617.0,171411.0,170617.0,474896150677408.0,2766100000.0,2026-03-31,2026-03-31,0.0,0.0,0.0,0.13,0.0,0.0,99.6236,2026-06-21,,,,,
2026-04-01,170611.0,171404.0,170611.0,474878906965965.0,2766100000.0,2026-04-01,2026-04-01,0.0,0.0,0.0,0.13,0.0,0.0,99.6236,2026-06-21,,,,,
2026-04-02,170604.0,171398.0,170604.0,474861663254522.0,2766100000.0,2026-04-02,2026-04-02,0.0,0.0,0.0,0.13,0.0,0.0,99.6236,2026-06-21,,,,,
2026-04-03,170598.0,171392.0,170598.0,474844419543079.0,2766100000.0,2026-04-03,2026-04-03,0.0,0.0,0.0,0.13,0.0,0.0,99.6236,2026-06-21,,,,,
2026-04-04,172365.0,173167.0,172365.0,479761619699481.0,2766100000.0,2026-04-04,2026-04-04,0.0,0.0,0.0,0.02,0.0,0.0,99.6236,2026-06-21,,,,,
2026-04-05,171744.0,172543.0,171744.0,478034711454787.0,2766100000.0,2026-04-05,2026-04-05,0.0,0.0,0.0,0.06,0.0,0.0,99.6236,2026-06-21,,,,,
2026-04-06,172842.0,173646.0,172842.0,480883628211724.0,2764900000.0,2026-04-06,2026-04-06,0.0,0.0,0.0,0.06,0.0,0.0,99.6236,2026-06-21,,,,,
2026-04-07,178716.0,179547.0,178716.0,496510192924738.0,2760900000.0,2026-04-07,2026-04-07,0.0,0.0,0.0,0.17,0.0,0.0,99.6236,2026-06-21,,,,,
2026-04-08,176428.0,177248.0,176428.0,489748456932395.0,2758600000.0,2026-04-08,2026-04-08,0.0,0.0,0.0,0.18,0.0,0.0,99.6236,2026-06-21,,,,,
2026-04-09,176422.0,177242.0,176422.0,489730823433272.0,2758600000.0,2026-04-09,2026-04-09,0.0,0.0,0.0,0.18,0.0,0.0,99.6236,2026-06-21,,,,,
2026-04-10,176416.0,177235.0,176416.0,489713189934149.0,2758600000.0,2026-04-10,2026-04-10,0.0,0.0,0.0,0.18,0.0,0.0,99.6236,2026-06-21,,,,,
2026-04-11,170777.0,171570.0,170777.0,473651764297161.0,2756200000.0,2026-04-11,2026-04-11,0.0,0.0,0.0,0.31,0.0,0.0,99.6236,2026-06-21,,,,,
2026-04-12,171561.0,172358.0,171561.0,475432522272247.0,2753900000.0,2026-04-12,2026-04-12,0.0,0.0,0.0,0.3,0.0,0.0,99.6236,2026-06-21,,,,,
2026-04-13,173844.0,174651.0,173844.0,481496882736249.0,2752400000.0,2026-04-13,2026-04-13,0.0,0.0,0.0,0.27,0.0,0.0,99.6236,2026-06-21,,,,,
2026-04-14,173837.0,174644.0,173837.0,481477603409144.0,2752400000.0,2026-04-14,2026-04-14,0.0,0.0,0.0,0.27,0.0,0.0,99.6236,2026-06-21,,,,,
2026-04-15,168945.0,169729.0,168945.0,466913777042035.0,2746400000.0,2026-04-15,2026-04-15,0.0,0.0,0.0,0.39,0.0,0.0,99.6236,2026-06-21,,,,,
2026-04-16,168938.0,169722.0,168938.0,466894904875450.0,2746400000.0,2026-04-16,2026-04-16,0.0,0.0,0.0,0.39,0.0,0.0,99.6236,2026-06-21,,,,,
2026-04-17,168931.0,169716.0,168931.0,466876032708865.0,2746400000.0,2026-04-17,2026-04-17,0.0,0.0,0.0,0.39,0.0,0.0,99.6236,2026-06-21,,,,,
2026-04-18,166648.0,167423.0,166648.0,460367228445724.0,2745200000.0,2026-04-18,2026-04-18,0.0,0.0,0.0,0.24,0.0,0.0,99.6236,2026-06-21,,,,,
2026-04-19,165473.0,166241.0,165473.0,457119366078041.0,2745200000.0,2026-04-19,2026-04-19,0.0,0.0,0.0,0.21,0.0,0.0,99.6236,2026-06-21,,,,,
2026-04-20,164212.0,164974.0,164212.0,454047927427433.0,2747700000.0,2026-04-20,2026-04-20,0.0,0.0,0.0,0.24,0.0,0.0,99.6236,2026-06-21,,,,,
2026-04-21,164924.0,165690.0,164924.0,455901522034562.0,2747000000.0,2026-04-21,2026-04-21,0.0,0.0,0.0,0.13,0.0,0.23,99.6236,2026-06-21,,,,,
2026-04-22,167866.0,168645.0,167866.0,464134653720213.0,2747600000.0,2026-04-22,2026-04-22,0.0,0.0,0.0,0.1,0.0,0.22,99.6236,2026-06-21,,,,,
2026-04-23,167859.0,168638.0,167859.0,464115875044656.0,2747600000.0,2026-04-23,2026-04-23,0.0,0.0,0.0,0.1,0.0,0.22,99.6236,2026-06-21,,,,,
2026-04-24,167853.0,168631.0,167853.0,464097096369099.0,2747600000.0,2026-04-24,2026-04-24,0.0,0.0,0.0,0.1,0.0,0.22,99.6236,2026-06-21,,,,,
2026-04-25,165773.0,166542.0,165773.0,458098156763708.0,2746100000.0,2026-04-25,2026-04-25,0.0,0.0,0.0,0.08,0.0,0.25,99.6236,2026-06-21,,,,,
2026-04-26,165818.0,166586.0,165818.0,459284431181366.0,2752500000.0,2026-04-26,2026-04-26,0.0,0.0,0.0,0.02,0.0,0.25,99.6236,2026-06-21,,,,,
2026-04-27,174452.0,175259.0,174452.0,484508173634799.0,2760000000.0,2026-04-27,2026-04-27,0.0,0.0,0.0,0.19,0.0,0.24,99.6236,2026-06-21,,,,,
2026-04-28,182295.0,183127.0,182295.0,515405203995884.0,2810000000.0,2026-04-28,2026-04-28,0.0,0.0,0.0,0.02,0.0,0.23,99.6236,2026-06-21,,,,,
2026-04-29,196866.0,197765.0,196866.0,557978570974645.0,2817000000.0,2026-04-29,2026-04-29,0.0,0.0,0.0,0.99,0.0,0.92,99.6236,2026-06-21,,,,,
2026-04-30,196858.0,197757.0,196858.0,557957303072901.0,2817000000.0,2026-04-30,2026-04-30,0.0,0.0,0.0,0.99,0.0,0.92,99.6236,2026-06-21,,,,,
2026-05-01,196851.0,197750.0,196851.0,557936035171157.0,2817000000.0,2026-05-01,2026-05-01,0.0,0.0,0.0,0.99,0.0,0.92,99.6236,2026-06-21,,,,,
2026-05-02,198835.0,199737.0,198835.0,571909350955512.0,2859000000.0,2026-05-02,2026-05-02,0.0,0.0,0.0,0.11,0.0,0.91,99.6236,2026-06-21,,,,,
2026-05-03,203055.0,203976.0,203055.0,589530942745378.0,2886000000.0,2026-05-03,2026-05-03,0.0,0.0,0.0,0.79,0.0,0.88,99.6236,2026-06-21,,,,,
2026-05-04,199813.0,200729.0,199813.0,580119159383093.0,2886000000.0,2026-05-04,2026-05-04,0.0,0.0,0.0,0.76,0.0,0.88,99.6236,2026-06-21,,,,,
2026-05-05,186778.0,187642.0,186778.0,543582690568331.0,2893000000.0,2026-05-05,2026-05-05,0.0,0.0,0.0,0.27,0.0,0.21,99.6236,2026-06-21,,,,,
2026-05-06,187861.0,188728.0,187861.0,549176982010376.0,2906000000.0,2026-05-06,2026-05-06,0.0,0.0,0.0,0.61,0.0,0.21,99.6236,2026-06-21,,,,,
2026-05-07,187854.0,188721.0,187854.0,549155649341963.0,2906000000.0,2026-05-07,2026-05-07,0.0,0.0,0.0,0.61,0.0,0.21,99.6236,2026-06-21,,,,,
2026-05-08,187847.0,188714.0,187847.0,549134316673550.0,2906000000.0,2026-05-08,2026-05-08,0.0,0.0,0.0,0.61,0.0,0.21,99.6236,2026-06-21,,,,,
2026-05-09,187927.0,188795.0,187927.0,551717065185060.0,2918500000.0,2026-05-09,2026-05-09,0.0,0.0,0.0,0.55,0.0,0.21,99.6236,2026-06-21,,,,,
2026-05-10,188194.0,189060.0,188194.0,557996371793523.0,2947700000.0,2026-05-10,2026-05-10,0.0,0.0,0.0,0.27,0.0,0.21,99.6236,2026-06-21,,,,,
2026-05-11,194745.0,195644.0,194745.0,579172976709837.0,2956700000.0,2026-05-11,2026-05-11,0.0,0.0,0.0,0.45,0.0,0.32,99.6236,2026-06-21,,,,,
2026-05-12,191329.0,192214.0,191329.0,570370961130382.0,2963800000.0,2026-05-12,2026-05-12,0.0,0.0,0.0,0.46,0.0,0.2,99.6236,2026-06-21,,,,,
2026-05-13,189977.0,190856.0,189977.0,568279313696339.0,2974000000.0,2026-05-13,2026-05-13,0.0,0.0,0.0,0.43,0.0,0.2,99.6236,2026-06-21,,,,,
2026-05-14,189970.0,190848.0,189970.0,568257294881901.0,2974000000.0,2026-05-14,2026-05-14,0.0,0.0,0.0,0.43,0.0,0.2,99.6236,2026-06-21,,,,,
2026-05-15,189962.0,190841.0,189962.0,568235276067463.0,2974000000.0,2026-05-15,2026-05-15,0.0,0.0,0.0,0.43,0.0,0.2,99.6236,2026-06-21,,,,,
2026-05-16,187394.0,188264.0,187394.0,562445457140789.0,2984100000.0,2026-05-16,2026-05-16,0.0,0.0,0.0,0.04,0.0,0.2,99.6236,2026-06-21,,,,,
2026-05-17,186692.0,187560.0,186692.0,561852557147539.0,2992200000.0,2026-05-17,2026-05-17,0.0,0.0,0.0,0.02,0.0,0.2,99.6236,2026-06-21,,,,,
2026-05-18,182188.0,183034.0,182188.0,549607328571404.0,2999400000.0,2026-05-18,2026-05-18,0.0,0.0,0.0,0.01,0.0,0.21,99.6236,2026-06-21,,,,,
2026-05-19,181804.0,182649.0,181804.0,548449615600673.0,2999400000.0,2026-05-19,2026-05-19,0.0,0.0,0.0,0.07,0.0,0.21,99.6236,2026-06-21,,,,,
2026-05-20,184637.0,185494.0,184637.0,557254379128109.0,3000600000.0,2026-05-20,2026-05-20,0.0,0.0,0.0,0.07,0.0,0.2,99.6236,2026-06-21,,,,,
2026-05-21,184630.0,185487.0,184630.0,557232561084105.0,3000600000.0,2026-05-21,2026-05-21,0.0,0.0,0.0,0.07,0.0,0.2,99.6236,2026-06-21,,,,,
2026-05-22,184623.0,185480.0,184623.0,557210735714497.0,3000600000.0,2026-05-22,2026-05-22,0.0,0.0,0.0,0.07,0.0,0.2,99.6236,2026-06-21,,,,,
2026-05-23,180848.0,181688.0,180848.0,544806971784871.0,2995000000.0,2026-05-23,2026-05-23,0.0,0.0,0.0,0.29,0.0,0.21,99.6236,2026-06-21,,,,,
2026-05-24,170884.0,171678.0,170884.0,514790368184456.0,2995000000.0,2026-05-24,2026-05-24,0.0,0.0,0.0,0.11,0.0,0.22,99.6236,2026-06-21,,,,,
2026-05-25,174059.0,174868.0,174059.0,520890894409889.0,2975100000.0,2026-05-25,2026-05-25,0.0,0.0,0.0,0.66,0.0,0.22,99.6236,2026-06-21,,,,,
2026-05-26,173144.0,173949.0,173144.0,517147432549778.0,2969300000.0,2026-05-26,2026-05-26,0.0,0.0,0.0,0.2,0.0,0.19,99.6236,2026-06-21,,,,,
2026-05-27,173137.0,173942.0,173137.0,517126766586763.0,2969300000.0,2026-05-27,2026-05-27,0.0,0.0,0.0,0.2,0.0,0.19,99.6236,2026-06-21,,,,,
2026-05-28,173130.0,173935.0,173130.0,517106100623748.0,2969300000.0,2026-05-28,2026-05-28,0.0,0.0,0.0,0.2,0.0,0.19,99.6236,2026-06-21,,,,,
2026-05-29,173123.0,173928.0,173123.0,517085434660733.0,2969300000.0,2026-05-29,2026-05-29,0.0,0.0,0.0,0.2,0.0,0.19,99.6236,2026-06-21,,,,,
2026-05-30,171235.0,172031.0,171235.0,508449291232940.0,2951800000.0,2026-05-30,2026-05-30,0.0,0.0,0.0,0.59,0.0,0.2,99.6236,2026-06-21,,,,,
2026-05-31,173110.0,173915.0,173110.0,513706597336849.0,2950000000.0,2026-05-31,2026-05-31,0.0,0.0,0.0,0.07,0.0,0.2,99.6236,2026-06-21,,,,,
2026-06-01,177814.0,178640.0,177814.0,527663797981970.0,2950000000.0,2026-06-01,2026-06-01,0.0,0.0,0.0,0.01,0.0,0.19,99.6236,2026-06-21,,,,,
2026-06-02,176303.0,177123.0,176303.0,523181966223708.0,2950000000.0,2026-06-02,2026-06-02,0.0,0.0,0.0,0.01,0.0,0.19,99.6236,2026-06-21,,,,,
2026-06-03,175747.0,176563.0,175747.0,522145673495431.0,2953500000.0,2026-06-03,2026-06-03,0.0,0.0,0.0,0.01,0.0,0.19,99.6236,2026-06-21,,,,,
2026-06-04,175740.0,176556.0,175740.0,522124918955036.0,2953500000.0,2026-06-04,2026-06-04,0.0,0.0,0.0,0.01,0.0,0.19,99.6236,2026-06-21,,,,,
2026-06-05,175733.0,176549.0,175733.0,522104164414641.0,2953500000.0,2026-06-05,2026-06-05,0.0,0.0,0.0,0.01,0.0,0.19,99.6236,2026-06-21,,,,,
2026-06-06,171419.0,172214.0,171419.0,510109554387872.0,2958300000.0,2026-06-06,2026-06-06,0.0,0.0,0.0,0.08,0.0,0.2,99.6236,2026-06-21,,,,,
2026-06-07,176319.0,177137.0,176319.0,524690682655184.0,2958300000.0,2026-06-07,2026-06-07,0.0,0.0,0.0,0.23,0.0,0.19,99.6236,2026-06-21,,,,,
2026-06-08,173962.0,174771.0,173962.0,517154823200323.0,2955300000.0,2026-06-08,2026-06-08,0.0,0.0,0.0,0.11,0.0,0.19,99.6236,2026-06-21,,,,,
2026-06-09,171926.0,172726.0,171926.0,511102285978081.0,2955300000.0,2026-06-09,2026-06-09,0.0,0.0,0.0,0.01,0.0,0.2,99.6236,2026-06-21,,,,,
2026-06-10,171239.0,172036.0,171239.0,509060828926623.0,2955300000.0,2026-06-10,2026-06-10,0.0,0.0,0.0,0.01,0.0,0.2,99.6236,2026-06-21,,,,,
2026-06-11,171232.0,172029.0,171232.0,509040410979690.0,2955300000.0,2026-06-11,2026-06-11,0.0,0.0,0.0,0.01,0.0,0.2,99.6236,2026-06-21,,,,,
2026-06-12,171225.0,172022.0,171225.0,509019993032757.0,2955300000.0,2026-06-12,2026-06-12,0.0,0.0,0.0,0.01,0.0,0.2,99.6236,2026-06-21,,,,,
2026-06-13,163849.0,164613.0,163849.0,486273393238413.0,2950300000.0,2026-06-13,2026-06-13,0.0,0.0,0.0,0.01,0.0,0.21,99.6236,2026-06-21,,,,,
2026-06-14,165005.0,165774.0,165005.0,489703686035793.0,2950300000.0,2026-06-14,2026-06-14,0.0,0.0,0.0,0.01,0.0,0.04,99.6236,2026-06-21,,,,,
2026-06-15,160030.0,160776.0,160030.0,474937233701799.0,2950300000.0,2026-06-15,2026-06-15,0.0,0.0,0.0,0.01,0.0,0.04,99.6236,2026-06-21,,,,,
2026-06-16,152100.0,152810.0,152100.0,451403615506414.0,2950300000.0,2026-06-16,2026-06-16,0.0,0.0,0.0,0.01,0.0,0.04,99.6236,2026-06-21,,,,,
2026-06-17,153921.0,154639.0,153921.0,456809242882707.0,2950300000.0,2026-06-17,2026-06-17,0.0,0.0,0.0,0.01,0.0,0.04,99.6236,2026-06-21,,,,,
2026-06-18,153915.0,154633.0,153915.0,456790247042378.0,2950300000.0,2026-06-18,2026-06-18,0.0,0.0,0.0,0.01,0.0,0.04,99.6236,2026-06-21,,,,,
2026-06-19,153909.0,154627.0,153909.0,456771251202049.0,2950300000.0,2026-06-19,2026-06-19,0.0,0.0,0.0,0.01,0.0,0.04,99.6236,2026-06-21,,,,,
2026-06-20,157260.0,157994.0,157260.0,466718479456309.0,2950300000.0,2026-06-20,2026-06-20,0.0,0.0,0.0,0.01,0.0,0.04,99.6236,2026-06-21,,,,,
2026-06-21,151586.0,152293.0,151586.0,449272067983918.0,2946300000.0,2026-06-21,2026-06-21,0.0,0.0,0.0,0.12,0.0,0.04,99.6236,2026-06-21,99.78359999999999,,,,
2026-06-22,151656.0,152364.0,151656.0,449344495597476.0,2945400000.0,2026-06-22,2026-06-22,0.0,0.0,0.0,0.05,0.0,0.04,99.6236,2026-06-21,,,,,
2026-06-23,151461.0,152168.0,151461.0,447978521148420.0,2940200000.0,2026-06-23,2026-06-23,0.0,0.0,0.0,0.18,0.0,0.04,99.6236,2026-06-21,,,,,
2026-06-24,151455.0,152162.0,151455.0,447960984143781.0,2940200000.0,2026-06-24,2026-06-24,0.0,0.0,0.0,0.18,0.0,0.04,99.6236,2026-06-21,,,,,
2026-06-25,151449.0,152156.0,151449.0,447942251020727.0,2940200000.0,2026-06-25,2026-06-25,0.0,0.0,0.0,0.18,0.0,0.04,99.6236,2026-06-21,,,,,
2026-06-26,151443.0,152149.0,151443.0,447923517897673.0,2940200000.0,2026-06-26,2026-06-26,0.0,0.0,0.0,0.18,0.0,0.04,99.6236,2026-06-21,,,,,
2026-06-27,155142.0,155866.0,155142.0,457933896082203.0,2934200000.0,2026-06-27,2026-06-27,0.0,0.0,0.0,0.21,0.0,0.04,99.6236,2026-06-21,,,,,
2026-06-28,162243.0,162999.0,162243.0,478892973681305.0,2934200000.0,2026-06-28,2026-06-28,0.0,0.0,0.0,0.01,0.0,0.04,99.6236,2026-06-21,,,,,
2026-06-29,158735.0,159475.0,158735.0,466364128232980.0,2920500000.0,2026-06-29,2026-06-29,0.0,0.0,0.0,0.48,0.0,0.04,99.6236,2026-06-21,,,,,
2026-06-30,160170.0,160917.0,160170.0,470581713619728.0,2920500000.0,2026-06-30,2026-06-30,0.0,0.0,0.0,0.01,0.0,0.04,99.6236,2026-06-21,,,,,
2026-07-02,164435.0,165202.0,164435.0,480235078759653.0,2920500000.0,2026-07-02,2026-07-02,0.0,0.0,0.0,0.6,0.0,0.05,99.6236,2026-06-21,,,,,
2026-07-03,164429.0,165195.0,164429.0,480215801852375.0,2920500000.0,2026-07-03,2026-07-03,0.0,0.0,0.0,0.6,0.0,0.05,99.6236,2026-06-21,,,,,
2026-07-04,164422.0,165189.0,164422.0,480196524945097.0,2920500000.0,2026-07-04,2026-07-04,0.0,0.0,0.0,0.6,0.0,0.05,99.6236,2026-06-21,,,,,
2026-07-05,164416.0,165182.0,164416.0,480177248037819.0,2920500000.0,2026-07-05,2026-07-05,0.0,0.0,0.0,0.6,0.0,0.05,99.6236,2026-06-21,,,,,
2026-07-06,164409.0,165176.0,164409.0,480157971130541.0,2920500000.0,2026-07-06,2026-07-06,0.0,0.0,0.0,0.6,0.0,0.05,99.6236,2026-06-21,,,,,
2026-07-07,169076.0,169863.0,169076.0,492772309281277.0,2914500000.0,2026-07-07,2026-07-07,0.0,0.0,0.0,0.32,0.0,0.05,99.6236,2026-06-21,,,,,
2026-07-08,172112.0,172913.0,172112.0,501620904335876.0,2914500000.0,2026-07-08,2026-07-08,0.0,0.0,0.0,0.01,0.0,0.04,99.6236,2026-06-21,,,,,
2026-07-09,172105.0,172906.0,172105.0,501601063717343.0,2914500000.0,2026-07-09,2026-07-09,0.0,0.0,0.0,0.01,0.0,0.04,99.6236,2026-06-21,,,,,
2026-07-10,172098.0,172900.0,172098.0,501581223098810.0,2914500000.0,2026-07-10,2026-07-10,0.0,0.0,0.0,0.01,0.0,0.04,99.6236,2026-06-21,,,,,
2026-07-11,168020.0,168802.0,168020.0,489694827099841.0,2914500000.0,2026-07-11,2026-07-11,0.0,0.0,0.0,0.01,0.0,0.05,99.6236,2026-06-21,,,,,
2026-07-12,168545.0,169329.0,168545.0,492118619744278.0,2919800000.0,2026-07-12,2026-07-12,0.0,0.0,0.0,0.01,0.0,0.05,99.6236,2026-06-21,,,,,
2026-07-13,169301.0,170089.0,169301.0,494429070629506.0,2920400000.0,2026-07-13,2026-07-13,0.0,0.0,0.0,0.18,0.0,0.04,99.6236,2026-06-21,,,,,
2026-07-14,171997.0,172797.0,171997.0,503540958474701.0,2927600000.0,2026-07-14,2026-07-14,0.0,0.0,0.0,0.01,0.0,0.04,99.6236,2026-06-21,,,,,
2026-07-15,176874.0,177696.0,176874.0,518084211999493.0,2929100000.0,2026-07-15,2026-07-15,0.0,0.0,0.0,0.3,0.0,0.04,99.6236,2026-06-21,,,,,
2026-07-16,176867.0,177689.0,176867.0,518063926614531.0,2929100000.0,2026-07-16,2026-07-16,0.0,0.0,0.0,0.3,0.0,0.04,99.6236,2026-06-21,,,,,
2026-07-17,176861.0,177682.0,176861.0,518043641229569.0,2929100000.0,2026-07-17,2026-07-17,0.0,0.0,0.0,0.3,0.0,0.04,99.6236,2026-06-21,,,,,
,,,,,,2026-07-18,2026-07-18,0.0,0.0,0.0,0.01,0.0,0.09,99.6236,2026-06-21,,,,,
