timestamp,datetime_utc,open,high,low,close,volume
1689250740,2023-07-13 12:19:00,49886.0000000000000000,49979.0000000000000000,49886.0000000000000000,49891.0000000000000000,428.5200000000000000
1689250800,2023-07-13 12:20:00,49970.0000000000000000,49971.0000000000000000,49891.0000000000000000,49966.0000000000000000,905.4800000000000000
1689250860,2023-07-13 12:21:00,49892.0000000000000000,49992.0000000000000000,49891.0000000000000000,49894.0000000000000000,3837.2400000000000000
1689250920,2023-07-13 12:22:00,49892.0000000000000000,49967.0000000000000000,49891.0000000000000000,49967.0000000000000000,1168.0200000000000000
1689250980,2023-07-13 12:23:00,49981.0000000000000000,49982.0000000000000000,49969.0000000000000000,49969.0000000000000000,1119.5600000000000000
1689251040,2023-07-13 12:24:00,49902.0000000000000000,49980.0000000000000000,49901.0000000000000000,49971.0000000000000000,1400.2600000000000000
1689251100,2023-07-13 12:25:00,49902.0000000000000000,49982.0000000000000000,49902.0000000000000000,49982.0000000000000000,782.2400000000000000
1689251160,2023-07-13 12:26:00,49989.0000000000000000,49996.0000000000000000,49902.0000000000000000,49906.0000000000000000,6170.9000000000000000
1689251220,2023-07-13 12:27:00,49907.0000000000000000,49988.0000000000000000,49901.0000000000000000,49903.0000000000000000,739.4200000000000000
1689251280,2023-07-13 12:28:00,49987.0000000000000000,49988.0000000000000000,49969.0000000000000000,49986.0000000000000000,899.9800000000000000
1689251340,2023-07-13 12:29:00,49909.0000000000000000,49999.0000000000000000,49909.0000000000000000,49918.0000000000000000,516.3000000000000000
1689251400,2023-07-13 12:30:00,49992.0000000000000000,49993.0000000000000000,49921.0000000000000000,49992.0000000000000000,205.7400000000000000
1689251460,2023-07-13 12:31:00,49986.0000000000000000,49999.0000000000000000,49904.0000000000000000,49999.0000000000000000,889.2800000000000000
1689251520,2023-07-13 12:32:00,49905.0000000000000000,50000.0000000000000000,49905.0000000000000000,50000.0000000000000000,478.4600000000000000
1689251580,2023-07-13 12:33:00,50000.0000000000000000,50000.0000000000000000,49904.0000000000000000,49992.0000000000000000,482.2200000000000000
1689251640,2023-07-13 12:34:00,49992.0000000000000000,50000.0000000000000000,49992.0000000000000000,49992.0000000000000000,2422.3000000000000000
1689251700,2023-07-13 12:35:00,49992.0000000000000000,49998.0000000000000000,49906.0000000000000000,49906.0000000000000000,1895.5800000000000000
1689251760,2023-07-13 12:36:00,49904.0000000000000000,49904.0000000000000000,49904.0000000000000000,49904.0000000000000000,292.8000000000000000
1689251820,2023-07-13 12:37:00,49990.0000000000000000,49999.0000000000000000,49905.0000000000000000,49908.0000000000000000,1084.6400000000000000
1689251880,2023-07-13 12:38:00,49994.0000000000000000,49994.0000000000000000,49911.0000000000000000,49993.0000000000000000,507.3800000000000000
1689251940,2023-07-13 12:39:00,49992.0000000000000000,49993.0000000000000000,49904.0000000000000000,49930.0000000000000000,969.2200000000000000
1689252000,2023-07-13 12:40:00,49998.0000000000000000,49999.0000000000000000,49916.0000000000000000,49988.0000000000000000,247.5400000000000000
1689252060,2023-07-13 12:41:00,49993.0000000000000000,49993.0000000000000000,49932.0000000000000000,49981.0000000000000000,841.0400000000000000
1689252120,2023-07-13 12:42:00,49931.0000000000000000,49997.0000000000000000,49930.0000000000000000,49997.0000000000000000,2802.9400000000000000
1689252180,2023-07-13 12:43:00,49913.0000000000000000,49999.0000000000000000,49913.0000000000000000,49919.0000000000000000,2330.3000000000000000
1689252240,2023-07-13 12:44:00,49918.0000000000000000,49918.0000000000000000,49918.0000000000000000,49918.0000000000000000,455.0200000000000000
1689252300,2023-07-13 12:45:00,49921.0000000000000000,49983.0000000000000000,49920.0000000000000000,49921.0000000000000000,10044.3200000000000000
1689252360,2023-07-13 12:46:00,49973.0000000000000000,49992.0000000000000000,49923.0000000000000000,49923.0000000000000000,769.2800000000000000
1689252420,2023-07-13 12:47:00,49919.0000000000000000,49994.0000000000000000,49919.0000000000000000,49983.0000000000000000,766.8400000000000000
1689252480,2023-07-13 12:48:00,49989.0000000000000000,49989.0000000000000000,49911.0000000000000000,49929.0000000000000000,2601.4800000000000000
1689252540,2023-07-13 12:49:00,49927.0000000000000000,49929.0000000000000000,49911.0000000000000000,49929.0000000000000000,1117.1800000000000000
1689252600,2023-07-13 12:50:00,49983.0000000000000000,49983.0000000000000000,49981.0000000000000000,49981.0000000000000000,691.4400000000000000
1689252660,2023-07-13 12:51:00,49924.0000000000000000,49982.0000000000000000,49924.0000000000000000,49926.0000000000000000,948.9400000000000000
1689252720,2023-07-13 12:52:00,49981.0000000000000000,49982.0000000000000000,49926.0000000000000000,49982.0000000000000000,1157.5400000000000000
1689252780,2023-07-13 12:53:00,49980.0000000000000000,49980.0000000000000000,49924.0000000000000000,49924.0000000000000000,88.8600000000000000
1689252840,2023-07-13 12:54:00,49980.0000000000000000,49980.0000000000000000,49978.0000000000000000,49978.0000000000000000,599.5400000000000000
1689252900,2023-07-13 12:55:00,49929.0000000000000000,49979.0000000000000000,49929.0000000000000000,49978.0000000000000000,110.9400000000000000
1689252960,2023-07-13 12:56:00,49980.0000000000000000,49990.0000000000000000,49913.0000000000000000,49913.0000000000000000,862.8200000000000000
1689253020,2023-07-13 12:57:00,49986.0000000000000000,49986.0000000000000000,49913.0000000000000000,49913.0000000000000000,215.6200000000000000
1689253080,2023-07-13 12:58:00,49912.0000000000000000,49999.0000000000000000,49912.0000000000000000,49999.0000000000000000,1444.0000000000000000
1689253140,2023-07-13 12:59:00,49913.0000000000000000,49994.0000000000000000,49911.0000000000000000,49914.0000000000000000,42.1800000000000000
1689253200,2023-07-13 13:00:00,49912.0000000000000000,49992.0000000000000000,49912.0000000000000000,49992.0000000000000000,952.9200000000000000
1689253260,2023-07-13 13:01:00,49912.0000000000000000,49912.0000000000000000,49912.0000000000000000,49912.0000000000000000,249.7200000000000000
1689253320,2023-07-13 13:02:00,49960.0000000000000000,49960.0000000000000000,49960.0000000000000000,49960.0000000000000000,7.5800000000000000
1689253380,2023-07-13 13:03:00,49969.0000000000000000,49972.0000000000000000,49969.0000000000000000,49972.0000000000000000,787.0800000000000000
1689253440,2023-07-13 13:04:00,49987.0000000000000000,49987.0000000000000000,49913.0000000000000000,49913.0000000000000000,327.4200000000000000
1689253500,2023-07-13 13:05:00,49915.0000000000000000,49978.0000000000000000,49911.0000000000000000,49970.0000000000000000,13956.0200000000000000
1689253560,2023-07-13 13:06:00,49988.0000000000000000,49988.0000000000000000,49988.0000000000000000,49988.0000000000000000,24.0000000000000000
1689253620,2023-07-13 13:07:00,49925.0000000000000000,49987.0000000000000000,49925.0000000000000000,49986.0000000000000000,5335.7400000000000000
1689253680,2023-07-13 13:08:00,49986.0000000000000000,49987.0000000000000000,49913.0000000000000000,49917.0000000000000000,1325.0600000000000000
1689253740,2023-07-13 13:09:00,49982.0000000000000000,49987.0000000000000000,49913.0000000000000000,49920.0000000000000000,294.0800000000000000
1689253800,2023-07-13 13:10:00,49914.0000000000000000,49986.0000000000000000,49912.0000000000000000,49914.0000000000000000,1903.0400000000000000
1689253860,2023-07-13 13:11:00,49914.0000000000000000,49970.0000000000000000,49914.0000000000000000,49970.0000000000000000,1980.0200000000000000
1689253920,2023-07-13 13:12:00,49914.0000000000000000,49916.0000000000000000,49912.0000000000000000,49912.0000000000000000,113.5800000000000000
1689253980,2023-07-13 13:13:00,49911.0000000000000000,49914.0000000000000000,49907.0000000000000000,49913.0000000000000000,6217.2400000000000000
1689254040,2023-07-13 13:14:00,49913.0000000000000000,49917.0000000000000000,49913.0000000000000000,49914.0000000000000000,1994.1800000000000000
1689254100,2023-07-13 13:15:00,49914.0000000000000000,49970.0000000000000000,49914.0000000000000000,49915.0000000000000000,1452.6400000000000000
1689254160,2023-07-13 13:16:00,49914.0000000000000000,49915.0000000000000000,49914.0000000000000000,49915.0000000000000000,61.3600000000000000
1689254220,2023-07-13 13:17:00,49915.0000000000000000,49938.0000000000000000,49914.0000000000000000,49914.0000000000000000,488.6200000000000000
1689254280,2023-07-13 13:18:00,49914.0000000000000000,49914.0000000000000000,49906.0000000000000000,49914.0000000000000000,590.3000000000000000
1689254340,2023-07-13 13:19:00,49935.0000000000000000,49935.0000000000000000,49904.0000000000000000,49908.0000000000000000,1891.1000000000000000
1689254400,2023-07-13 13:20:00,49904.0000000000000000,49910.0000000000000000,49904.0000000000000000,49910.0000000000000000,1249.6200000000000000
1689254460,2023-07-13 13:21:00,49910.0000000000000000,49910.0000000000000000,49904.0000000000000000,49904.0000000000000000,2253.7800000000000000
1689254520,2023-07-13 13:22:00,49910.0000000000000000,49910.0000000000000000,49904.0000000000000000,49910.0000000000000000,295.7800000000000000
1689254580,2023-07-13 13:23:00,49910.0000000000000000,49937.0000000000000000,49910.0000000000000000,49937.0000000000000000,1394.9800000000000000
1689254640,2023-07-13 13:24:00,49937.0000000000000000,49964.0000000000000000,49937.0000000000000000,49964.0000000000000000,587.7200000000000000
1689254700,2023-07-13 13:25:00,49963.0000000000000000,49965.0000000000000000,49904.0000000000000000,49906.0000000000000000,1773.3200000000000000
1689254760,2023-07-13 13:26:00,49963.0000000000000000,49963.0000000000000000,49905.0000000000000000,49905.0000000000000000,397.4800000000000000
1689254820,2023-07-13 13:27:00,49959.0000000000000000,49959.0000000000000000,49959.0000000000000000,49959.0000000000000000,7.0200000000000000
1689254880,2023-07-13 13:28:00,49957.0000000000000000,49957.0000000000000000,49904.0000000000000000,49904.0000000000000000,260.8400000000000000
1689254940,2023-07-13 13:29:00,49904.0000000000000000,49965.0000000000000000,49904.0000000000000000,49965.0000000000000000,110.7400000000000000
1689255000,2023-07-13 13:30:00,49965.0000000000000000,49965.0000000000000000,49904.0000000000000000,49963.0000000000000000,244.0000000000000000
1689255060,2023-07-13 13:31:00,49905.0000000000000000,49961.0000000000000000,49905.0000000000000000,49961.0000000000000000,855.1000000000000000
1689255120,2023-07-13 13:32:00,49905.0000000000000000,49969.0000000000000000,49905.0000000000000000,49964.0000000000000000,107.3400000000000000
1689255180,2023-07-13 13:33:00,49908.0000000000000000,49964.0000000000000000,49904.0000000000000000,49904.0000000000000000,3242.6200000000000000
1689255240,2023-07-13 13:34:00,49901.0000000000000000,49903.0000000000000000,49901.0000000000000000,49901.0000000000000000,1187.8000000000000000
1689255300,2023-07-13 13:35:00,49900.0000000000000000,49956.0000000000000000,49900.0000000000000000,49901.0000000000000000,2435.2400000000000000
1689255360,2023-07-13 13:36:00,49903.0000000000000000,49948.0000000000000000,49900.0000000000000000,49910.0000000000000000,3100.6600000000000000
1689255420,2023-07-13 13:37:00,49948.0000000000000000,49948.0000000000000000,49910.0000000000000000,49910.0000000000000000,848.8000000000000000
1689255480,2023-07-13 13:38:00,49946.0000000000000000,49946.0000000000000000,49900.0000000000000000,49943.0000000000000000,783.0600000000000000
1689255540,2023-07-13 13:39:00,49902.0000000000000000,49940.0000000000000000,49902.0000000000000000,49940.0000000000000000,96.7000000000000000
1689255600,2023-07-13 13:40:00,49900.0000000000000000,49945.0000000000000000,49900.0000000000000000,49900.0000000000000000,121.0200000000000000
1689255660,2023-07-13 13:41:00,49944.0000000000000000,49944.0000000000000000,49900.0000000000000000,49942.0000000000000000,2729.8400000000000000
1689255720,2023-07-13 13:42:00,49944.0000000000000000,49944.0000000000000000,49900.0000000000000000,49904.0000000000000000,9436.9600000000000000
1689255780,2023-07-13 13:43:00,49904.0000000000000000,49941.0000000000000000,49886.0000000000000000,49886.0000000000000000,8717.0800000000000000
1689255840,2023-07-13 13:44:00,49886.0000000000000000,49945.0000000000000000,49857.0000000000000000,49937.0000000000000000,1759.9200000000000000
1689255900,2023-07-13 13:45:00,49937.0000000000000000,49937.0000000000000000,49937.0000000000000000,49937.0000000000000000,0E-16
1689255960,2023-07-13 13:46:00,49900.0000000000000000,49944.0000000000000000,49853.0000000000000000,49857.0000000000000000,358.8600000000000000
1689256020,2023-07-13 13:47:00,49945.0000000000000000,49950.0000000000000000,49938.0000000000000000,49938.0000000000000000,1133.5000000000000000
1689256080,2023-07-13 13:48:00,49931.0000000000000000,49940.0000000000000000,49862.0000000000000000,49932.0000000000000000,992.0600000000000000
1689256140,2023-07-13 13:49:00,49864.0000000000000000,49866.0000000000000000,49864.0000000000000000,49865.0000000000000000,607.9000000000000000
1689256200,2023-07-13 13:50:00,49864.0000000000000000,49925.0000000000000000,49864.0000000000000000,49925.0000000000000000,522.1000000000000000
1689256260,2023-07-13 13:51:00,49924.0000000000000000,49924.0000000000000000,49864.0000000000000000,49915.0000000000000000,1258.7600000000000000
1689256320,2023-07-13 13:52:00,49864.0000000000000000,49936.0000000000000000,49853.0000000000000000,49936.0000000000000000,451.4200000000000000
1689256380,2023-07-13 13:53:00,49855.0000000000000000,49936.0000000000000000,49855.0000000000000000,49936.0000000000000000,34.6600000000000000
1689256440,2023-07-13 13:54:00,49936.0000000000000000,49936.0000000000000000,49854.0000000000000000,49934.0000000000000000,475.0800000000000000
1689256500,2023-07-13 13:55:00,49935.0000000000000000,49935.0000000000000000,49863.0000000000000000,49863.0000000000000000,452.6400000000000000
1689256560,2023-07-13 13:56:00,49859.0000000000000000,49861.0000000000000000,49858.0000000000000000,49858.0000000000000000,1087.3000000000000000
1689256620,2023-07-13 13:57:00,49857.0000000000000000,49859.0000000000000000,49857.0000000000000000,49859.0000000000000000,303.6000000000000000
1689256680,2023-07-13 13:58:00,49858.0000000000000000,49858.0000000000000000,49858.0000000000000000,49858.0000000000000000,170.8600000000000000
1689256740,2023-07-13 13:59:00,49906.0000000000000000,49906.0000000000000000,49859.0000000000000000,49859.0000000000000000,2595.2800000000000000
1689256800,2023-07-13 14:00:00,49904.0000000000000000,49905.0000000000000000,49859.0000000000000000,49859.0000000000000000,112.8400000000000000
1689256860,2023-07-13 14:01:00,49860.0000000000000000,49860.0000000000000000,49851.0000000000000000,49851.0000000000000000,483.1600000000000000
1689256920,2023-07-13 14:02:00,49851.0000000000000000,49851.0000000000000000,49851.0000000000000000,49851.0000000000000000,0E-16
1689256980,2023-07-13 14:03:00,49926.0000000000000000,49926.0000000000000000,49874.0000000000000000,49922.0000000000000000,2802.5800000000000000
1689257040,2023-07-13 14:04:00,49921.0000000000000000,49937.0000000000000000,49874.0000000000000000,49937.0000000000000000,339.4800000000000000
1689257100,2023-07-13 14:05:00,49936.0000000000000000,49936.0000000000000000,49874.0000000000000000,49918.0000000000000000,499.9800000000000000
1689257160,2023-07-13 14:06:00,49917.0000000000000000,49917.0000000000000000,49874.0000000000000000,49915.0000000000000000,1125.0400000000000000
1689257220,2023-07-13 14:07:00,49916.0000000000000000,49933.0000000000000000,49874.0000000000000000,49933.0000000000000000,5007.2000000000000000
1689257280,2023-07-13 14:08:00,49931.0000000000000000,49977.0000000000000000,49931.0000000000000000,49977.0000000000000000,20400.6000000000000000
1689257340,2023-07-13 14:09:00,49977.0000000000000000,49990.0000000000000000,49976.0000000000000000,49990.0000000000000000,2781.6000000000000000
1689257400,2023-07-13 14:10:00,49941.0000000000000000,49942.0000000000000000,49941.0000000000000000,49942.0000000000000000,775.3600000000000000
1689257460,2023-07-13 14:11:00,49990.0000000000000000,49990.0000000000000000,49943.0000000000000000,49989.0000000000000000,155.2000000000000000
1689257520,2023-07-13 14:12:00,49942.0000000000000000,49989.0000000000000000,49940.0000000000000000,49940.0000000000000000,3441.8600000000000000
1689257580,2023-07-13 14:13:00,49937.0000000000000000,49981.0000000000000000,49896.0000000000000000,49897.0000000000000000,6978.4400000000000000
1689257640,2023-07-13 14:14:00,49905.0000000000000000,49938.0000000000000000,49896.0000000000000000,49896.0000000000000000,1165.5600000000000000
1689257700,2023-07-13 14:15:00,49895.0000000000000000,49940.0000000000000000,49895.0000000000000000,49940.0000000000000000,2057.2800000000000000
1689257760,2023-07-13 14:16:00,49965.0000000000000000,49965.0000000000000000,49913.0000000000000000,49913.0000000000000000,108.6200000000000000
1689257820,2023-07-13 14:17:00,49908.0000000000000000,49964.0000000000000000,49908.0000000000000000,49911.0000000000000000,1161.4200000000000000
1689257880,2023-07-13 14:18:00,49911.0000000000000000,49984.0000000000000000,49911.0000000000000000,49984.0000000000000000,384.0400000000000000
1689257940,2023-07-13 14:19:00,49915.0000000000000000,49987.0000000000000000,49915.0000000000000000,49921.0000000000000000,652.5400000000000000
1689258000,2023-07-13 14:20:00,49987.0000000000000000,49987.0000000000000000,49905.0000000000000000,49986.0000000000000000,1037.0000000000000000
1689258060,2023-07-13 14:21:00,49985.0000000000000000,49987.0000000000000000,49898.0000000000000000,49899.0000000000000000,2007.0400000000000000
1689258120,2023-07-13 14:22:00,49899.0000000000000000,49899.0000000000000000,49899.0000000000000000,49899.0000000000000000,0E-16
1689258180,2023-07-13 14:23:00,49975.0000000000000000,49975.0000000000000000,49902.0000000000000000,49902.0000000000000000,61.9000000000000000
1689258240,2023-07-13 14:24:00,49986.0000000000000000,49986.0000000000000000,49986.0000000000000000,49986.0000000000000000,79.3800000000000000
1689258300,2023-07-13 14:25:00,49908.0000000000000000,49983.0000000000000000,49907.0000000000000000,49907.0000000000000000,930.5600000000000000
1689258360,2023-07-13 14:26:00,49902.0000000000000000,49975.0000000000000000,49902.0000000000000000,49975.0000000000000000,281.1600000000000000
1689258420,2023-07-13 14:27:00,49904.0000000000000000,49904.0000000000000000,49904.0000000000000000,49904.0000000000000000,721.8000000000000000
1689258480,2023-07-13 14:28:00,49977.0000000000000000,49987.0000000000000000,49976.0000000000000000,49987.0000000000000000,1493.8600000000000000
1689258540,2023-07-13 14:29:00,49979.0000000000000000,49987.0000000000000000,49979.0000000000000000,49987.0000000000000000,257.8800000000000000
1689258600,2023-07-13 14:30:00,49978.0000000000000000,49989.0000000000000000,49915.0000000000000000,49915.0000000000000000,1949.2600000000000000
1689258660,2023-07-13 14:31:00,49922.0000000000000000,49979.0000000000000000,49909.0000000000000000,49978.0000000000000000,1333.3200000000000000
1689258720,2023-07-13 14:32:00,49905.0000000000000000,49987.0000000000000000,49905.0000000000000000,49907.0000000000000000,138.3000000000000000
1689258780,2023-07-13 14:33:00,49915.0000000000000000,49987.0000000000000000,49903.0000000000000000,49903.0000000000000000,104.3400000000000000
1689258840,2023-07-13 14:34:00,49905.0000000000000000,49984.0000000000000000,49905.0000000000000000,49984.0000000000000000,203.6000000000000000
1689258900,2023-07-13 14:35:00,49911.0000000000000000,49912.0000000000000000,49911.0000000000000000,49912.0000000000000000,85.4200000000000000
1689258960,2023-07-13 14:36:00,49986.0000000000000000,49990.0000000000000000,49903.0000000000000000,49990.0000000000000000,490.8800000000000000
1689259020,2023-07-13 14:37:00,49908.0000000000000000,49908.0000000000000000,49908.0000000000000000,49908.0000000000000000,138.5000000000000000
1689259080,2023-07-13 14:38:00,49909.0000000000000000,49975.0000000000000000,49909.0000000000000000,49911.0000000000000000,233.3000000000000000
1689259140,2023-07-13 14:39:00,49975.0000000000000000,49975.0000000000000000,49905.0000000000000000,49905.0000000000000000,1012.7400000000000000
1689259200,2023-07-13 14:40:00,49972.0000000000000000,49972.0000000000000000,49911.0000000000000000,49911.0000000000000000,772.7200000000000000
1689259260,2023-07-13 14:41:00,49912.0000000000000000,49970.0000000000000000,49903.0000000000000000,49903.0000000000000000,1126.3000000000000000
1689259320,2023-07-13 14:42:00,49911.0000000000000000,49911.0000000000000000,49903.0000000000000000,49911.0000000000000000,1764.7800000000000000
1689259380,2023-07-13 14:43:00,49911.0000000000000000,49950.0000000000000000,49903.0000000000000000,49950.0000000000000000,492.7000000000000000
1689259440,2023-07-13 14:44:00,49905.0000000000000000,49906.0000000000000000,49905.0000000000000000,49906.0000000000000000,18.4200000000000000
1689259500,2023-07-13 14:45:00,49956.0000000000000000,49959.0000000000000000,49911.0000000000000000,49911.0000000000000000,96.9200000000000000
1689259560,2023-07-13 14:46:00,49957.0000000000000000,49958.0000000000000000,49957.0000000000000000,49958.0000000000000000,452.0200000000000000
1689259620,2023-07-13 14:47:00,49913.0000000000000000,49913.0000000000000000,49913.0000000000000000,49913.0000000000000000,49.6800000000000000
1689259680,2023-07-13 14:48:00,49911.0000000000000000,49989.0000000000000000,49911.0000000000000000,49984.0000000000000000,325.1600000000000000
1689259740,2023-07-13 14:49:00,49914.0000000000000000,49920.0000000000000000,49911.0000000000000000,49911.0000000000000000,2596.7800000000000000
1689259800,2023-07-13 14:50:00,49960.0000000000000000,49960.0000000000000000,49913.0000000000000000,49913.0000000000000000,310.2000000000000000
1689259860,2023-07-13 14:51:00,49920.0000000000000000,49920.0000000000000000,49920.0000000000000000,49920.0000000000000000,79.7400000000000000
1689259920,2023-07-13 14:52:00,49911.0000000000000000,49919.0000000000000000,49911.0000000000000000,49919.0000000000000000,423.0400000000000000
1689259980,2023-07-13 14:53:00,49920.0000000000000000,49989.0000000000000000,49920.0000000000000000,49967.0000000000000000,6538.2800000000000000
1689260040,2023-07-13 14:54:00,49986.0000000000000000,49986.0000000000000000,49913.0000000000000000,49913.0000000000000000,95.6400000000000000
1689260100,2023-07-13 14:55:00,49912.0000000000000000,49985.0000000000000000,49912.0000000000000000,49981.0000000000000000,509.7800000000000000
1689260160,2023-07-13 14:56:00,49912.0000000000000000,49987.0000000000000000,49912.0000000000000000,49914.0000000000000000,503.7600000000000000
1689260220,2023-07-13 14:57:00,49922.0000000000000000,49987.0000000000000000,49922.0000000000000000,49987.0000000000000000,48.1800000000000000
1689260280,2023-07-13 14:58:00,49984.0000000000000000,49990.0000000000000000,49984.0000000000000000,49990.0000000000000000,2847.8000000000000000
1689260340,2023-07-13 14:59:00,49990.0000000000000000,49990.0000000000000000,49931.0000000000000000,49939.0000000000000000,1720.9000000000000000
1689260400,2023-07-13 15:00:00,49943.0000000000000000,49988.0000000000000000,49943.0000000000000000,49988.0000000000000000,157.9600000000000000
1689260460,2023-07-13 15:01:00,49990.0000000000000000,49990.0000000000000000,49990.0000000000000000,49990.0000000000000000,63.9600000000000000
1689260520,2023-07-13 15:02:00,49990.0000000000000000,49990.0000000000000000,49912.0000000000000000,49917.0000000000000000,2778.1800000000000000
1689260580,2023-07-13 15:03:00,49921.0000000000000000,49921.0000000000000000,49917.0000000000000000,49917.0000000000000000,42.8600000000000000
1689260640,2023-07-13 15:04:00,49917.0000000000000000,49924.0000000000000000,49914.0000000000000000,49914.0000000000000000,8163.4000000000000000
1689260700,2023-07-13 15:05:00,49966.0000000000000000,49989.0000000000000000,49905.0000000000000000,49980.0000000000000000,18707.4600000000000000
1689260760,2023-07-13 15:06:00,49979.0000000000000000,49982.0000000000000000,49925.0000000000000000,49982.0000000000000000,6325.8400000000000000
1689260820,2023-07-13 15:07:00,49983.0000000000000000,49983.0000000000000000,49925.0000000000000000,49983.0000000000000000,395.1600000000000000
1689260880,2023-07-13 15:08:00,49981.0000000000000000,49982.0000000000000000,49981.0000000000000000,49982.0000000000000000,95.8400000000000000
1689260940,2023-07-13 15:09:00,49982.0000000000000000,49990.0000000000000000,49925.0000000000000000,49990.0000000000000000,2237.3600000000000000
1689261000,2023-07-13 15:10:00,49928.0000000000000000,49928.0000000000000000,49928.0000000000000000,49928.0000000000000000,11.9600000000000000
1689261060,2023-07-13 15:11:00,49978.0000000000000000,49978.0000000000000000,49930.0000000000000000,49931.0000000000000000,346.0800000000000000
1689261120,2023-07-13 15:12:00,49931.0000000000000000,49931.0000000000000000,49931.0000000000000000,49931.0000000000000000,0E-16
1689261180,2023-07-13 15:13:00,49975.0000000000000000,49990.0000000000000000,49932.0000000000000000,49932.0000000000000000,990.5600000000000000
1689261240,2023-07-13 15:14:00,49934.0000000000000000,49988.0000000000000000,49934.0000000000000000,49988.0000000000000000,237.3000000000000000
1689261300,2023-07-13 15:15:00,49988.0000000000000000,49988.0000000000000000,49932.0000000000000000,49987.0000000000000000,308.4800000000000000
1689261360,2023-07-13 15:16:00,49987.0000000000000000,49987.0000000000000000,49987.0000000000000000,49987.0000000000000000,375.3800000000000000
1689261420,2023-07-13 15:17:00,49938.0000000000000000,49940.0000000000000000,49938.0000000000000000,49938.0000000000000000,4391.9400000000000000
1689261480,2023-07-13 15:18:00,49986.0000000000000000,49986.0000000000000000,49983.0000000000000000,49983.0000000000000000,455.7000000000000000
1689261540,2023-07-13 15:19:00,49983.0000000000000000,49989.0000000000000000,49939.0000000000000000,49989.0000000000000000,607.9000000000000000
1689261600,2023-07-13 15:20:00,49935.0000000000000000,49989.0000000000000000,49934.0000000000000000,49987.0000000000000000,333.0800000000000000
1689261660,2023-07-13 15:21:00,49939.0000000000000000,49989.0000000000000000,49935.0000000000000000,49986.0000000000000000,212.1600000000000000
1689261720,2023-07-13 15:22:00,49932.0000000000000000,49985.0000000000000000,49932.0000000000000000,49935.0000000000000000,920.8800000000000000
1689261780,2023-07-13 15:23:00,49933.0000000000000000,49980.0000000000000000,49933.0000000000000000,49936.0000000000000000,1730.0400000000000000
1689261840,2023-07-13 15:24:00,49936.0000000000000000,49936.0000000000000000,49917.0000000000000000,49917.0000000000000000,7970.3200000000000000
1689261900,2023-07-13 15:25:00,49917.0000000000000000,49917.0000000000000000,49901.0000000000000000,49901.0000000000000000,3254.2400000000000000
1689261960,2023-07-13 15:26:00,49901.0000000000000000,49924.0000000000000000,49901.0000000000000000,49902.0000000000000000,6212.6000000000000000
1689262020,2023-07-13 15:27:00,49901.0000000000000000,49924.0000000000000000,49850.0000000000000000,49850.0000000000000000,4386.0400000000000000
1689262080,2023-07-13 15:28:00,49850.0000000000000000,49869.0000000000000000,49821.0000000000000000,49869.0000000000000000,4506.3200000000000000
1689262140,2023-07-13 15:29:00,49850.0000000000000000,49850.0000000000000000,49797.0000000000000000,49797.0000000000000000,5246.1800000000000000
1689262200,2023-07-13 15:30:00,49795.0000000000000000,49799.0000000000000000,49745.0000000000000000,49797.0000000000000000,12075.7200000000000000
1689262260,2023-07-13 15:31:00,49799.0000000000000000,49800.0000000000000000,49703.0000000000000000,49703.0000000000000000,9578.6600000000000000
1689262320,2023-07-13 15:32:00,49734.0000000000000000,49780.0000000000000000,49650.0000000000000000,49650.0000000000000000,23179.6600000000000000
1689262380,2023-07-13 15:33:00,49700.0000000000000000,49740.0000000000000000,49633.0000000000000000,49733.0000000000000000,32979.1600000000000000
1689262440,2023-07-13 15:34:00,49740.0000000000000000,49740.0000000000000000,49633.0000000000000000,49735.0000000000000000,3501.5200000000000000
1689262500,2023-07-13 15:35:00,49649.0000000000000000,49734.0000000000000000,49624.0000000000000000,49624.0000000000000000,5551.6000000000000000
1689262560,2023-07-13 15:36:00,49620.0000000000000000,49717.0000000000000000,49550.0000000000000000,49716.0000000000000000,22538.6400000000000000
1689262620,2023-07-13 15:37:00,49677.0000000000000000,49716.0000000000000000,49551.0000000000000000,49551.0000000000000000,6553.9000000000000000
1689262680,2023-07-13 15:38:00,49677.0000000000000000,49700.0000000000000000,49550.0000000000000000,49551.0000000000000000,6440.4400000000000000
1689262740,2023-07-13 15:39:00,49580.0000000000000000,49735.0000000000000000,49580.0000000000000000,49588.0000000000000000,5981.8400000000000000
1689262800,2023-07-13 15:40:00,49582.0000000000000000,49734.0000000000000000,49580.0000000000000000,49580.0000000000000000,17191.1000000000000000
1689262860,2023-07-13 15:41:00,49580.0000000000000000,49653.0000000000000000,49580.0000000000000000,49600.0000000000000000,19195.5600000000000000
1689262920,2023-07-13 15:42:00,49588.0000000000000000,49621.0000000000000000,49583.0000000000000000,49586.0000000000000000,21645.3400000000000000
1689262980,2023-07-13 15:43:00,49621.0000000000000000,49645.0000000000000000,49590.0000000000000000,49601.0000000000000000,14607.3200000000000000
1689263040,2023-07-13 15:44:00,49590.0000000000000000,49650.0000000000000000,49550.0000000000000000,49551.0000000000000000,15171.5200000000000000
1689263100,2023-07-13 15:45:00,49560.0000000000000000,49817.0000000000000000,49518.0000000000000000,49594.0000000000000000,28664.0800000000000000
1689263160,2023-07-13 15:46:00,49553.0000000000000000,49655.0000000000000000,49500.0000000000000000,49500.0000000000000000,27856.5600000000000000
1689263220,2023-07-13 15:47:00,49500.0000000000000000,49648.0000000000000000,49500.0000000000000000,49639.0000000000000000,21317.6400000000000000
1689263280,2023-07-13 15:48:00,49638.0000000000000000,49645.0000000000000000,49513.0000000000000000,49643.0000000000000000,12122.3800000000000000
1689263340,2023-07-13 15:49:00,49523.0000000000000000,49653.0000000000000000,49514.0000000000000000,49653.0000000000000000,5349.0000000000000000
1689263400,2023-07-13 15:50:00,49653.0000000000000000,49653.0000000000000000,49552.0000000000000000,49558.0000000000000000,1902.2400000000000000
1689263460,2023-07-13 15:51:00,49556.0000000000000000,49700.0000000000000000,49552.0000000000000000,49567.0000000000000000,7976.9000000000000000
1689263520,2023-07-13 15:52:00,49572.0000000000000000,49700.0000000000000000,49565.0000000000000000,49590.0000000000000000,7033.3200000000000000
1689263580,2023-07-13 15:53:00,49591.0000000000000000,49695.0000000000000000,49511.0000000000000000,49660.0000000000000000,13817.9400000000000000
1689263640,2023-07-13 15:54:00,49552.0000000000000000,49655.0000000000000000,49511.0000000000000000,49633.0000000000000000,7265.4600000000000000
1689263700,2023-07-13 15:55:00,49633.0000000000000000,49633.0000000000000000,49555.0000000000000000,49561.0000000000000000,2271.6600000000000000
1689263760,2023-07-13 15:56:00,49632.0000000000000000,49639.0000000000000000,49524.0000000000000000,49524.0000000000000000,19887.0200000000000000
1689263820,2023-07-13 15:57:00,49524.0000000000000000,49557.0000000000000000,49505.0000000000000000,49510.0000000000000000,7751.4800000000000000
1689263880,2023-07-13 15:58:00,49510.0000000000000000,49559.0000000000000000,49510.0000000000000000,49559.0000000000000000,13283.2800000000000000
1689263940,2023-07-13 15:59:00,49510.0000000000000000,49582.0000000000000000,49510.0000000000000000,49511.0000000000000000,4554.2200000000000000
1689264000,2023-07-13 16:00:00,49510.0000000000000000,49578.0000000000000000,49506.0000000000000000,49571.0000000000000000,12074.8800000000000000
1689264060,2023-07-13 16:01:00,49506.0000000000000000,49573.0000000000000000,49500.0000000000000000,49502.0000000000000000,7601.0400000000000000
1689264120,2023-07-13 16:02:00,49608.0000000000000000,49621.0000000000000000,49503.0000000000000000,49504.0000000000000000,5992.2400000000000000
1689264180,2023-07-13 16:03:00,49505.0000000000000000,49619.0000000000000000,49502.0000000000000000,49586.0000000000000000,4970.1600000000000000
1689264240,2023-07-13 16:04:00,49506.0000000000000000,49749.0000000000000000,49506.0000000000000000,49580.0000000000000000,6217.3600000000000000
1689264300,2023-07-13 16:05:00,49581.0000000000000000,49735.0000000000000000,49526.0000000000000000,49544.0000000000000000,15029.0800000000000000
1689264360,2023-07-13 16:06:00,49610.0000000000000000,49709.0000000000000000,49540.0000000000000000,49642.0000000000000000,10863.9800000000000000
1689264420,2023-07-13 16:07:00,49642.0000000000000000,49664.0000000000000000,49546.0000000000000000,49546.0000000000000000,9592.0400000000000000
1689264480,2023-07-13 16:08:00,49547.0000000000000000,49548.0000000000000000,49507.0000000000000000,49511.0000000000000000,11651.3400000000000000
1689264540,2023-07-13 16:09:00,49547.0000000000000000,49547.0000000000000000,49500.0000000000000000,49543.0000000000000000,13267.5400000000000000
1689264600,2023-07-13 16:10:00,49545.0000000000000000,49545.0000000000000000,49500.0000000000000000,49500.0000000000000000,21889.4800000000000000
1689264660,2023-07-13 16:11:00,49500.0000000000000000,49506.0000000000000000,49500.0000000000000000,49500.0000000000000000,18454.9200000000000000
1689264720,2023-07-13 16:12:00,49506.0000000000000000,49506.0000000000000000,49500.0000000000000000,49500.0000000000000000,11998.0600000000000000
1689264780,2023-07-13 16:13:00,49506.0000000000000000,49569.0000000000000000,49500.0000000000000000,49569.0000000000000000,13437.5800000000000000
1689264840,2023-07-13 16:14:00,49636.0000000000000000,49636.0000000000000000,49503.0000000000000000,49510.0000000000000000,4528.8000000000000000
1689264900,2023-07-13 16:15:00,49515.0000000000000000,49617.0000000000000000,49504.0000000000000000,49508.0000000000000000,2384.4800000000000000
1689264960,2023-07-13 16:16:00,49610.0000000000000000,49616.0000000000000000,49502.0000000000000000,49609.0000000000000000,4317.7200000000000000
1689265020,2023-07-13 16:17:00,49502.0000000000000000,49608.0000000000000000,49500.0000000000000000,49500.0000000000000000,11121.0600000000000000
1689265080,2023-07-13 16:18:00,49500.0000000000000000,49599.0000000000000000,49500.0000000000000000,49505.0000000000000000,5788.6400000000000000
1689265140,2023-07-13 16:19:00,49584.0000000000000000,49584.0000000000000000,49500.0000000000000000,49577.0000000000000000,4740.8600000000000000
1689265200,2023-07-13 16:20:00,49574.0000000000000000,49598.0000000000000000,49500.0000000000000000,49598.0000000000000000,12466.6400000000000000
1689265260,2023-07-13 16:21:00,49518.0000000000000000,49620.0000000000000000,49518.0000000000000000,49595.0000000000000000,6463.8000000000000000
1689265320,2023-07-13 16:22:00,49596.0000000000000000,49630.0000000000000000,49595.0000000000000000,49604.0000000000000000,5570.6200000000000000
1689265380,2023-07-13 16:23:00,49600.0000000000000000,49627.0000000000000000,49595.0000000000000000,49600.0000000000000000,16890.1400000000000000
1689265440,2023-07-13 16:24:00,49597.0000000000000000,49600.0000000000000000,49597.0000000000000000,49597.0000000000000000,6989.8800000000000000
1689265500,2023-07-13 16:25:00,49597.0000000000000000,49597.0000000000000000,49525.0000000000000000,49525.0000000000000000,11614.5800000000000000
1689265560,2023-07-13 16:26:00,49528.0000000000000000,49599.0000000000000000,49501.0000000000000000,49528.0000000000000000,64777.8200000000000000
1689265620,2023-07-13 16:27:00,49526.0000000000000000,49576.0000000000000000,49516.0000000000000000,49518.0000000000000000,29281.4800000000000000
1689265680,2023-07-13 16:28:00,49567.0000000000000000,49575.0000000000000000,49500.0000000000000000,49500.0000000000000000,1881.5600000000000000
1689265740,2023-07-13 16:29:00,49520.0000000000000000,49522.0000000000000000,49500.0000000000000000,49502.0000000000000000,3868.3000000000000000
1689265800,2023-07-13 16:30:00,49502.0000000000000000,49568.0000000000000000,49502.0000000000000000,49523.0000000000000000,949.9400000000000000
1689265860,2023-07-13 16:31:00,49529.0000000000000000,49590.0000000000000000,49522.0000000000000000,49590.0000000000000000,1290.6600000000000000
1689265920,2023-07-13 16:32:00,49590.0000000000000000,49624.0000000000000000,49500.0000000000000000,49620.0000000000000000,7220.4200000000000000
1689265980,2023-07-13 16:33:00,49619.0000000000000000,49619.0000000000000000,49502.0000000000000000,49618.0000000000000000,5477.1000000000000000
1689266040,2023-07-13 16:34:00,49564.0000000000000000,49626.0000000000000000,49528.0000000000000000,49531.0000000000000000,4395.2800000000000000
1689266100,2023-07-13 16:35:00,49624.0000000000000000,49625.0000000000000000,49624.0000000000000000,49625.0000000000000000,262.5200000000000000
1689266160,2023-07-13 16:36:00,49534.0000000000000000,49623.0000000000000000,49534.0000000000000000,49538.0000000000000000,2018.6600000000000000
1689266220,2023-07-13 16:37:00,49601.0000000000000000,49626.0000000000000000,49547.0000000000000000,49554.0000000000000000,1719.8200000000000000
1689266280,2023-07-13 16:38:00,49620.0000000000000000,49620.0000000000000000,49514.0000000000000000,49514.0000000000000000,3768.3000000000000000
1689266340,2023-07-13 16:39:00,49510.0000000000000000,49608.0000000000000000,49500.0000000000000000,49506.0000000000000000,8878.8800000000000000
1689266400,2023-07-13 16:40:00,49500.0000000000000000,49622.0000000000000000,49500.0000000000000000,49622.0000000000000000,3208.7800000000000000
1689266460,2023-07-13 16:41:00,49501.0000000000000000,49618.0000000000000000,49501.0000000000000000,49531.0000000000000000,3630.3400000000000000
1689266520,2023-07-13 16:42:00,49613.0000000000000000,49626.0000000000000000,49502.0000000000000000,49626.0000000000000000,8910.8600000000000000
1689266580,2023-07-13 16:43:00,49622.0000000000000000,49622.0000000000000000,49508.0000000000000000,49619.0000000000000000,2827.7000000000000000
1689266640,2023-07-13 16:44:00,49532.0000000000000000,49620.0000000000000000,49501.0000000000000000,49513.0000000000000000,25172.8600000000000000
1689266700,2023-07-13 16:45:00,49615.0000000000000000,49625.0000000000000000,49513.0000000000000000,49513.0000000000000000,6114.8800000000000000
1689266760,2023-07-13 16:46:00,49518.0000000000000000,49602.0000000000000000,49518.0000000000000000,49519.0000000000000000,4993.5400000000000000
1689266820,2023-07-13 16:47:00,49519.0000000000000000,49523.0000000000000000,49519.0000000000000000,49523.0000000000000000,7292.3400000000000000
1689266880,2023-07-13 16:48:00,49523.0000000000000000,49610.0000000000000000,49505.0000000000000000,49600.0000000000000000,4238.7400000000000000
1689266940,2023-07-13 16:49:00,49517.0000000000000000,49525.0000000000000000,49500.0000000000000000,49500.0000000000000000,11963.4400000000000000
1689267000,2023-07-13 16:50:00,49500.0000000000000000,49525.0000000000000000,49417.0000000000000000,49488.0000000000000000,9534.1400000000000000
1689267060,2023-07-13 16:51:00,49450.0000000000000000,49540.0000000000000000,49413.0000000000000000,49413.0000000000000000,10031.2800000000000000
1689267120,2023-07-13 16:52:00,49521.0000000000000000,49521.0000000000000000,49413.0000000000000000,49422.0000000000000000,774.1200000000000000
1689267180,2023-07-13 16:53:00,49509.0000000000000000,49514.0000000000000000,49420.0000000000000000,49420.0000000000000000,1563.4200000000000000
1689267240,2023-07-13 16:54:00,49420.0000000000000000,49511.0000000000000000,49420.0000000000000000,49510.0000000000000000,2615.5200000000000000
1689267300,2023-07-13 16:55:00,49509.0000000000000000,49515.0000000000000000,49430.0000000000000000,49506.0000000000000000,842.1200000000000000
1689267360,2023-07-13 16:56:00,49504.0000000000000000,49507.0000000000000000,49435.0000000000000000,49506.0000000000000000,3030.0400000000000000
1689267420,2023-07-13 16:57:00,49438.0000000000000000,49507.0000000000000000,49435.0000000000000000,49507.0000000000000000,3170.6400000000000000
1689267480,2023-07-13 16:58:00,49450.0000000000000000,49501.0000000000000000,49448.0000000000000000,49455.0000000000000000,10299.5200000000000000
1689267540,2023-07-13 16:59:00,49458.0000000000000000,49494.0000000000000000,49420.0000000000000000,49420.0000000000000000,23849.6200000000000000
1689267600,2023-07-13 17:00:00,49490.0000000000000000,49493.0000000000000000,49400.0000000000000000,49400.0000000000000000,12145.1000000000000000
1689267660,2023-07-13 17:01:00,49405.0000000000000000,49585.0000000000000000,49330.0000000000000000,49331.0000000000000000,19929.4400000000000000
1689267720,2023-07-13 17:02:00,49401.0000000000000000,49498.0000000000000000,49302.0000000000000000,49447.0000000000000000,10157.8600000000000000
1689267780,2023-07-13 17:03:00,49445.0000000000000000,49456.0000000000000000,49302.0000000000000000,49311.0000000000000000,4102.1000000000000000
1689267840,2023-07-13 17:04:00,49313.0000000000000000,49450.0000000000000000,49313.0000000000000000,49320.0000000000000000,15309.4200000000000000
1689267900,2023-07-13 17:05:00,49444.0000000000000000,49459.0000000000000000,49444.0000000000000000,49458.0000000000000000,27187.0000000000000000
1689267960,2023-07-13 17:06:00,49458.0000000000000000,49498.0000000000000000,49458.0000000000000000,49495.0000000000000000,11804.8800000000000000
1689268020,2023-07-13 17:07:00,49495.0000000000000000,49498.0000000000000000,49450.0000000000000000,49450.0000000000000000,14696.0000000000000000
1689268080,2023-07-13 17:08:00,49450.0000000000000000,49498.0000000000000000,49450.0000000000000000,49498.0000000000000000,9249.7400000000000000
1689268140,2023-07-13 17:09:00,49498.0000000000000000,49580.0000000000000000,49450.0000000000000000,49580.0000000000000000,5693.5600000000000000
1689268200,2023-07-13 17:10:00,49489.0000000000000000,49580.0000000000000000,49451.0000000000000000,49464.0000000000000000,859.4200000000000000
1689268260,2023-07-13 17:11:00,49466.0000000000000000,49580.0000000000000000,49459.0000000000000000,49460.0000000000000000,1996.4000000000000000
1689268320,2023-07-13 17:12:00,49465.0000000000000000,49578.0000000000000000,49465.0000000000000000,49479.0000000000000000,2004.6800000000000000
1689268380,2023-07-13 17:13:00,49476.0000000000000000,49499.0000000000000000,49469.0000000000000000,49469.0000000000000000,11577.2000000000000000
1689268440,2023-07-13 17:14:00,49470.0000000000000000,49577.0000000000000000,49470.0000000000000000,49481.0000000000000000,8167.9200000000000000
1689268500,2023-07-13 17:15:00,49573.0000000000000000,49595.0000000000000000,49475.0000000000000000,49588.0000000000000000,2830.2800000000000000
1689268560,2023-07-13 17:16:00,49494.0000000000000000,49589.0000000000000000,49471.0000000000000000,49471.0000000000000000,12631.9000000000000000
1689268620,2023-07-13 17:17:00,49476.0000000000000000,49480.0000000000000000,49451.0000000000000000,49463.0000000000000000,15650.2400000000000000
1689268680,2023-07-13 17:18:00,49463.0000000000000000,49463.0000000000000000,49450.0000000000000000,49450.0000000000000000,9582.2800000000000000
1689268740,2023-07-13 17:19:00,49450.0000000000000000,49465.0000000000000000,49450.0000000000000000,49450.0000000000000000,8139.2200000000000000
1689268800,2023-07-13 17:20:00,49450.0000000000000000,49481.0000000000000000,49450.0000000000000000,49450.0000000000000000,6969.8200000000000000
1689268860,2023-07-13 17:21:00,49450.0000000000000000,49495.0000000000000000,49450.0000000000000000,49450.0000000000000000,14062.9600000000000000
1689268920,2023-07-13 17:22:00,49495.0000000000000000,49562.0000000000000000,49451.0000000000000000,49562.0000000000000000,2595.8600000000000000
1689268980,2023-07-13 17:23:00,49452.0000000000000000,49560.0000000000000000,49452.0000000000000000,49463.0000000000000000,6802.6200000000000000
1689269040,2023-07-13 17:24:00,49463.0000000000000000,49560.0000000000000000,49463.0000000000000000,49465.0000000000000000,19901.5400000000000000
1689269100,2023-07-13 17:25:00,49463.0000000000000000,49560.0000000000000000,49452.0000000000000000,49453.0000000000000000,3700.5600000000000000
1689269160,2023-07-13 17:26:00,49453.0000000000000000,49562.0000000000000000,49453.0000000000000000,49462.0000000000000000,6637.5800000000000000
1689269220,2023-07-13 17:27:00,49460.0000000000000000,49565.0000000000000000,49460.0000000000000000,49557.0000000000000000,4551.7400000000000000
1689269280,2023-07-13 17:28:00,49464.0000000000000000,49554.0000000000000000,49450.0000000000000000,49450.0000000000000000,22509.6600000000000000
1689269340,2023-07-13 17:29:00,49450.0000000000000000,49546.0000000000000000,49450.0000000000000000,49544.0000000000000000,30478.9400000000000000
1689269400,2023-07-13 17:30:00,49544.0000000000000000,49561.0000000000000000,49450.0000000000000000,49452.0000000000000000,32535.3400000000000000
1689269460,2023-07-13 17:31:00,49552.0000000000000000,49552.0000000000000000,49450.0000000000000000,49452.0000000000000000,21982.2000000000000000
1689269520,2023-07-13 17:32:00,49452.0000000000000000,49527.0000000000000000,49450.0000000000000000,49521.0000000000000000,17581.1600000000000000
1689269580,2023-07-13 17:33:00,49456.0000000000000000,49538.0000000000000000,49456.0000000000000000,49456.0000000000000000,12579.3600000000000000
1689269640,2023-07-13 17:34:00,49459.0000000000000000,49558.0000000000000000,49456.0000000000000000,49456.0000000000000000,24306.1200000000000000
1689269700,2023-07-13 17:35:00,49458.0000000000000000,49558.0000000000000000,49450.0000000000000000,49450.0000000000000000,14624.3800000000000000
1689269760,2023-07-13 17:36:00,49450.0000000000000000,49555.0000000000000000,49450.0000000000000000,49453.0000000000000000,10482.7200000000000000
1689269820,2023-07-13 17:37:00,49548.0000000000000000,49548.0000000000000000,49431.0000000000000000,49432.0000000000000000,4663.2200000000000000
1689269880,2023-07-13 17:38:00,49432.0000000000000000,49553.0000000000000000,49428.0000000000000000,49553.0000000000000000,5005.7600000000000000
1689269940,2023-07-13 17:39:00,49428.0000000000000000,49550.0000000000000000,49412.0000000000000000,49422.0000000000000000,31790.3000000000000000
1689270000,2023-07-13 17:40:00,49420.0000000000000000,49476.0000000000000000,49420.0000000000000000,49420.0000000000000000,41185.9800000000000000
1689270060,2023-07-13 17:41:00,49422.0000000000000000,49471.0000000000000000,49420.0000000000000000,49422.0000000000000000,22647.9400000000000000
1689270120,2023-07-13 17:42:00,49470.0000000000000000,49479.0000000000000000,49420.0000000000000000,49479.0000000000000000,13789.5400000000000000
1689270180,2023-07-13 17:43:00,49428.0000000000000000,49520.0000000000000000,49420.0000000000000000,49520.0000000000000000,8915.7000000000000000
1689270240,2023-07-13 17:44:00,49520.0000000000000000,49520.0000000000000000,49420.0000000000000000,49420.0000000000000000,20819.0000000000000000
1689270300,2023-07-13 17:45:00,49512.0000000000000000,49527.0000000000000000,49420.0000000000000000,49420.0000000000000000,7230.7400000000000000
1689270360,2023-07-13 17:46:00,49527.0000000000000000,49527.0000000000000000,49426.0000000000000000,49426.0000000000000000,6699.9800000000000000
1689270420,2023-07-13 17:47:00,49428.0000000000000000,49509.0000000000000000,49403.0000000000000000,49405.0000000000000000,14243.3000000000000000
1689270480,2023-07-13 17:48:00,49504.0000000000000000,49524.0000000000000000,49421.0000000000000000,49421.0000000000000000,15929.1000000000000000
1689270540,2023-07-13 17:49:00,49498.0000000000000000,49500.0000000000000000,49403.0000000000000000,49493.0000000000000000,11952.3400000000000000
1689270600,2023-07-13 17:50:00,49404.0000000000000000,49500.0000000000000000,49403.0000000000000000,49500.0000000000000000,8739.3600000000000000
1689270660,2023-07-13 17:51:00,49412.0000000000000000,49496.0000000000000000,49403.0000000000000000,49416.0000000000000000,3970.5400000000000000
1689270720,2023-07-13 17:52:00,49416.0000000000000000,49468.0000000000000000,49355.0000000000000000,49360.0000000000000000,15516.6400000000000000
1689270780,2023-07-13 17:53:00,49360.0000000000000000,49469.0000000000000000,49300.0000000000000000,49300.0000000000000000,18011.9000000000000000
1689270840,2023-07-13 17:54:00,49461.0000000000000000,49461.0000000000000000,49301.0000000000000000,49308.0000000000000000,3907.2200000000000000
1689270900,2023-07-13 17:55:00,49420.0000000000000000,49430.0000000000000000,49300.0000000000000000,49423.0000000000000000,4415.2800000000000000
1689270960,2023-07-13 17:56:00,49306.0000000000000000,49444.0000000000000000,49301.0000000000000000,49311.0000000000000000,3632.5600000000000000
1689271020,2023-07-13 17:57:00,49312.0000000000000000,49444.0000000000000000,49310.0000000000000000,49314.0000000000000000,5710.2800000000000000
1689271080,2023-07-13 17:58:00,49310.0000000000000000,49412.0000000000000000,49300.0000000000000000,49408.0000000000000000,7749.8200000000000000
1689271140,2023-07-13 17:59:00,49395.0000000000000000,49395.0000000000000000,49300.0000000000000000,49300.0000000000000000,4419.0000000000000000
1689271200,2023-07-13 18:00:00,49385.0000000000000000,49435.0000000000000000,49303.0000000000000000,49325.0000000000000000,26035.8400000000000000
1689271260,2023-07-13 18:01:00,49392.0000000000000000,49394.0000000000000000,49300.0000000000000000,49302.0000000000000000,4588.0400000000000000
1689271320,2023-07-13 18:02:00,49317.0000000000000000,49317.0000000000000000,49300.0000000000000000,49300.0000000000000000,11369.5800000000000000
1689271380,2023-07-13 18:03:00,49300.0000000000000000,49434.0000000000000000,49300.0000000000000000,49303.0000000000000000,14041.4800000000000000
1689271440,2023-07-13 18:04:00,49300.0000000000000000,49418.0000000000000000,49300.0000000000000000,49306.0000000000000000,9487.2200000000000000
1689271500,2023-07-13 18:05:00,49308.0000000000000000,49420.0000000000000000,49300.0000000000000000,49302.0000000000000000,10846.3200000000000000
1689271560,2023-07-13 18:06:00,49303.0000000000000000,49420.0000000000000000,49290.0000000000000000,49290.0000000000000000,10391.8000000000000000
1689271620,2023-07-13 18:07:00,49290.0000000000000000,49414.0000000000000000,49281.0000000000000000,49283.0000000000000000,10288.2400000000000000
1689271680,2023-07-13 18:08:00,49281.0000000000000000,49405.0000000000000000,49216.0000000000000000,49290.0000000000000000,13477.1000000000000000
1689271740,2023-07-13 18:09:00,49290.0000000000000000,49396.0000000000000000,49200.0000000000000000,49200.0000000000000000,27787.5400000000000000
1689271800,2023-07-13 18:10:00,49288.0000000000000000,49290.0000000000000000,49130.0000000000000000,49130.0000000000000000,7666.6200000000000000
1689271860,2023-07-13 18:11:00,49130.0000000000000000,49244.0000000000000000,49100.0000000000000000,49100.0000000000000000,16475.7800000000000000
1689271920,2023-07-13 18:12:00,49100.0000000000000000,49218.0000000000000000,49058.0000000000000000,49213.0000000000000000,17328.3800000000000000
1689271980,2023-07-13 18:13:00,49100.0000000000000000,49211.0000000000000000,49053.0000000000000000,49053.0000000000000000,5431.2200000000000000
1689272040,2023-07-13 18:14:00,49051.0000000000000000,49196.0000000000000000,49050.0000000000000000,49189.0000000000000000,9067.9600000000000000
1689272100,2023-07-13 18:15:00,49053.0000000000000000,49196.0000000000000000,49053.0000000000000000,49185.0000000000000000,8221.9800000000000000
1689272160,2023-07-13 18:16:00,49059.0000000000000000,49214.0000000000000000,49011.0000000000000000,49029.0000000000000000,10584.8800000000000000
1689272220,2023-07-13 18:17:00,49200.0000000000000000,49250.0000000000000000,49011.0000000000000000,49224.0000000000000000,7590.1400000000000000
1689272280,2023-07-13 18:18:00,49253.0000000000000000,49290.0000000000000000,49013.0000000000000000,49086.0000000000000000,7737.4400000000000000
1689272340,2023-07-13 18:19:00,49086.0000000000000000,49207.0000000000000000,49047.0000000000000000,49047.0000000000000000,8112.0400000000000000
1689272400,2023-07-13 18:20:00,49047.0000000000000000,49204.0000000000000000,49013.0000000000000000,49100.0000000000000000,6981.8800000000000000
1689272460,2023-07-13 18:21:00,49121.0000000000000000,49420.0000000000000000,49100.0000000000000000,49100.0000000000000000,20551.5800000000000000
1689272520,2023-07-13 18:22:00,49100.0000000000000000,49183.0000000000000000,49069.0000000000000000,49120.0000000000000000,9838.9400000000000000
1689272580,2023-07-13 18:23:00,49124.0000000000000000,49180.0000000000000000,49007.0000000000000000,49180.0000000000000000,22184.9200000000000000
1689272640,2023-07-13 18:24:00,49005.0000000000000000,49176.0000000000000000,49001.0000000000000000,49004.0000000000000000,8839.0000000000000000
1689272700,2023-07-13 18:25:00,49158.0000000000000000,49160.0000000000000000,49003.0000000000000000,49117.0000000000000000,11293.8800000000000000
1689272760,2023-07-13 18:26:00,49116.0000000000000000,49169.0000000000000000,49061.0000000000000000,49169.0000000000000000,12329.3200000000000000
1689272820,2023-07-13 18:27:00,49169.0000000000000000,49183.0000000000000000,49032.0000000000000000,49072.0000000000000000,31211.6800000000000000
1689272880,2023-07-13 18:28:00,49250.0000000000000000,49420.0000000000000000,49136.0000000000000000,49292.0000000000000000,25420.7400000000000000
1689272940,2023-07-13 18:29:00,49142.0000000000000000,49600.0000000000000000,49121.0000000000000000,49252.0000000000000000,11596.1600000000000000
1689273000,2023-07-13 18:30:00,49252.0000000000000000,49494.0000000000000000,49244.0000000000000000,49494.0000000000000000,7422.6800000000000000
1689273060,2023-07-13 18:31:00,49377.0000000000000000,49411.0000000000000000,49200.0000000000000000,49411.0000000000000000,16787.4600000000000000
1689273120,2023-07-13 18:32:00,49385.0000000000000000,49610.0000000000000000,49376.0000000000000000,49593.0000000000000000,16568.1200000000000000
1689273180,2023-07-13 18:33:00,49593.0000000000000000,49830.0000000000000000,49435.0000000000000000,49438.0000000000000000,25173.3000000000000000
1689273240,2023-07-13 18:34:00,49462.0000000000000000,49799.0000000000000000,49344.0000000000000000,49346.0000000000000000,20204.3600000000000000
1689273300,2023-07-13 18:35:00,49343.0000000000000000,49427.0000000000000000,49200.0000000000000000,49381.0000000000000000,13056.7800000000000000
1689273360,2023-07-13 18:36:00,49381.0000000000000000,49444.0000000000000000,49231.0000000000000000,49232.0000000000000000,22723.6600000000000000
1689273420,2023-07-13 18:37:00,49399.0000000000000000,49737.0000000000000000,49303.0000000000000000,49303.0000000000000000,22989.4600000000000000
1689273480,2023-07-13 18:38:00,49300.0000000000000000,49394.0000000000000000,49201.0000000000000000,49391.0000000000000000,5051.2800000000000000
1689273540,2023-07-13 18:39:00,49391.0000000000000000,49391.0000000000000000,49200.0000000000000000,49300.0000000000000000,5955.4400000000000000
1689273600,2023-07-13 18:40:00,49298.0000000000000000,49326.0000000000000000,49101.0000000000000000,49325.0000000000000000,26391.6800000000000000
1689273660,2023-07-13 18:41:00,49300.0000000000000000,49325.0000000000000000,49186.0000000000000000,49309.0000000000000000,13429.8400000000000000
1689273720,2023-07-13 18:42:00,49307.0000000000000000,49307.0000000000000000,49189.0000000000000000,49195.0000000000000000,7079.8800000000000000
1689273780,2023-07-13 18:43:00,49185.0000000000000000,49306.0000000000000000,49119.0000000000000000,49202.0000000000000000,3849.6200000000000000
1689273840,2023-07-13 18:44:00,49200.0000000000000000,49304.0000000000000000,49199.0000000000000000,49284.0000000000000000,9797.2800000000000000
1689273900,2023-07-13 18:45:00,49199.0000000000000000,49336.0000000000000000,49175.0000000000000000,49335.0000000000000000,16847.7400000000000000
1689273960,2023-07-13 18:46:00,49335.0000000000000000,49441.0000000000000000,49257.0000000000000000,49263.0000000000000000,9603.5000000000000000
1689274020,2023-07-13 18:47:00,49344.0000000000000000,49722.0000000000000000,49260.0000000000000000,49677.0000000000000000,9297.4200000000000000
1689274080,2023-07-13 18:48:00,49527.0000000000000000,49862.0000000000000000,49459.0000000000000000,49762.0000000000000000,20488.5200000000000000
1689274140,2023-07-13 18:49:00,49764.0000000000000000,49865.0000000000000000,49468.0000000000000000,49602.0000000000000000,14678.5600000000000000
1689274200,2023-07-13 18:50:00,49637.0000000000000000,49761.0000000000000000,49600.0000000000000000,49616.0000000000000000,8503.3400000000000000
1689274260,2023-07-13 18:51:00,49596.0000000000000000,49596.0000000000000000,49269.0000000000000000,49520.0000000000000000,15029.0000000000000000
1689274320,2023-07-13 18:52:00,49350.0000000000000000,49450.0000000000000000,49260.0000000000000000,49447.0000000000000000,4380.3800000000000000
1689274380,2023-07-13 18:53:00,49399.0000000000000000,49446.0000000000000000,49261.0000000000000000,49431.0000000000000000,3341.1000000000000000
1689274440,2023-07-13 18:54:00,49430.0000000000000000,49430.0000000000000000,49361.0000000000000000,49361.0000000000000000,14954.1000000000000000
1689274500,2023-07-13 18:55:00,49362.0000000000000000,49457.0000000000000000,49361.0000000000000000,49426.0000000000000000,13938.2200000000000000
1689274560,2023-07-13 18:56:00,49457.0000000000000000,49457.0000000000000000,49361.0000000000000000,49362.0000000000000000,10878.4800000000000000
1689274620,2023-07-13 18:57:00,49411.0000000000000000,49413.0000000000000000,49361.0000000000000000,49412.0000000000000000,7582.6000000000000000
1689274680,2023-07-13 18:58:00,49361.0000000000000000,49461.0000000000000000,49361.0000000000000000,49413.0000000000000000,6629.9000000000000000
1689274740,2023-07-13 18:59:00,49400.0000000000000000,49455.0000000000000000,49400.0000000000000000,49401.0000000000000000,23302.7400000000000000
1689274800,2023-07-13 19:00:00,49455.0000000000000000,49480.0000000000000000,49381.0000000000000000,49389.0000000000000000,3922.5600000000000000
1689274860,2023-07-13 19:01:00,49391.0000000000000000,49481.0000000000000000,49373.0000000000000000,49387.0000000000000000,10413.1600000000000000
1689274920,2023-07-13 19:02:00,49476.0000000000000000,49485.0000000000000000,49414.0000000000000000,49481.0000000000000000,1976.1600000000000000
1689274980,2023-07-13 19:03:00,49483.0000000000000000,49485.0000000000000000,49398.0000000000000000,49412.0000000000000000,4725.7800000000000000
1689275040,2023-07-13 19:04:00,49400.0000000000000000,49485.0000000000000000,49387.0000000000000000,49387.0000000000000000,4169.2600000000000000
1689275100,2023-07-13 19:05:00,49477.0000000000000000,49477.0000000000000000,49382.0000000000000000,49409.0000000000000000,16038.9600000000000000
1689275160,2023-07-13 19:06:00,49387.0000000000000000,49467.0000000000000000,49373.0000000000000000,49465.0000000000000000,7280.3000000000000000
1689275220,2023-07-13 19:07:00,49418.0000000000000000,49467.0000000000000000,49416.0000000000000000,49416.0000000000000000,24101.3600000000000000
1689275280,2023-07-13 19:08:00,49417.0000000000000000,49459.0000000000000000,49416.0000000000000000,49416.0000000000000000,8894.4200000000000000
1689275340,2023-07-13 19:09:00,49418.0000000000000000,49458.0000000000000000,49416.0000000000000000,49417.0000000000000000,9078.6000000000000000
1689275400,2023-07-13 19:10:00,49416.0000000000000000,49456.0000000000000000,49416.0000000000000000,49450.0000000000000000,1352.2000000000000000
1689275460,2023-07-13 19:11:00,49450.0000000000000000,49450.0000000000000000,49417.0000000000000000,49417.0000000000000000,1605.1200000000000000
1689275520,2023-07-13 19:12:00,49418.0000000000000000,49452.0000000000000000,49417.0000000000000000,49443.0000000000000000,2041.7000000000000000
1689275580,2023-07-13 19:13:00,49417.0000000000000000,49449.0000000000000000,49417.0000000000000000,49419.0000000000000000,7842.2200000000000000
1689275640,2023-07-13 19:14:00,49448.0000000000000000,49448.0000000000000000,49416.0000000000000000,49439.0000000000000000,15770.2200000000000000
1689275700,2023-07-13 19:15:00,49417.0000000000000000,49439.0000000000000000,49416.0000000000000000,49418.0000000000000000,10472.1000000000000000
1689275760,2023-07-13 19:16:00,49420.0000000000000000,49440.0000000000000000,49420.0000000000000000,49422.0000000000000000,2982.3000000000000000
1689275820,2023-07-13 19:17:00,49422.0000000000000000,49449.0000000000000000,49416.0000000000000000,49417.0000000000000000,10873.6800000000000000
1689275880,2023-07-13 19:18:00,49416.0000000000000000,49448.0000000000000000,49416.0000000000000000,49448.0000000000000000,7703.6800000000000000
1689275940,2023-07-13 19:19:00,49447.0000000000000000,49449.0000000000000000,49440.0000000000000000,49446.0000000000000000,8862.6000000000000000
1689276000,2023-07-13 19:20:00,49448.0000000000000000,49454.0000000000000000,49417.0000000000000000,49452.0000000000000000,2289.0400000000000000
1689276060,2023-07-13 19:21:00,49450.0000000000000000,49450.0000000000000000,49416.0000000000000000,49416.0000000000000000,3444.9400000000000000
1689276120,2023-07-13 19:22:00,49416.0000000000000000,49450.0000000000000000,49416.0000000000000000,49449.0000000000000000,3330.8200000000000000
1689276180,2023-07-13 19:23:00,49418.0000000000000000,49443.0000000000000000,49416.0000000000000000,49417.0000000000000000,8648.7600000000000000
1689276240,2023-07-13 19:24:00,49421.0000000000000000,49440.0000000000000000,49416.0000000000000000,49439.0000000000000000,23762.4800000000000000
1689276300,2023-07-13 19:25:00,49440.0000000000000000,49440.0000000000000000,49416.0000000000000000,49416.0000000000000000,29320.2600000000000000
1689276360,2023-07-13 19:26:00,49416.0000000000000000,49418.0000000000000000,49361.0000000000000000,49361.0000000000000000,19259.7000000000000000
1689276420,2023-07-13 19:27:00,49362.0000000000000000,49410.0000000000000000,49361.0000000000000000,49361.0000000000000000,27993.8800000000000000
1689276480,2023-07-13 19:28:00,49362.0000000000000000,49409.0000000000000000,49317.0000000000000000,49399.0000000000000000,23998.9000000000000000
1689276540,2023-07-13 19:29:00,49312.0000000000000000,49400.0000000000000000,49050.0000000000000000,49051.0000000000000000,10243.1400000000000000
1689276600,2023-07-13 19:30:00,49290.0000000000000000,49399.0000000000000000,49127.0000000000000000,49297.0000000000000000,9036.4200000000000000
1689276660,2023-07-13 19:31:00,49296.0000000000000000,49399.0000000000000000,49051.0000000000000000,49301.0000000000000000,15096.7800000000000000
1689276720,2023-07-13 19:32:00,49053.0000000000000000,49368.0000000000000000,49053.0000000000000000,49368.0000000000000000,9840.0600000000000000
1689276780,2023-07-13 19:33:00,49384.0000000000000000,49397.0000000000000000,49255.0000000000000000,49395.0000000000000000,596.8600000000000000
1689276840,2023-07-13 19:34:00,49390.0000000000000000,49390.0000000000000000,49258.0000000000000000,49272.0000000000000000,837.0000000000000000
1689276900,2023-07-13 19:35:00,49387.0000000000000000,49387.0000000000000000,49146.0000000000000000,49148.0000000000000000,27425.6600000000000000
1689276960,2023-07-13 19:36:00,49300.0000000000000000,49376.0000000000000000,49043.0000000000000000,49111.0000000000000000,18459.6600000000000000
1689277020,2023-07-13 19:37:00,49224.0000000000000000,49292.0000000000000000,49110.0000000000000000,49288.0000000000000000,4218.3200000000000000
1689277080,2023-07-13 19:38:00,49288.0000000000000000,49288.0000000000000000,49115.0000000000000000,49287.0000000000000000,2681.2400000000000000
1689277140,2023-07-13 19:39:00,49286.0000000000000000,49289.0000000000000000,49120.0000000000000000,49279.0000000000000000,3926.1600000000000000
1689277200,2023-07-13 19:40:00,49285.0000000000000000,49291.0000000000000000,49143.0000000000000000,49288.0000000000000000,6434.9400000000000000
1689277260,2023-07-13 19:41:00,49280.0000000000000000,49290.0000000000000000,49150.0000000000000000,49276.0000000000000000,3772.6400000000000000
1689277320,2023-07-13 19:42:00,49280.0000000000000000,49286.0000000000000000,49153.0000000000000000,49286.0000000000000000,6718.3600000000000000
1689277380,2023-07-13 19:43:00,49284.0000000000000000,49284.0000000000000000,49056.0000000000000000,49280.0000000000000000,7989.2000000000000000
1689277440,2023-07-13 19:44:00,49245.0000000000000000,49275.0000000000000000,49146.0000000000000000,49261.0000000000000000,4023.1600000000000000
1689277500,2023-07-13 19:45:00,49261.0000000000000000,49261.0000000000000000,49146.0000000000000000,49255.0000000000000000,2255.3600000000000000
1689277560,2023-07-13 19:46:00,49255.0000000000000000,49261.0000000000000000,49145.0000000000000000,49150.0000000000000000,13875.5600000000000000
1689277620,2023-07-13 19:47:00,49245.0000000000000000,49276.0000000000000000,49157.0000000000000000,49163.0000000000000000,14551.5400000000000000
1689277680,2023-07-13 19:48:00,49164.0000000000000000,49340.0000000000000000,49162.0000000000000000,49185.0000000000000000,6348.9000000000000000
1689277740,2023-07-13 19:49:00,49274.0000000000000000,49394.0000000000000000,49197.0000000000000000,49394.0000000000000000,6621.3000000000000000
1689277800,2023-07-13 19:50:00,49338.0000000000000000,49394.0000000000000000,49214.0000000000000000,49214.0000000000000000,1414.4000000000000000
1689277860,2023-07-13 19:51:00,49243.0000000000000000,49394.0000000000000000,49243.0000000000000000,49244.0000000000000000,4437.0000000000000000
1689277920,2023-07-13 19:52:00,49250.0000000000000000,49390.0000000000000000,49195.0000000000000000,49216.0000000000000000,6109.1800000000000000
1689277980,2023-07-13 19:53:00,49216.0000000000000000,49216.0000000000000000,49190.0000000000000000,49215.0000000000000000,11764.1800000000000000
1689278040,2023-07-13 19:54:00,49190.0000000000000000,49360.0000000000000000,49190.0000000000000000,49349.0000000000000000,9188.8000000000000000
1689278100,2023-07-13 19:55:00,49225.0000000000000000,49369.0000000000000000,49202.0000000000000000,49211.0000000000000000,4628.2600000000000000
1689278160,2023-07-13 19:56:00,49338.0000000000000000,49364.0000000000000000,49216.0000000000000000,49217.0000000000000000,5268.0600000000000000
1689278220,2023-07-13 19:57:00,49217.0000000000000000,49329.0000000000000000,49215.0000000000000000,49227.0000000000000000,7247.5800000000000000
1689278280,2023-07-13 19:58:00,49227.0000000000000000,49227.0000000000000000,49201.0000000000000000,49226.0000000000000000,2832.3200000000000000
1689278340,2023-07-13 19:59:00,49226.0000000000000000,49307.0000000000000000,49203.0000000000000000,49203.0000000000000000,400.4000000000000000
1689278400,2023-07-13 20:00:00,49297.0000000000000000,49297.0000000000000000,49200.0000000000000000,49200.0000000000000000,2181.6200000000000000
1689278460,2023-07-13 20:01:00,49290.0000000000000000,49292.0000000000000000,49188.0000000000000000,49198.0000000000000000,10459.7400000000000000
1689278520,2023-07-13 20:02:00,49239.0000000000000000,49333.0000000000000000,49189.0000000000000000,49300.0000000000000000,14205.0800000000000000
1689278580,2023-07-13 20:03:00,49300.0000000000000000,49330.0000000000000000,49300.0000000000000000,49300.0000000000000000,14539.1800000000000000
1689278640,2023-07-13 20:04:00,49306.0000000000000000,49333.0000000000000000,49300.0000000000000000,49300.0000000000000000,5335.6400000000000000
1689278700,2023-07-13 20:05:00,49333.0000000000000000,49333.0000000000000000,49300.0000000000000000,49332.0000000000000000,6014.4200000000000000
1689278760,2023-07-13 20:06:00,49332.0000000000000000,49338.0000000000000000,49302.0000000000000000,49338.0000000000000000,2828.6400000000000000
1689278820,2023-07-13 20:07:00,49360.0000000000000000,49451.0000000000000000,49300.0000000000000000,49303.0000000000000000,11588.8000000000000000
1689278880,2023-07-13 20:08:00,49450.0000000000000000,49453.0000000000000000,49336.0000000000000000,49453.0000000000000000,2833.5400000000000000
1689278940,2023-07-13 20:09:00,49450.0000000000000000,49454.0000000000000000,49311.0000000000000000,49315.0000000000000000,650.9000000000000000
1689279000,2023-07-13 20:10:00,49318.0000000000000000,49482.0000000000000000,49300.0000000000000000,49445.0000000000000000,5737.0200000000000000
1689279060,2023-07-13 20:11:00,49400.0000000000000000,49450.0000000000000000,49352.0000000000000000,49446.0000000000000000,3059.1000000000000000
1689279120,2023-07-13 20:12:00,49443.0000000000000000,49480.0000000000000000,49368.0000000000000000,49479.0000000000000000,1495.8800000000000000
1689279180,2023-07-13 20:13:00,49439.0000000000000000,49482.0000000000000000,49356.0000000000000000,49482.0000000000000000,671.0200000000000000
1689279240,2023-07-13 20:14:00,49445.0000000000000000,49482.0000000000000000,49355.0000000000000000,49482.0000000000000000,4346.8000000000000000
1689279300,2023-07-13 20:15:00,49443.0000000000000000,49482.0000000000000000,49361.0000000000000000,49361.0000000000000000,4328.1000000000000000
1689279360,2023-07-13 20:16:00,49400.0000000000000000,49500.0000000000000000,49356.0000000000000000,49356.0000000000000000,1659.9200000000000000
1689279420,2023-07-13 20:17:00,49360.0000000000000000,49407.0000000000000000,49355.0000000000000000,49363.0000000000000000,4289.4000000000000000
1689279480,2023-07-13 20:18:00,49388.0000000000000000,49388.0000000000000000,49358.0000000000000000,49358.0000000000000000,654.9600000000000000
1689279540,2023-07-13 20:19:00,49353.0000000000000000,49398.0000000000000000,49344.0000000000000000,49344.0000000000000000,6978.6400000000000000
1689279600,2023-07-13 20:20:00,49354.0000000000000000,49398.0000000000000000,49300.0000000000000000,49300.0000000000000000,20206.2200000000000000
1689279660,2023-07-13 20:21:00,49347.0000000000000000,49348.0000000000000000,49207.0000000000000000,49286.0000000000000000,17061.1800000000000000
1689279720,2023-07-13 20:22:00,49284.0000000000000000,49284.0000000000000000,49200.0000000000000000,49276.0000000000000000,4186.8400000000000000
1689279780,2023-07-13 20:23:00,49276.0000000000000000,49286.0000000000000000,49204.0000000000000000,49268.0000000000000000,5734.2000000000000000
1689279840,2023-07-13 20:24:00,49283.0000000000000000,49284.0000000000000000,49190.0000000000000000,49283.0000000000000000,11329.6400000000000000
1689279900,2023-07-13 20:25:00,49190.0000000000000000,49280.0000000000000000,49188.0000000000000000,49280.0000000000000000,2381.6600000000000000
1689279960,2023-07-13 20:26:00,49277.0000000000000000,49277.0000000000000000,49274.0000000000000000,49274.0000000000000000,426.5600000000000000
1689280020,2023-07-13 20:27:00,49265.0000000000000000,49270.0000000000000000,49188.0000000000000000,49200.0000000000000000,4183.9600000000000000
1689280080,2023-07-13 20:28:00,49259.0000000000000000,49270.0000000000000000,49153.0000000000000000,49153.0000000000000000,4706.2200000000000000
1689280140,2023-07-13 20:29:00,49224.0000000000000000,49249.0000000000000000,49158.0000000000000000,49229.0000000000000000,10019.1600000000000000
1689280200,2023-07-13 20:30:00,49169.0000000000000000,49248.0000000000000000,49153.0000000000000000,49248.0000000000000000,15143.6600000000000000
1689280260,2023-07-13 20:31:00,49242.0000000000000000,49301.0000000000000000,49162.0000000000000000,49167.0000000000000000,8315.4400000000000000
1689280320,2023-07-13 20:32:00,49292.0000000000000000,49301.0000000000000000,49172.0000000000000000,49301.0000000000000000,13323.0600000000000000
1689280380,2023-07-13 20:33:00,49192.0000000000000000,49363.0000000000000000,49192.0000000000000000,49225.0000000000000000,11014.1200000000000000
1689280440,2023-07-13 20:34:00,49213.0000000000000000,49390.0000000000000000,49213.0000000000000000,49360.0000000000000000,7295.3400000000000000
1689280500,2023-07-13 20:35:00,49360.0000000000000000,49390.0000000000000000,49360.0000000000000000,49361.0000000000000000,11735.1000000000000000
1689280560,2023-07-13 20:36:00,49362.0000000000000000,49395.0000000000000000,49360.0000000000000000,49360.0000000000000000,5685.8400000000000000
1689280620,2023-07-13 20:37:00,49360.0000000000000000,49370.0000000000000000,49328.0000000000000000,49328.0000000000000000,20200.3200000000000000
1689280680,2023-07-13 20:38:00,49332.0000000000000000,49369.0000000000000000,49290.0000000000000000,49360.0000000000000000,5847.1400000000000000
1689280740,2023-07-13 20:39:00,49360.0000000000000000,49370.0000000000000000,49290.0000000000000000,49310.0000000000000000,4621.0800000000000000
1689280800,2023-07-13 20:40:00,49360.0000000000000000,49385.0000000000000000,49310.0000000000000000,49360.0000000000000000,6485.6000000000000000
1689280860,2023-07-13 20:41:00,49310.0000000000000000,49354.0000000000000000,49290.0000000000000000,49349.0000000000000000,22477.7400000000000000
1689280920,2023-07-13 20:42:00,49350.0000000000000000,49360.0000000000000000,49294.0000000000000000,49350.0000000000000000,2197.6200000000000000
1689280980,2023-07-13 20:43:00,49294.0000000000000000,49387.0000000000000000,49290.0000000000000000,49387.0000000000000000,36365.3200000000000000
1689281040,2023-07-13 20:44:00,49295.0000000000000000,49448.0000000000000000,49290.0000000000000000,49448.0000000000000000,21974.1000000000000000
1689281100,2023-07-13 20:45:00,49301.0000000000000000,49417.0000000000000000,49290.0000000000000000,49414.0000000000000000,5031.4200000000000000
1689281160,2023-07-13 20:46:00,49299.0000000000000000,49429.0000000000000000,49292.0000000000000000,49417.0000000000000000,3547.9000000000000000
1689281220,2023-07-13 20:47:00,49415.0000000000000000,49415.0000000000000000,49294.0000000000000000,49307.0000000000000000,2456.5200000000000000
1689281280,2023-07-13 20:48:00,49400.0000000000000000,49400.0000000000000000,49303.0000000000000000,49389.0000000000000000,6062.5000000000000000
1689281340,2023-07-13 20:49:00,49308.0000000000000000,49389.0000000000000000,49292.0000000000000000,49375.0000000000000000,6917.2600000000000000
1689281400,2023-07-13 20:50:00,49380.0000000000000000,49410.0000000000000000,49296.0000000000000000,49302.0000000000000000,8632.1600000000000000
1689281460,2023-07-13 20:51:00,49400.0000000000000000,49400.0000000000000000,49303.0000000000000000,49307.0000000000000000,2638.1600000000000000
1689281520,2023-07-13 20:52:00,49308.0000000000000000,49398.0000000000000000,49301.0000000000000000,49376.0000000000000000,4771.1000000000000000
1689281580,2023-07-13 20:53:00,49305.0000000000000000,49378.0000000000000000,49294.0000000000000000,49368.0000000000000000,4304.7800000000000000
1689281640,2023-07-13 20:54:00,49302.0000000000000000,49304.0000000000000000,49299.0000000000000000,49300.0000000000000000,12228.3200000000000000
1689281700,2023-07-13 20:55:00,49304.0000000000000000,49304.0000000000000000,49300.0000000000000000,49304.0000000000000000,6840.5800000000000000
1689281760,2023-07-13 20:56:00,49304.0000000000000000,49364.0000000000000000,49304.0000000000000000,49364.0000000000000000,1323.3000000000000000
1689281820,2023-07-13 20:57:00,49307.0000000000000000,49393.0000000000000000,49304.0000000000000000,49307.0000000000000000,11237.7400000000000000
1689281880,2023-07-13 20:58:00,49389.0000000000000000,49402.0000000000000000,49305.0000000000000000,49375.0000000000000000,5183.1600000000000000
1689281940,2023-07-13 20:59:00,49407.0000000000000000,49407.0000000000000000,49311.0000000000000000,49319.0000000000000000,3721.1800000000000000
1689282000,2023-07-13 21:00:00,49319.0000000000000000,49394.0000000000000000,49318.0000000000000000,49324.0000000000000000,6054.5400000000000000
1689282060,2023-07-13 21:01:00,49364.0000000000000000,49392.0000000000000000,49305.0000000000000000,49306.0000000000000000,7200.2200000000000000
1689282120,2023-07-13 21:02:00,49306.0000000000000000,49391.0000000000000000,49305.0000000000000000,49391.0000000000000000,9771.6000000000000000
1689282180,2023-07-13 21:03:00,49311.0000000000000000,49426.0000000000000000,49306.0000000000000000,49426.0000000000000000,7647.6000000000000000
1689282240,2023-07-13 21:04:00,49331.0000000000000000,49423.0000000000000000,49326.0000000000000000,49420.0000000000000000,3184.5800000000000000
1689282300,2023-07-13 21:05:00,49332.0000000000000000,49420.0000000000000000,49325.0000000000000000,49325.0000000000000000,11105.7400000000000000
1689282360,2023-07-13 21:06:00,49326.0000000000000000,49418.0000000000000000,49326.0000000000000000,49418.0000000000000000,1684.9600000000000000
1689282420,2023-07-13 21:07:00,49326.0000000000000000,49415.0000000000000000,49326.0000000000000000,49415.0000000000000000,880.4600000000000000
1689282480,2023-07-13 21:08:00,49413.0000000000000000,49450.0000000000000000,49308.0000000000000000,49450.0000000000000000,8689.4400000000000000
1689282540,2023-07-13 21:09:00,49407.0000000000000000,49500.0000000000000000,49322.0000000000000000,49500.0000000000000000,8502.5600000000000000
1689282600,2023-07-13 21:10:00,49499.0000000000000000,49500.0000000000000000,49357.0000000000000000,49361.0000000000000000,3756.3600000000000000
1689282660,2023-07-13 21:11:00,49498.0000000000000000,49500.0000000000000000,49363.0000000000000000,49499.0000000000000000,5289.2400000000000000
1689282720,2023-07-13 21:12:00,49498.0000000000000000,49500.0000000000000000,49380.0000000000000000,49410.0000000000000000,4395.3000000000000000
1689282780,2023-07-13 21:13:00,49411.0000000000000000,49497.0000000000000000,49372.0000000000000000,49493.0000000000000000,3333.5400000000000000
1689282840,2023-07-13 21:14:00,49495.0000000000000000,49498.0000000000000000,49372.0000000000000000,49480.0000000000000000,5392.9800000000000000
1689282900,2023-07-13 21:15:00,49380.0000000000000000,49388.0000000000000000,49370.0000000000000000,49370.0000000000000000,8526.3400000000000000
1689282960,2023-07-13 21:16:00,49388.0000000000000000,49390.0000000000000000,49338.0000000000000000,49380.0000000000000000,8991.4000000000000000
1689283020,2023-07-13 21:17:00,49381.0000000000000000,49388.0000000000000000,49380.0000000000000000,49388.0000000000000000,3845.1400000000000000
1689283080,2023-07-13 21:18:00,49380.0000000000000000,49446.0000000000000000,49338.0000000000000000,49338.0000000000000000,691.2600000000000000
1689283140,2023-07-13 21:19:00,49340.0000000000000000,49435.0000000000000000,49338.0000000000000000,49338.0000000000000000,2739.0200000000000000
1689283200,2023-07-13 21:20:00,49390.0000000000000000,49438.0000000000000000,49338.0000000000000000,49434.0000000000000000,3182.9800000000000000
1689283260,2023-07-13 21:21:00,49440.0000000000000000,49440.0000000000000000,49365.0000000000000000,49439.0000000000000000,2339.2600000000000000
1689283320,2023-07-13 21:22:00,49439.0000000000000000,49439.0000000000000000,49340.0000000000000000,49343.0000000000000000,1517.6400000000000000
1689283380,2023-07-13 21:23:00,49359.0000000000000000,49438.0000000000000000,49346.0000000000000000,49437.0000000000000000,1347.6000000000000000
1689283440,2023-07-13 21:24:00,49432.0000000000000000,49438.0000000000000000,49357.0000000000000000,49429.0000000000000000,4781.1600000000000000
1689283500,2023-07-13 21:25:00,49358.0000000000000000,49433.0000000000000000,49358.0000000000000000,49429.0000000000000000,2855.3200000000000000
1689283560,2023-07-13 21:26:00,49429.0000000000000000,49434.0000000000000000,49400.0000000000000000,49400.0000000000000000,503.5400000000000000
1689283620,2023-07-13 21:27:00,49384.0000000000000000,49400.0000000000000000,49369.0000000000000000,49371.0000000000000000,1597.9800000000000000
1689283680,2023-07-13 21:28:00,49371.0000000000000000,49403.0000000000000000,49338.0000000000000000,49403.0000000000000000,4447.0200000000000000
1689283740,2023-07-13 21:29:00,49352.0000000000000000,49401.0000000000000000,49352.0000000000000000,49353.0000000000000000,681.3800000000000000
1689283800,2023-07-13 21:30:00,49356.0000000000000000,49400.0000000000000000,49350.0000000000000000,49351.0000000000000000,2121.7600000000000000
1689283860,2023-07-13 21:31:00,49350.0000000000000000,49399.0000000000000000,49350.0000000000000000,49399.0000000000000000,5456.0600000000000000
1689283920,2023-07-13 21:32:00,49350.0000000000000000,49397.0000000000000000,49350.0000000000000000,49395.0000000000000000,1284.9400000000000000
1689283980,2023-07-13 21:33:00,49353.0000000000000000,49395.0000000000000000,49340.0000000000000000,49392.0000000000000000,1543.0000000000000000
1689284040,2023-07-13 21:34:00,49394.0000000000000000,49410.0000000000000000,49345.0000000000000000,49410.0000000000000000,1373.1800000000000000
1689284100,2023-07-13 21:35:00,49348.0000000000000000,49410.0000000000000000,49338.0000000000000000,49338.0000000000000000,9433.0800000000000000
1689284160,2023-07-13 21:36:00,49339.0000000000000000,49341.0000000000000000,49300.0000000000000000,49341.0000000000000000,35574.9400000000000000
1689284220,2023-07-13 21:37:00,49341.0000000000000000,49341.0000000000000000,49300.0000000000000000,49300.0000000000000000,4678.9000000000000000
1689284280,2023-07-13 21:38:00,49300.0000000000000000,49342.0000000000000000,49290.0000000000000000,49290.0000000000000000,15395.1000000000000000
1689284340,2023-07-13 21:39:00,49295.0000000000000000,49334.0000000000000000,49295.0000000000000000,49334.0000000000000000,3602.2600000000000000
1689284400,2023-07-13 21:40:00,49334.0000000000000000,49339.0000000000000000,49297.0000000000000000,49338.0000000000000000,1592.0600000000000000
1689284460,2023-07-13 21:41:00,49297.0000000000000000,49340.0000000000000000,49296.0000000000000000,49337.0000000000000000,4844.5400000000000000
1689284520,2023-07-13 21:42:00,49296.0000000000000000,49337.0000000000000000,49284.0000000000000000,49284.0000000000000000,7356.3200000000000000
1689284580,2023-07-13 21:43:00,49282.0000000000000000,49336.0000000000000000,49260.0000000000000000,49260.0000000000000000,2184.6000000000000000
1689284640,2023-07-13 21:44:00,49300.0000000000000000,49340.0000000000000000,49300.0000000000000000,49340.0000000000000000,1057.9800000000000000
1689284700,2023-07-13 21:45:00,49301.0000000000000000,49334.0000000000000000,49301.0000000000000000,49332.0000000000000000,917.0200000000000000
1689284760,2023-07-13 21:46:00,49333.0000000000000000,49383.0000000000000000,49300.0000000000000000,49376.0000000000000000,2533.1000000000000000
1689284820,2023-07-13 21:47:00,49373.0000000000000000,49373.0000000000000000,49300.0000000000000000,49300.0000000000000000,2014.2200000000000000
1689284880,2023-07-13 21:48:00,49302.0000000000000000,49345.0000000000000000,49300.0000000000000000,49325.0000000000000000,1606.4200000000000000
1689284940,2023-07-13 21:49:00,49300.0000000000000000,49340.0000000000000000,49300.0000000000000000,49301.0000000000000000,109.6800000000000000
1689285000,2023-07-13 21:50:00,49340.0000000000000000,49340.0000000000000000,49301.0000000000000000,49311.0000000000000000,251.6000000000000000
1689285060,2023-07-13 21:51:00,49334.0000000000000000,49350.0000000000000000,49310.0000000000000000,49310.0000000000000000,3582.5600000000000000
1689285120,2023-07-13 21:52:00,49349.0000000000000000,49349.0000000000000000,49310.0000000000000000,49340.0000000000000000,1107.4800000000000000
1689285180,2023-07-13 21:53:00,49340.0000000000000000,49340.0000000000000000,49310.0000000000000000,49337.0000000000000000,1324.9000000000000000
1689285240,2023-07-13 21:54:00,49340.0000000000000000,49350.0000000000000000,49311.0000000000000000,49348.0000000000000000,1252.4000000000000000
1689285300,2023-07-13 21:55:00,49348.0000000000000000,49350.0000000000000000,49315.0000000000000000,49317.0000000000000000,1763.2200000000000000
1689285360,2023-07-13 21:56:00,49347.0000000000000000,49347.0000000000000000,49315.0000000000000000,49343.0000000000000000,1159.3000000000000000
1689285420,2023-07-13 21:57:00,49350.0000000000000000,49360.0000000000000000,49317.0000000000000000,49360.0000000000000000,2758.4200000000000000
1689285480,2023-07-13 21:58:00,49358.0000000000000000,49379.0000000000000000,49303.0000000000000000,49320.0000000000000000,2190.3800000000000000
1689285540,2023-07-13 21:59:00,49320.0000000000000000,49374.0000000000000000,49320.0000000000000000,49344.0000000000000000,755.9800000000000000
1689285600,2023-07-13 22:00:00,49344.0000000000000000,49369.0000000000000000,49305.0000000000000000,49305.0000000000000000,1278.3200000000000000
1689285660,2023-07-13 22:01:00,49366.0000000000000000,49368.0000000000000000,49308.0000000000000000,49365.0000000000000000,2810.3200000000000000
1689285720,2023-07-13 22:02:00,49308.0000000000000000,49365.0000000000000000,49308.0000000000000000,49312.0000000000000000,5725.8200000000000000
1689285780,2023-07-13 22:03:00,49310.0000000000000000,49350.0000000000000000,49300.0000000000000000,49301.0000000000000000,35602.4400000000000000
1689285840,2023-07-13 22:04:00,49305.0000000000000000,49339.0000000000000000,49300.0000000000000000,49301.0000000000000000,5385.9800000000000000
1689285900,2023-07-13 22:05:00,49339.0000000000000000,49339.0000000000000000,49300.0000000000000000,49335.0000000000000000,1074.1000000000000000
1689285960,2023-07-13 22:06:00,49310.0000000000000000,49354.0000000000000000,49300.0000000000000000,49300.0000000000000000,5765.2200000000000000
1689286020,2023-07-13 22:07:00,49301.0000000000000000,49350.0000000000000000,49300.0000000000000000,49300.0000000000000000,2708.3600000000000000
1689286080,2023-07-13 22:08:00,49300.0000000000000000,49343.0000000000000000,49300.0000000000000000,49310.0000000000000000,3849.6400000000000000
1689286140,2023-07-13 22:09:00,49310.0000000000000000,49312.0000000000000000,49300.0000000000000000,49310.0000000000000000,5738.4800000000000000
1689286200,2023-07-13 22:10:00,49310.0000000000000000,49345.0000000000000000,49300.0000000000000000,49345.0000000000000000,24555.2200000000000000
1689286260,2023-07-13 22:11:00,49345.0000000000000000,49365.0000000000000000,49300.0000000000000000,49300.0000000000000000,3039.3000000000000000
1689286320,2023-07-13 22:12:00,49359.0000000000000000,49364.0000000000000000,49302.0000000000000000,49364.0000000000000000,3536.4600000000000000
1689286380,2023-07-13 22:13:00,49310.0000000000000000,49392.0000000000000000,49302.0000000000000000,49368.0000000000000000,2558.8800000000000000
1689286440,2023-07-13 22:14:00,49314.0000000000000000,49391.0000000000000000,49312.0000000000000000,49380.0000000000000000,848.5800000000000000
1689286500,2023-07-13 22:15:00,49347.0000000000000000,49399.0000000000000000,49302.0000000000000000,49386.0000000000000000,8795.0600000000000000
1689286560,2023-07-13 22:16:00,49379.0000000000000000,49395.0000000000000000,49379.0000000000000000,49395.0000000000000000,921.9400000000000000
1689286620,2023-07-13 22:17:00,49395.0000000000000000,49395.0000000000000000,49330.0000000000000000,49347.0000000000000000,7055.2600000000000000
1689286680,2023-07-13 22:18:00,49331.0000000000000000,49349.0000000000000000,49301.0000000000000000,49349.0000000000000000,7821.0800000000000000
1689286740,2023-07-13 22:19:00,49301.0000000000000000,49340.0000000000000000,49300.0000000000000000,49301.0000000000000000,5605.8400000000000000
1689286800,2023-07-13 22:20:00,49301.0000000000000000,49355.0000000000000000,49300.0000000000000000,49300.0000000000000000,41673.3600000000000000
1689286860,2023-07-13 22:21:00,49355.0000000000000000,49355.0000000000000000,49301.0000000000000000,49354.0000000000000000,11869.1000000000000000
1689286920,2023-07-13 22:22:00,49354.0000000000000000,49380.0000000000000000,49333.0000000000000000,49375.0000000000000000,14937.7400000000000000
1689286980,2023-07-13 22:23:00,49333.0000000000000000,49333.0000000000000000,49308.0000000000000000,49308.0000000000000000,2490.4400000000000000
1689287040,2023-07-13 22:24:00,49301.0000000000000000,49369.0000000000000000,49300.0000000000000000,49359.0000000000000000,5016.2000000000000000
1689287100,2023-07-13 22:25:00,49360.0000000000000000,49360.0000000000000000,49300.0000000000000000,49302.0000000000000000,1123.1600000000000000
1689287160,2023-07-13 22:26:00,49353.0000000000000000,49356.0000000000000000,49300.0000000000000000,49302.0000000000000000,4776.1600000000000000
1689287220,2023-07-13 22:27:00,49303.0000000000000000,49344.0000000000000000,49300.0000000000000000,49344.0000000000000000,280.2000000000000000
1689287280,2023-07-13 22:28:00,49350.0000000000000000,49350.0000000000000000,49347.0000000000000000,49348.0000000000000000,521.1800000000000000
1689287340,2023-07-13 22:29:00,49348.0000000000000000,49349.0000000000000000,49346.0000000000000000,49346.0000000000000000,18993.7600000000000000
1689287400,2023-07-13 22:30:00,49308.0000000000000000,49393.0000000000000000,49308.0000000000000000,49393.0000000000000000,10679.2600000000000000
1689287460,2023-07-13 22:31:00,49396.0000000000000000,49445.0000000000000000,49310.0000000000000000,49440.0000000000000000,5382.1200000000000000
1689287520,2023-07-13 22:32:00,49310.0000000000000000,49435.0000000000000000,49310.0000000000000000,49311.0000000000000000,3615.5800000000000000
1689287580,2023-07-13 22:33:00,49417.0000000000000000,49419.0000000000000000,49311.0000000000000000,49318.0000000000000000,1998.5000000000000000
1689287640,2023-07-13 22:34:00,49314.0000000000000000,49396.0000000000000000,49313.0000000000000000,49393.0000000000000000,781.5800000000000000
1689287700,2023-07-13 22:35:00,49311.0000000000000000,49383.0000000000000000,49311.0000000000000000,49314.0000000000000000,3314.3400000000000000
1689287760,2023-07-13 22:36:00,49314.0000000000000000,49415.0000000000000000,49312.0000000000000000,49318.0000000000000000,2077.3800000000000000
1689287820,2023-07-13 22:37:00,49413.0000000000000000,49413.0000000000000000,49315.0000000000000000,49315.0000000000000000,55.8600000000000000
1689287880,2023-07-13 22:38:00,49414.0000000000000000,49414.0000000000000000,49317.0000000000000000,49321.0000000000000000,611.5600000000000000
1689287940,2023-07-13 22:39:00,49408.0000000000000000,49408.0000000000000000,49312.0000000000000000,49313.0000000000000000,2477.5600000000000000
1689288000,2023-07-13 22:40:00,49312.0000000000000000,49403.0000000000000000,49312.0000000000000000,49387.0000000000000000,4580.8600000000000000
1689288060,2023-07-13 22:41:00,49315.0000000000000000,49422.0000000000000000,49315.0000000000000000,49422.0000000000000000,54.1600000000000000
1689288120,2023-07-13 22:42:00,49313.0000000000000000,49415.0000000000000000,49310.0000000000000000,49415.0000000000000000,2644.8800000000000000
1689288180,2023-07-13 22:43:00,49413.0000000000000000,49415.0000000000000000,49326.0000000000000000,49339.0000000000000000,580.7200000000000000
1689288240,2023-07-13 22:44:00,49413.0000000000000000,49413.0000000000000000,49345.0000000000000000,49373.0000000000000000,2556.3800000000000000
1689288300,2023-07-13 22:45:00,49343.0000000000000000,49414.0000000000000000,49323.0000000000000000,49340.0000000000000000,9441.3000000000000000
1689288360,2023-07-13 22:46:00,49400.0000000000000000,49400.0000000000000000,49320.0000000000000000,49320.0000000000000000,2393.7200000000000000
1689288420,2023-07-13 22:47:00,49414.0000000000000000,49414.0000000000000000,49309.0000000000000000,49322.0000000000000000,541.2000000000000000
1689288480,2023-07-13 22:48:00,49320.0000000000000000,49320.0000000000000000,49300.0000000000000000,49307.0000000000000000,13422.8000000000000000
1689288540,2023-07-13 22:49:00,49307.0000000000000000,49307.0000000000000000,49300.0000000000000000,49300.0000000000000000,3774.1200000000000000
1689288600,2023-07-13 22:50:00,49300.0000000000000000,49307.0000000000000000,49300.0000000000000000,49307.0000000000000000,27.4000000000000000
1689288660,2023-07-13 22:51:00,49301.0000000000000000,49322.0000000000000000,49300.0000000000000000,49322.0000000000000000,3801.8800000000000000
1689288720,2023-07-13 22:52:00,49303.0000000000000000,49322.0000000000000000,49300.0000000000000000,49300.0000000000000000,5259.6000000000000000
1689288780,2023-07-13 22:53:00,49300.0000000000000000,49310.0000000000000000,49300.0000000000000000,49300.0000000000000000,3931.7400000000000000
1689288840,2023-07-13 22:54:00,49310.0000000000000000,49310.0000000000000000,49300.0000000000000000,49310.0000000000000000,202.0800000000000000
1689288900,2023-07-13 22:55:00,49310.0000000000000000,49411.0000000000000000,49300.0000000000000000,49411.0000000000000000,1928.6400000000000000
1689288960,2023-07-13 22:56:00,49300.0000000000000000,49301.0000000000000000,49300.0000000000000000,49301.0000000000000000,309.8800000000000000
1689289020,2023-07-13 22:57:00,49304.0000000000000000,49400.0000000000000000,49301.0000000000000000,49391.0000000000000000,2847.4200000000000000
1689289080,2023-07-13 22:58:00,49310.0000000000000000,49397.0000000000000000,49300.0000000000000000,49397.0000000000000000,670.2400000000000000
1689289140,2023-07-13 22:59:00,49304.0000000000000000,49402.0000000000000000,49304.0000000000000000,49402.0000000000000000,363.6000000000000000
1689289200,2023-07-13 23:00:00,49401.0000000000000000,49401.0000000000000000,49304.0000000000000000,49401.0000000000000000,1129.6800000000000000
1689289260,2023-07-13 23:01:00,49307.0000000000000000,49400.0000000000000000,49307.0000000000000000,49323.0000000000000000,1109.7800000000000000
1689289320,2023-07-13 23:02:00,49439.0000000000000000,49440.0000000000000000,49314.0000000000000000,49324.0000000000000000,2485.7800000000000000
1689289380,2023-07-13 23:03:00,49325.0000000000000000,49428.0000000000000000,49325.0000000000000000,49426.0000000000000000,596.9000000000000000
1689289440,2023-07-13 23:04:00,49341.0000000000000000,49445.0000000000000000,49329.0000000000000000,49345.0000000000000000,7986.8200000000000000
1689289500,2023-07-13 23:05:00,49444.0000000000000000,49444.0000000000000000,49301.0000000000000000,49301.0000000000000000,2922.6000000000000000
1689289560,2023-07-13 23:06:00,49441.0000000000000000,49441.0000000000000000,49305.0000000000000000,49305.0000000000000000,4988.3200000000000000
1689289620,2023-07-13 23:07:00,49311.0000000000000000,49423.0000000000000000,49310.0000000000000000,49310.0000000000000000,2073.3600000000000000
1689289680,2023-07-13 23:08:00,49401.0000000000000000,49401.0000000000000000,49345.0000000000000000,49345.0000000000000000,1194.9000000000000000
1689289740,2023-07-13 23:09:00,49349.0000000000000000,49349.0000000000000000,49349.0000000000000000,49349.0000000000000000,32.9200000000000000
1689289800,2023-07-13 23:10:00,49345.0000000000000000,49388.0000000000000000,49310.0000000000000000,49310.0000000000000000,4046.9800000000000000
1689289860,2023-07-13 23:11:00,49381.0000000000000000,49408.0000000000000000,49310.0000000000000000,49315.0000000000000000,1443.7000000000000000
1689289920,2023-07-13 23:12:00,49385.0000000000000000,49406.0000000000000000,49326.0000000000000000,49326.0000000000000000,1783.6600000000000000
1689289980,2023-07-13 23:13:00,49428.0000000000000000,49428.0000000000000000,49338.0000000000000000,49340.0000000000000000,830.5400000000000000
1689290040,2023-07-13 23:14:00,49325.0000000000000000,49428.0000000000000000,49325.0000000000000000,49331.0000000000000000,994.0800000000000000
1689290100,2023-07-13 23:15:00,49336.0000000000000000,49336.0000000000000000,49336.0000000000000000,49336.0000000000000000,267.4600000000000000
1689290160,2023-07-13 23:16:00,49338.0000000000000000,49404.0000000000000000,49338.0000000000000000,49339.0000000000000000,634.5400000000000000
1689290220,2023-07-13 23:17:00,49341.0000000000000000,49397.0000000000000000,49341.0000000000000000,49397.0000000000000000,309.0200000000000000
1689290280,2023-07-13 23:18:00,49403.0000000000000000,49403.0000000000000000,49329.0000000000000000,49332.0000000000000000,1386.8600000000000000
1689290340,2023-07-13 23:19:00,49330.0000000000000000,49383.0000000000000000,49330.0000000000000000,49383.0000000000000000,3870.1000000000000000
1689290400,2023-07-13 23:20:00,49331.0000000000000000,49333.0000000000000000,49331.0000000000000000,49333.0000000000000000,5344.2400000000000000
1689290460,2023-07-13 23:21:00,49341.0000000000000000,49341.0000000000000000,49303.0000000000000000,49303.0000000000000000,6383.1200000000000000
1689290520,2023-07-13 23:22:00,49303.0000000000000000,49328.0000000000000000,49303.0000000000000000,49305.0000000000000000,278.9200000000000000
1689290580,2023-07-13 23:23:00,49331.0000000000000000,49590.0000000000000000,49303.0000000000000000,49428.0000000000000000,4714.2600000000000000
1689290640,2023-07-13 23:24:00,49401.0000000000000000,49537.0000000000000000,49302.0000000000000000,49377.0000000000000000,3098.7000000000000000
1689290700,2023-07-13 23:25:00,49336.0000000000000000,49439.0000000000000000,49301.0000000000000000,49332.0000000000000000,458.5600000000000000
1689290760,2023-07-13 23:26:00,49333.0000000000000000,49428.0000000000000000,49331.0000000000000000,49428.0000000000000000,84.6400000000000000
1689290820,2023-07-13 23:27:00,49435.0000000000000000,49435.0000000000000000,49435.0000000000000000,49435.0000000000000000,140.2400000000000000
1689290880,2023-07-13 23:28:00,49336.0000000000000000,49432.0000000000000000,49336.0000000000000000,49432.0000000000000000,259.1600000000000000
1689290940,2023-07-13 23:29:00,49336.0000000000000000,49428.0000000000000000,49334.0000000000000000,49334.0000000000000000,785.2000000000000000
1689291000,2023-07-13 23:30:00,49438.0000000000000000,49438.0000000000000000,49334.0000000000000000,49334.0000000000000000,57.8600000000000000
1689291060,2023-07-13 23:31:00,49334.0000000000000000,49435.0000000000000000,49334.0000000000000000,49435.0000000000000000,1871.6400000000000000
1689291120,2023-07-13 23:32:00,49435.0000000000000000,49435.0000000000000000,49435.0000000000000000,49435.0000000000000000,0E-16
1689291180,2023-07-13 23:33:00,49347.0000000000000000,49348.0000000000000000,49347.0000000000000000,49348.0000000000000000,55.0000000000000000
1689291240,2023-07-13 23:34:00,49414.0000000000000000,49433.0000000000000000,49338.0000000000000000,49338.0000000000000000,2388.2600000000000000
1689291300,2023-07-13 23:35:00,49338.0000000000000000,49425.0000000000000000,49338.0000000000000000,49415.0000000000000000,37.7000000000000000
1689291360,2023-07-13 23:36:00,49338.0000000000000000,49340.0000000000000000,49300.0000000000000000,49300.0000000000000000,16162.5800000000000000
1689291420,2023-07-13 23:37:00,49302.0000000000000000,49338.0000000000000000,49300.0000000000000000,49300.0000000000000000,537.7800000000000000
1689291480,2023-07-13 23:38:00,49331.0000000000000000,49355.0000000000000000,49331.0000000000000000,49332.0000000000000000,4981.8000000000000000
1689291540,2023-07-13 23:39:00,49332.0000000000000000,49332.0000000000000000,49332.0000000000000000,49332.0000000000000000,0E-16
1689291600,2023-07-13 23:40:00,49300.0000000000000000,49302.0000000000000000,49300.0000000000000000,49300.0000000000000000,291.9600000000000000
1689291660,2023-07-13 23:41:00,49428.0000000000000000,49428.0000000000000000,49300.0000000000000000,49301.0000000000000000,853.2600000000000000
1689291720,2023-07-13 23:42:00,49301.0000000000000000,49424.0000000000000000,49300.0000000000000000,49300.0000000000000000,14011.8800000000000000
1689291780,2023-07-13 23:43:00,49300.0000000000000000,49424.0000000000000000,49250.0000000000000000,49250.0000000000000000,10434.6200000000000000
1689291840,2023-07-13 23:44:00,49250.0000000000000000,49398.0000000000000000,49250.0000000000000000,49250.0000000000000000,6258.6600000000000000
1689291900,2023-07-13 23:45:00,49398.0000000000000000,49398.0000000000000000,49250.0000000000000000,49250.0000000000000000,683.4200000000000000
1689291960,2023-07-13 23:46:00,49250.0000000000000000,49395.0000000000000000,49250.0000000000000000,49250.0000000000000000,2169.8400000000000000
1689292020,2023-07-13 23:47:00,49390.0000000000000000,49390.0000000000000000,49252.0000000000000000,49252.0000000000000000,1864.5200000000000000
1689292080,2023-07-13 23:48:00,49362.0000000000000000,49362.0000000000000000,49251.0000000000000000,49253.0000000000000000,666.2000000000000000
1689292140,2023-07-13 23:49:00,49252.0000000000000000,49343.0000000000000000,49252.0000000000000000,49343.0000000000000000,333.2000000000000000
1689292200,2023-07-13 23:50:00,49257.0000000000000000,49333.0000000000000000,49252.0000000000000000,49333.0000000000000000,1097.2200000000000000
1689292260,2023-07-13 23:51:00,49331.0000000000000000,49331.0000000000000000,49250.0000000000000000,49250.0000000000000000,3201.7000000000000000
1689292320,2023-07-13 23:52:00,49250.0000000000000000,49313.0000000000000000,49250.0000000000000000,49250.0000000000000000,2961.6200000000000000
1689292380,2023-07-13 23:53:00,49250.0000000000000000,49321.0000000000000000,49250.0000000000000000,49319.0000000000000000,4257.4000000000000000
1689292440,2023-07-13 23:54:00,49250.0000000000000000,49354.0000000000000000,49250.0000000000000000,49251.0000000000000000,712.6800000000000000
1689292500,2023-07-13 23:55:00,49252.0000000000000000,49344.0000000000000000,49252.0000000000000000,49252.0000000000000000,606.6200000000000000
1689292560,2023-07-13 23:56:00,49253.0000000000000000,49337.0000000000000000,49252.0000000000000000,49256.0000000000000000,701.4400000000000000
1689292620,2023-07-13 23:57:00,49335.0000000000000000,49335.0000000000000000,49251.0000000000000000,49251.0000000000000000,434.3800000000000000
1689292680,2023-07-13 23:58:00,49251.0000000000000000,49335.0000000000000000,49250.0000000000000000,49251.0000000000000000,18276.2800000000000000
1689292740,2023-07-13 23:59:00,49251.0000000000000000,49386.0000000000000000,49250.0000000000000000,49254.0000000000000000,9449.2400000000000000
1689292800,2023-07-14 00:00:00,49381.0000000000000000,49384.0000000000000000,49252.0000000000000000,49252.0000000000000000,5595.9000000000000000
1689292860,2023-07-14 00:01:00,49252.0000000000000000,49256.0000000000000000,49250.0000000000000000,49250.0000000000000000,7094.4400000000000000
1689292920,2023-07-14 00:02:00,49250.0000000000000000,49385.0000000000000000,49250.0000000000000000,49250.0000000000000000,15752.4200000000000000
1689292980,2023-07-14 00:03:00,49250.0000000000000000,49384.0000000000000000,49250.0000000000000000,49252.0000000000000000,7476.1000000000000000
1689293040,2023-07-14 00:04:00,49259.0000000000000000,49359.0000000000000000,49256.0000000000000000,49351.0000000000000000,992.2600000000000000
1689293100,2023-07-14 00:05:00,49304.0000000000000000,49383.0000000000000000,49304.0000000000000000,49307.0000000000000000,1074.7400000000000000
1689293160,2023-07-14 00:06:00,49376.0000000000000000,49376.0000000000000000,49250.0000000000000000,49250.0000000000000000,13746.1000000000000000
1689293220,2023-07-14 00:07:00,49359.0000000000000000,49373.0000000000000000,49250.0000000000000000,49372.0000000000000000,5431.3000000000000000
1689293280,2023-07-14 00:08:00,49374.0000000000000000,49374.0000000000000000,49256.0000000000000000,49308.0000000000000000,6577.8000000000000000
1689293340,2023-07-14 00:09:00,49314.0000000000000000,49367.0000000000000000,49255.0000000000000000,49259.0000000000000000,5590.8200000000000000
1689293400,2023-07-14 00:10:00,49259.0000000000000000,49311.0000000000000000,49250.0000000000000000,49251.0000000000000000,6355.2200000000000000
1689293460,2023-07-14 00:11:00,49250.0000000000000000,49292.0000000000000000,49250.0000000000000000,49251.0000000000000000,5056.5600000000000000
1689293520,2023-07-14 00:12:00,49251.0000000000000000,49306.0000000000000000,49250.0000000000000000,49252.0000000000000000,1967.4800000000000000
1689293580,2023-07-14 00:13:00,49250.0000000000000000,49313.0000000000000000,49250.0000000000000000,49313.0000000000000000,13296.6800000000000000
1689293640,2023-07-14 00:14:00,49250.0000000000000000,49383.0000000000000000,49250.0000000000000000,49251.0000000000000000,13059.6800000000000000
1689293700,2023-07-14 00:15:00,49305.0000000000000000,49318.0000000000000000,49250.0000000000000000,49254.0000000000000000,20685.8000000000000000
1689293760,2023-07-14 00:16:00,49250.0000000000000000,49382.0000000000000000,49250.0000000000000000,49251.0000000000000000,6691.2400000000000000
1689293820,2023-07-14 00:17:00,49255.0000000000000000,49378.0000000000000000,49255.0000000000000000,49303.0000000000000000,368.8600000000000000
1689293880,2023-07-14 00:18:00,49302.0000000000000000,49367.0000000000000000,49302.0000000000000000,49303.0000000000000000,501.4600000000000000
1689293940,2023-07-14 00:19:00,49303.0000000000000000,49359.0000000000000000,49301.0000000000000000,49351.0000000000000000,1102.8400000000000000
1689294000,2023-07-14 00:20:00,49350.0000000000000000,49351.0000000000000000,49300.0000000000000000,49303.0000000000000000,10518.0000000000000000
1689294060,2023-07-14 00:21:00,49300.0000000000000000,49351.0000000000000000,49255.0000000000000000,49348.0000000000000000,16089.1200000000000000
1689294120,2023-07-14 00:22:00,49257.0000000000000000,49348.0000000000000000,49250.0000000000000000,49303.0000000000000000,16427.0600000000000000
1689294180,2023-07-14 00:23:00,49303.0000000000000000,49347.0000000000000000,49250.0000000000000000,49253.0000000000000000,12251.5800000000000000
1689294240,2023-07-14 00:24:00,49330.0000000000000000,49330.0000000000000000,49250.0000000000000000,49252.0000000000000000,6791.6400000000000000
1689294300,2023-07-14 00:25:00,49347.0000000000000000,49347.0000000000000000,49255.0000000000000000,49327.0000000000000000,2681.8600000000000000
1689294360,2023-07-14 00:26:00,49327.0000000000000000,49368.0000000000000000,49254.0000000000000000,49254.0000000000000000,4542.2200000000000000
1689294420,2023-07-14 00:27:00,49369.0000000000000000,49369.0000000000000000,49262.0000000000000000,49364.0000000000000000,1639.7200000000000000
1689294480,2023-07-14 00:28:00,49270.0000000000000000,49364.0000000000000000,49268.0000000000000000,49361.0000000000000000,332.2800000000000000
1689294540,2023-07-14 00:29:00,49363.0000000000000000,49363.0000000000000000,49259.0000000000000000,49362.0000000000000000,1684.8600000000000000
1689294600,2023-07-14 00:30:00,49263.0000000000000000,49362.0000000000000000,49254.0000000000000000,49362.0000000000000000,2379.4600000000000000
1689294660,2023-07-14 00:31:00,49361.0000000000000000,49361.0000000000000000,49254.0000000000000000,49254.0000000000000000,466.5200000000000000
1689294720,2023-07-14 00:32:00,49256.0000000000000000,49257.0000000000000000,49255.0000000000000000,49255.0000000000000000,189.7800000000000000
1689294780,2023-07-14 00:33:00,49255.0000000000000000,49333.0000000000000000,49254.0000000000000000,49254.0000000000000000,19171.3800000000000000
1689294840,2023-07-14 00:34:00,49254.0000000000000000,49333.0000000000000000,49244.0000000000000000,49245.0000000000000000,11314.0400000000000000
1689294900,2023-07-14 00:35:00,49247.0000000000000000,49322.0000000000000000,49207.0000000000000000,49207.0000000000000000,2841.0000000000000000
1689294960,2023-07-14 00:36:00,49225.0000000000000000,49313.0000000000000000,49200.0000000000000000,49310.0000000000000000,3682.6600000000000000
1689295020,2023-07-14 00:37:00,49201.0000000000000000,49303.0000000000000000,49200.0000000000000000,49200.0000000000000000,3615.7000000000000000
1689295080,2023-07-14 00:38:00,49200.0000000000000000,49203.0000000000000000,49200.0000000000000000,49200.0000000000000000,30303.1000000000000000
1689295140,2023-07-14 00:39:00,49200.0000000000000000,49201.0000000000000000,49200.0000000000000000,49200.0000000000000000,19625.7400000000000000
1689295200,2023-07-14 00:40:00,49200.0000000000000000,49203.0000000000000000,49200.0000000000000000,49200.0000000000000000,11758.9800000000000000
1689295260,2023-07-14 00:41:00,49203.0000000000000000,49300.0000000000000000,49203.0000000000000000,49296.0000000000000000,1515.8000000000000000
1689295320,2023-07-14 00:42:00,49204.0000000000000000,49303.0000000000000000,49201.0000000000000000,49203.0000000000000000,588.7200000000000000
1689295380,2023-07-14 00:43:00,49300.0000000000000000,49300.0000000000000000,49202.0000000000000000,49204.0000000000000000,452.0800000000000000
1689295440,2023-07-14 00:44:00,49296.0000000000000000,49297.0000000000000000,49200.0000000000000000,49200.0000000000000000,2353.0000000000000000
1689295500,2023-07-14 00:45:00,49206.0000000000000000,49297.0000000000000000,49202.0000000000000000,49288.0000000000000000,2741.0400000000000000
1689295560,2023-07-14 00:46:00,49294.0000000000000000,49300.0000000000000000,49200.0000000000000000,49300.0000000000000000,1113.2800000000000000
1689295620,2023-07-14 00:47:00,49300.0000000000000000,49300.0000000000000000,49200.0000000000000000,49202.0000000000000000,23478.2800000000000000
1689295680,2023-07-14 00:48:00,49200.0000000000000000,49243.0000000000000000,49200.0000000000000000,49200.0000000000000000,16691.2200000000000000
1689295740,2023-07-14 00:49:00,49200.0000000000000000,49242.0000000000000000,49200.0000000000000000,49240.0000000000000000,7042.9600000000000000
1689295800,2023-07-14 00:50:00,49202.0000000000000000,49242.0000000000000000,49200.0000000000000000,49200.0000000000000000,5552.8800000000000000
1689295860,2023-07-14 00:51:00,49240.0000000000000000,49240.0000000000000000,49200.0000000000000000,49200.0000000000000000,9252.1800000000000000
1689295920,2023-07-14 00:52:00,49200.0000000000000000,49236.0000000000000000,49200.0000000000000000,49235.0000000000000000,14296.7000000000000000
1689295980,2023-07-14 00:53:00,49235.0000000000000000,49302.0000000000000000,49200.0000000000000000,49252.0000000000000000,13636.3400000000000000
1689296040,2023-07-14 00:54:00,49252.0000000000000000,49252.0000000000000000,49202.0000000000000000,49250.0000000000000000,820.0600000000000000
1689296100,2023-07-14 00:55:00,49250.0000000000000000,49275.0000000000000000,49200.0000000000000000,49275.0000000000000000,895.3200000000000000
1689296160,2023-07-14 00:56:00,49200.0000000000000000,49302.0000000000000000,49200.0000000000000000,49302.0000000000000000,534.8400000000000000
1689296220,2023-07-14 00:57:00,49201.0000000000000000,49401.0000000000000000,49200.0000000000000000,49233.0000000000000000,8835.7200000000000000
1689296280,2023-07-14 00:58:00,49338.0000000000000000,49698.0000000000000000,49203.0000000000000000,49349.0000000000000000,8819.8400000000000000
1689296340,2023-07-14 00:59:00,49350.0000000000000000,49393.0000000000000000,49255.0000000000000000,49255.0000000000000000,6602.8000000000000000
1689296400,2023-07-14 01:00:00,49255.0000000000000000,49381.0000000000000000,49202.0000000000000000,49209.0000000000000000,3699.8000000000000000
1689296460,2023-07-14 01:01:00,49334.0000000000000000,49337.0000000000000000,49200.0000000000000000,49337.0000000000000000,2278.1600000000000000
1689296520,2023-07-14 01:02:00,49337.0000000000000000,49380.0000000000000000,49202.0000000000000000,49290.0000000000000000,3527.8400000000000000
1689296580,2023-07-14 01:03:00,49292.0000000000000000,49375.0000000000000000,49200.0000000000000000,49374.0000000000000000,2936.4200000000000000
1689296640,2023-07-14 01:04:00,49367.0000000000000000,49375.0000000000000000,49200.0000000000000000,49375.0000000000000000,3611.4200000000000000
1689296700,2023-07-14 01:05:00,49234.0000000000000000,49373.0000000000000000,49234.0000000000000000,49373.0000000000000000,135.5800000000000000
1689296760,2023-07-14 01:06:00,49241.0000000000000000,49354.0000000000000000,49227.0000000000000000,49348.0000000000000000,1588.2800000000000000
1689296820,2023-07-14 01:07:00,49240.0000000000000000,49349.0000000000000000,49240.0000000000000000,49241.0000000000000000,1656.5200000000000000
1689296880,2023-07-14 01:08:00,49328.0000000000000000,49329.0000000000000000,49202.0000000000000000,49210.0000000000000000,9436.7000000000000000
1689296940,2023-07-14 01:09:00,49214.0000000000000000,49328.0000000000000000,49214.0000000000000000,49222.0000000000000000,1653.4200000000000000
1689297000,2023-07-14 01:10:00,49314.0000000000000000,49347.0000000000000000,49205.0000000000000000,49302.0000000000000000,3149.3600000000000000
1689297060,2023-07-14 01:11:00,49214.0000000000000000,49377.0000000000000000,49200.0000000000000000,49377.0000000000000000,5905.5200000000000000
1689297120,2023-07-14 01:12:00,49378.0000000000000000,49378.0000000000000000,49226.0000000000000000,49240.0000000000000000,4578.1200000000000000
1689297180,2023-07-14 01:13:00,49371.0000000000000000,49373.0000000000000000,49230.0000000000000000,49373.0000000000000000,2756.0400000000000000
1689297240,2023-07-14 01:14:00,49229.0000000000000000,49373.0000000000000000,49228.0000000000000000,49373.0000000000000000,4965.5600000000000000
1689297300,2023-07-14 01:15:00,49373.0000000000000000,49442.0000000000000000,49232.0000000000000000,49286.0000000000000000,1683.0800000000000000
1689297360,2023-07-14 01:16:00,49291.0000000000000000,49450.0000000000000000,49228.0000000000000000,49231.0000000000000000,5435.6400000000000000
1689297420,2023-07-14 01:17:00,49380.0000000000000000,49380.0000000000000000,49240.0000000000000000,49373.0000000000000000,221.5800000000000000
1689297480,2023-07-14 01:18:00,49244.0000000000000000,49377.0000000000000000,49239.0000000000000000,49377.0000000000000000,1314.5200000000000000
1689297540,2023-07-14 01:19:00,49242.0000000000000000,49376.0000000000000000,49238.0000000000000000,49376.0000000000000000,382.4400000000000000
1689297600,2023-07-14 01:20:00,49238.0000000000000000,49369.0000000000000000,49238.0000000000000000,49366.0000000000000000,1128.6800000000000000
1689297660,2023-07-14 01:21:00,49243.0000000000000000,49244.0000000000000000,49238.0000000000000000,49238.0000000000000000,615.1000000000000000
1689297720,2023-07-14 01:22:00,49238.0000000000000000,49377.0000000000000000,49204.0000000000000000,49216.0000000000000000,844.5800000000000000
1689297780,2023-07-14 01:23:00,49217.0000000000000000,49219.0000000000000000,49213.0000000000000000,49218.0000000000000000,899.4200000000000000
1689297840,2023-07-14 01:24:00,49219.0000000000000000,49326.0000000000000000,49219.0000000000000000,49323.0000000000000000,2659.3200000000000000
1689297900,2023-07-14 01:25:00,49219.0000000000000000,49262.0000000000000000,49219.0000000000000000,49262.0000000000000000,255.5600000000000000
1689297960,2023-07-14 01:26:00,49262.0000000000000000,49320.0000000000000000,49217.0000000000000000,49217.0000000000000000,8748.7600000000000000
1689298020,2023-07-14 01:27:00,49265.0000000000000000,49309.0000000000000000,49211.0000000000000000,49214.0000000000000000,739.5000000000000000
1689298080,2023-07-14 01:28:00,49207.0000000000000000,49309.0000000000000000,49204.0000000000000000,49308.0000000000000000,1252.3800000000000000
1689298140,2023-07-14 01:29:00,49324.0000000000000000,49325.0000000000000000,49324.0000000000000000,49324.0000000000000000,876.2000000000000000
1689298200,2023-07-14 01:30:00,49222.0000000000000000,49316.0000000000000000,49222.0000000000000000,49234.0000000000000000,2721.6400000000000000
1689298260,2023-07-14 01:31:00,49321.0000000000000000,49321.0000000000000000,49243.0000000000000000,49245.0000000000000000,539.2000000000000000
1689298320,2023-07-14 01:32:00,49207.0000000000000000,49230.0000000000000000,49207.0000000000000000,49229.0000000000000000,1129.9200000000000000
1689298380,2023-07-14 01:33:00,49222.0000000000000000,49289.0000000000000000,49204.0000000000000000,49286.0000000000000000,2983.3000000000000000
1689298440,2023-07-14 01:34:00,49205.0000000000000000,49285.0000000000000000,49200.0000000000000000,49206.0000000000000000,4321.2600000000000000
1689298500,2023-07-14 01:35:00,49206.0000000000000000,49285.0000000000000000,49155.0000000000000000,49266.0000000000000000,19204.8400000000000000
1689298560,2023-07-14 01:36:00,49272.0000000000000000,49272.0000000000000000,49150.0000000000000000,49150.0000000000000000,6043.8400000000000000
1689298620,2023-07-14 01:37:00,49252.0000000000000000,49269.0000000000000000,49161.0000000000000000,49163.0000000000000000,373.6400000000000000
1689298680,2023-07-14 01:38:00,49277.0000000000000000,49277.0000000000000000,49150.0000000000000000,49150.0000000000000000,10235.9200000000000000
1689298740,2023-07-14 01:39:00,49259.0000000000000000,49259.0000000000000000,49150.0000000000000000,49246.0000000000000000,952.3800000000000000
1689298800,2023-07-14 01:40:00,49150.0000000000000000,49239.0000000000000000,49150.0000000000000000,49237.0000000000000000,3966.5000000000000000
1689298860,2023-07-14 01:41:00,49150.0000000000000000,49229.0000000000000000,49150.0000000000000000,49218.0000000000000000,4203.2200000000000000
1689298920,2023-07-14 01:42:00,49219.0000000000000000,49220.0000000000000000,49151.0000000000000000,49151.0000000000000000,156.9000000000000000
1689298980,2023-07-14 01:43:00,49150.0000000000000000,49218.0000000000000000,49150.0000000000000000,49150.0000000000000000,10119.8200000000000000
1689299040,2023-07-14 01:44:00,49219.0000000000000000,49259.0000000000000000,49150.0000000000000000,49217.0000000000000000,13117.3200000000000000
1689299100,2023-07-14 01:45:00,49152.0000000000000000,49153.0000000000000000,49152.0000000000000000,49153.0000000000000000,1526.3000000000000000
1689299160,2023-07-14 01:46:00,49153.0000000000000000,49202.0000000000000000,49150.0000000000000000,49150.0000000000000000,15509.4600000000000000
1689299220,2023-07-14 01:47:00,49151.0000000000000000,49151.0000000000000000,49150.0000000000000000,49151.0000000000000000,346.5400000000000000
1689299280,2023-07-14 01:48:00,49150.0000000000000000,49151.0000000000000000,49150.0000000000000000,49151.0000000000000000,5394.0800000000000000
1689299340,2023-07-14 01:49:00,49153.0000000000000000,49258.0000000000000000,49153.0000000000000000,49258.0000000000000000,2093.0000000000000000
1689299400,2023-07-14 01:50:00,49154.0000000000000000,49258.0000000000000000,49153.0000000000000000,49258.0000000000000000,1537.2000000000000000
1689299460,2023-07-14 01:51:00,49174.0000000000000000,49258.0000000000000000,49151.0000000000000000,49257.0000000000000000,3448.2400000000000000
1689299520,2023-07-14 01:52:00,49172.0000000000000000,49172.0000000000000000,49172.0000000000000000,49172.0000000000000000,4799.3800000000000000
1689299580,2023-07-14 01:53:00,49154.0000000000000000,49159.0000000000000000,49152.0000000000000000,49152.0000000000000000,101.6400000000000000
1689299640,2023-07-14 01:54:00,49157.0000000000000000,49250.0000000000000000,49151.0000000000000000,49154.0000000000000000,463.1800000000000000
1689299700,2023-07-14 01:55:00,49250.0000000000000000,49250.0000000000000000,49177.0000000000000000,49177.0000000000000000,805.8400000000000000
1689299760,2023-07-14 01:56:00,49249.0000000000000000,49249.0000000000000000,49249.0000000000000000,49249.0000000000000000,317.6800000000000000
1689299820,2023-07-14 01:57:00,49151.0000000000000000,49261.0000000000000000,49151.0000000000000000,49156.0000000000000000,1123.6000000000000000
1689299880,2023-07-14 01:58:00,49153.0000000000000000,49157.0000000000000000,49153.0000000000000000,49154.0000000000000000,89.6200000000000000
1689299940,2023-07-14 01:59:00,49151.0000000000000000,49153.0000000000000000,49151.0000000000000000,49153.0000000000000000,431.9200000000000000
1689300000,2023-07-14 02:00:00,49154.0000000000000000,49207.0000000000000000,49152.0000000000000000,49207.0000000000000000,6970.7600000000000000
1689300060,2023-07-14 02:01:00,49206.0000000000000000,49229.0000000000000000,49151.0000000000000000,49153.0000000000000000,913.1000000000000000
1689300120,2023-07-14 02:02:00,49152.0000000000000000,49223.0000000000000000,49150.0000000000000000,49153.0000000000000000,2846.3800000000000000
1689300180,2023-07-14 02:03:00,49156.0000000000000000,49209.0000000000000000,49150.0000000000000000,49150.0000000000000000,2183.9600000000000000
1689300240,2023-07-14 02:04:00,49208.0000000000000000,49208.0000000000000000,49150.0000000000000000,49206.0000000000000000,1370.5000000000000000
1689300300,2023-07-14 02:05:00,49150.0000000000000000,49230.0000000000000000,49150.0000000000000000,49150.0000000000000000,18280.4800000000000000
1689300360,2023-07-14 02:06:00,49150.0000000000000000,49219.0000000000000000,49150.0000000000000000,49150.0000000000000000,14576.5200000000000000
1689300420,2023-07-14 02:07:00,49211.0000000000000000,49211.0000000000000000,49150.0000000000000000,49150.0000000000000000,431.6200000000000000
1689300480,2023-07-14 02:08:00,49207.0000000000000000,49210.0000000000000000,49150.0000000000000000,49207.0000000000000000,537.7000000000000000
1689300540,2023-07-14 02:09:00,49209.0000000000000000,49214.0000000000000000,49151.0000000000000000,49212.0000000000000000,8422.7600000000000000
1689300600,2023-07-14 02:10:00,49211.0000000000000000,49229.0000000000000000,49150.0000000000000000,49153.0000000000000000,2161.2200000000000000
1689300660,2023-07-14 02:11:00,49153.0000000000000000,49205.0000000000000000,49153.0000000000000000,49154.0000000000000000,300.0400000000000000
1689300720,2023-07-14 02:12:00,49154.0000000000000000,49154.0000000000000000,49152.0000000000000000,49152.0000000000000000,180.0400000000000000
1689300780,2023-07-14 02:13:00,49152.0000000000000000,49152.0000000000000000,49151.0000000000000000,49151.0000000000000000,3979.4600000000000000
1689300840,2023-07-14 02:14:00,49151.0000000000000000,49151.0000000000000000,49151.0000000000000000,49151.0000000000000000,0E-16
1689300900,2023-07-14 02:15:00,49151.0000000000000000,49254.0000000000000000,49151.0000000000000000,49254.0000000000000000,1763.0200000000000000
1689300960,2023-07-14 02:16:00,49256.0000000000000000,49256.0000000000000000,49156.0000000000000000,49159.0000000000000000,319.8200000000000000
1689301020,2023-07-14 02:17:00,49252.0000000000000000,49255.0000000000000000,49153.0000000000000000,49255.0000000000000000,110.7200000000000000
1689301080,2023-07-14 02:18:00,49252.0000000000000000,49253.0000000000000000,49153.0000000000000000,49153.0000000000000000,832.5600000000000000
1689301140,2023-07-14 02:19:00,49153.0000000000000000,49252.0000000000000000,49151.0000000000000000,49151.0000000000000000,1706.3000000000000000
1689301200,2023-07-14 02:20:00,49151.0000000000000000,49249.0000000000000000,49150.0000000000000000,49249.0000000000000000,778.8000000000000000
1689301260,2023-07-14 02:21:00,49159.0000000000000000,49159.0000000000000000,49155.0000000000000000,49155.0000000000000000,416.4800000000000000
1689301320,2023-07-14 02:22:00,49200.0000000000000000,49325.0000000000000000,49155.0000000000000000,49316.0000000000000000,5815.9000000000000000
1689301380,2023-07-14 02:23:00,49163.0000000000000000,49315.0000000000000000,49163.0000000000000000,49315.0000000000000000,319.4000000000000000
1689301440,2023-07-14 02:24:00,49155.0000000000000000,49310.0000000000000000,49155.0000000000000000,49310.0000000000000000,246.7600000000000000
1689301500,2023-07-14 02:25:00,49162.0000000000000000,49200.0000000000000000,49162.0000000000000000,49200.0000000000000000,2380.6600000000000000
1689301560,2023-07-14 02:26:00,49164.0000000000000000,49200.0000000000000000,49155.0000000000000000,49156.0000000000000000,2971.3800000000000000
1689301620,2023-07-14 02:27:00,49215.0000000000000000,49307.0000000000000000,49155.0000000000000000,49157.0000000000000000,6773.1400000000000000
1689301680,2023-07-14 02:28:00,49160.0000000000000000,49306.0000000000000000,49155.0000000000000000,49269.0000000000000000,501.1400000000000000
1689301740,2023-07-14 02:29:00,49161.0000000000000000,49304.0000000000000000,49156.0000000000000000,49281.0000000000000000,1538.7800000000000000
1689301800,2023-07-14 02:30:00,49160.0000000000000000,49165.0000000000000000,49160.0000000000000000,49165.0000000000000000,25.5000000000000000
1689301860,2023-07-14 02:31:00,49275.0000000000000000,49275.0000000000000000,49163.0000000000000000,49258.0000000000000000,1641.4600000000000000
1689301920,2023-07-14 02:32:00,49162.0000000000000000,49295.0000000000000000,49162.0000000000000000,49295.0000000000000000,199.1800000000000000
1689301980,2023-07-14 02:33:00,49208.0000000000000000,49208.0000000000000000,49161.0000000000000000,49161.0000000000000000,14.3400000000000000
1689302040,2023-07-14 02:34:00,49299.0000000000000000,49299.0000000000000000,49163.0000000000000000,49292.0000000000000000,193.2800000000000000
1689302100,2023-07-14 02:35:00,49162.0000000000000000,49302.0000000000000000,49162.0000000000000000,49300.0000000000000000,2199.4800000000000000
1689302160,2023-07-14 02:36:00,49162.0000000000000000,49361.0000000000000000,49162.0000000000000000,49323.0000000000000000,24242.1000000000000000
1689302220,2023-07-14 02:37:00,49313.0000000000000000,49313.0000000000000000,49161.0000000000000000,49312.0000000000000000,17173.8600000000000000
1689302280,2023-07-14 02:38:00,49311.0000000000000000,49312.0000000000000000,49175.0000000000000000,49182.0000000000000000,947.8800000000000000
1689302340,2023-07-14 02:39:00,49312.0000000000000000,49312.0000000000000000,49226.0000000000000000,49230.0000000000000000,1927.1800000000000000
1689302400,2023-07-14 02:40:00,49226.0000000000000000,49309.0000000000000000,49226.0000000000000000,49302.0000000000000000,138.1600000000000000
1689302460,2023-07-14 02:41:00,49224.0000000000000000,49303.0000000000000000,49203.0000000000000000,49303.0000000000000000,1500.2000000000000000
1689302520,2023-07-14 02:42:00,49200.0000000000000000,49287.0000000000000000,49200.0000000000000000,49200.0000000000000000,51.9600000000000000
1689302580,2023-07-14 02:43:00,49291.0000000000000000,49302.0000000000000000,49200.0000000000000000,49302.0000000000000000,850.3400000000000000
1689302640,2023-07-14 02:44:00,49200.0000000000000000,49307.0000000000000000,49200.0000000000000000,49301.0000000000000000,2315.8400000000000000
1689302700,2023-07-14 02:45:00,49307.0000000000000000,49307.0000000000000000,49217.0000000000000000,49217.0000000000000000,213.6200000000000000
1689302760,2023-07-14 02:46:00,49307.0000000000000000,49307.0000000000000000,49222.0000000000000000,49222.0000000000000000,33.7400000000000000
1689302820,2023-07-14 02:47:00,49305.0000000000000000,49305.0000000000000000,49305.0000000000000000,49305.0000000000000000,6.0400000000000000
1689302880,2023-07-14 02:48:00,49293.0000000000000000,49303.0000000000000000,49228.0000000000000000,49303.0000000000000000,244.6800000000000000
1689302940,2023-07-14 02:49:00,49301.0000000000000000,49301.0000000000000000,49228.0000000000000000,49300.0000000000000000,984.1600000000000000
1689303000,2023-07-14 02:50:00,49310.0000000000000000,49311.0000000000000000,49242.0000000000000000,49242.0000000000000000,168.8800000000000000
1689303060,2023-07-14 02:51:00,49309.0000000000000000,49309.0000000000000000,49229.0000000000000000,49232.0000000000000000,1513.8800000000000000
1689303120,2023-07-14 02:52:00,49310.0000000000000000,49310.0000000000000000,49243.0000000000000000,49244.0000000000000000,4310.9000000000000000
1689303180,2023-07-14 02:53:00,49213.0000000000000000,49222.0000000000000000,49213.0000000000000000,49222.0000000000000000,122.7200000000000000
1689303240,2023-07-14 02:54:00,49220.0000000000000000,49305.0000000000000000,49212.0000000000000000,49300.0000000000000000,1020.1000000000000000
1689303300,2023-07-14 02:55:00,49293.0000000000000000,49293.0000000000000000,49293.0000000000000000,49293.0000000000000000,81.8400000000000000
1689303360,2023-07-14 02:56:00,49209.0000000000000000,49292.0000000000000000,49209.0000000000000000,49215.0000000000000000,318.0000000000000000
1689303420,2023-07-14 02:57:00,49191.0000000000000000,49191.0000000000000000,49191.0000000000000000,49191.0000000000000000,343.2000000000000000
1689303480,2023-07-14 02:58:00,49182.0000000000000000,49291.0000000000000000,49182.0000000000000000,49182.0000000000000000,1170.2800000000000000
1689303540,2023-07-14 02:59:00,49183.0000000000000000,49184.0000000000000000,49182.0000000000000000,49182.0000000000000000,1359.8400000000000000
1689303600,2023-07-14 03:00:00,49188.0000000000000000,49282.0000000000000000,49183.0000000000000000,49185.0000000000000000,382.3000000000000000
1689303660,2023-07-14 03:01:00,49282.0000000000000000,49282.0000000000000000,49282.0000000000000000,49282.0000000000000000,114.7000000000000000
1689303720,2023-07-14 03:02:00,49201.0000000000000000,49272.0000000000000000,49201.0000000000000000,49203.0000000000000000,2090.0800000000000000
1689303780,2023-07-14 03:03:00,49188.0000000000000000,49189.0000000000000000,49184.0000000000000000,49187.0000000000000000,167.1200000000000000
1689303840,2023-07-14 03:04:00,49263.0000000000000000,49263.0000000000000000,49263.0000000000000000,49263.0000000000000000,80.5200000000000000
1689303900,2023-07-14 03:05:00,49261.0000000000000000,49322.0000000000000000,49186.0000000000000000,49319.0000000000000000,379.2200000000000000
1689303960,2023-07-14 03:06:00,49314.0000000000000000,49400.0000000000000000,49314.0000000000000000,49400.0000000000000000,887.1000000000000000
1689304020,2023-07-14 03:07:00,49287.0000000000000000,49288.0000000000000000,49287.0000000000000000,49287.0000000000000000,815.7800000000000000
1689304080,2023-07-14 03:08:00,49381.0000000000000000,49381.0000000000000000,49288.0000000000000000,49288.0000000000000000,1705.8000000000000000
1689304140,2023-07-14 03:09:00,49375.0000000000000000,49375.0000000000000000,49289.0000000000000000,49289.0000000000000000,221.5800000000000000
1689304200,2023-07-14 03:10:00,49289.0000000000000000,49366.0000000000000000,49287.0000000000000000,49287.0000000000000000,1613.3600000000000000
1689304260,2023-07-14 03:11:00,49372.0000000000000000,49372.0000000000000000,49288.0000000000000000,49359.0000000000000000,5422.1800000000000000
1689304320,2023-07-14 03:12:00,49287.0000000000000000,49287.0000000000000000,49185.0000000000000000,49185.0000000000000000,15471.7200000000000000
1689304380,2023-07-14 03:13:00,49186.0000000000000000,49211.0000000000000000,49186.0000000000000000,49186.0000000000000000,2426.0400000000000000
1689304440,2023-07-14 03:14:00,49186.0000000000000000,49212.0000000000000000,49186.0000000000000000,49211.0000000000000000,529.1200000000000000
1689304500,2023-07-14 03:15:00,49211.0000000000000000,49212.0000000000000000,49206.0000000000000000,49206.0000000000000000,820.9800000000000000
1689304560,2023-07-14 03:16:00,49185.0000000000000000,49212.0000000000000000,49185.0000000000000000,49212.0000000000000000,198.5000000000000000
1689304620,2023-07-14 03:17:00,49189.0000000000000000,49189.0000000000000000,49182.0000000000000000,49182.0000000000000000,5718.0200000000000000
1689304680,2023-07-14 03:18:00,49180.0000000000000000,49210.0000000000000000,49150.0000000000000000,49150.0000000000000000,82.3200000000000000
1689304740,2023-07-14 03:19:00,49150.0000000000000000,49296.0000000000000000,49150.0000000000000000,49296.0000000000000000,86.3600000000000000
1689304800,2023-07-14 03:20:00,49150.0000000000000000,49150.0000000000000000,49150.0000000000000000,49150.0000000000000000,276.2600000000000000
1689304860,2023-07-14 03:21:00,49261.0000000000000000,49261.0000000000000000,49153.0000000000000000,49243.0000000000000000,337.6000000000000000
1689304920,2023-07-14 03:22:00,49229.0000000000000000,49277.0000000000000000,49229.0000000000000000,49273.0000000000000000,748.3000000000000000
1689304980,2023-07-14 03:23:00,49284.0000000000000000,49284.0000000000000000,49265.0000000000000000,49265.0000000000000000,891.6200000000000000
1689305040,2023-07-14 03:24:00,49168.0000000000000000,49243.0000000000000000,49168.0000000000000000,49243.0000000000000000,58.7800000000000000
1689305100,2023-07-14 03:25:00,49272.0000000000000000,49272.0000000000000000,49268.0000000000000000,49271.0000000000000000,871.9000000000000000
1689305160,2023-07-14 03:26:00,49263.0000000000000000,49263.0000000000000000,49195.0000000000000000,49200.0000000000000000,709.6000000000000000
1689305220,2023-07-14 03:27:00,49264.0000000000000000,49264.0000000000000000,49163.0000000000000000,49163.0000000000000000,280.1800000000000000
1689305280,2023-07-14 03:28:00,49262.0000000000000000,49262.0000000000000000,49151.0000000000000000,49151.0000000000000000,138.3800000000000000
1689305340,2023-07-14 03:29:00,49151.0000000000000000,49153.0000000000000000,49151.0000000000000000,49153.0000000000000000,820.2600000000000000
1689305400,2023-07-14 03:30:00,49151.0000000000000000,49222.0000000000000000,49151.0000000000000000,49222.0000000000000000,175.5200000000000000
1689305460,2023-07-14 03:31:00,49152.0000000000000000,49213.0000000000000000,49152.0000000000000000,49213.0000000000000000,710.7800000000000000
1689305520,2023-07-14 03:32:00,49151.0000000000000000,49151.0000000000000000,49151.0000000000000000,49151.0000000000000000,68.4600000000000000
1689305580,2023-07-14 03:33:00,49221.0000000000000000,49221.0000000000000000,49152.0000000000000000,49217.0000000000000000,2478.4200000000000000
1689305640,2023-07-14 03:34:00,49154.0000000000000000,49154.0000000000000000,49154.0000000000000000,49154.0000000000000000,13.1000000000000000
1689305700,2023-07-14 03:35:00,49227.0000000000000000,49227.0000000000000000,49160.0000000000000000,49216.0000000000000000,415.0000000000000000
1689305760,2023-07-14 03:36:00,49151.0000000000000000,49221.0000000000000000,49151.0000000000000000,49153.0000000000000000,233.9800000000000000
1689305820,2023-07-14 03:37:00,49151.0000000000000000,49209.0000000000000000,49151.0000000000000000,49205.0000000000000000,344.5800000000000000
1689305880,2023-07-14 03:38:00,49206.0000000000000000,49230.0000000000000000,49200.0000000000000000,49230.0000000000000000,397.5200000000000000
1689305940,2023-07-14 03:39:00,49200.0000000000000000,49203.0000000000000000,49158.0000000000000000,49201.0000000000000000,3011.0800000000000000
1689306000,2023-07-14 03:40:00,49198.0000000000000000,49198.0000000000000000,49151.0000000000000000,49151.0000000000000000,1159.9200000000000000
1689306060,2023-07-14 03:41:00,49197.0000000000000000,49197.0000000000000000,49154.0000000000000000,49197.0000000000000000,3064.4600000000000000
1689306120,2023-07-14 03:42:00,49156.0000000000000000,49196.0000000000000000,49154.0000000000000000,49154.0000000000000000,332.2200000000000000
1689306180,2023-07-14 03:43:00,49175.0000000000000000,49194.0000000000000000,49151.0000000000000000,49151.0000000000000000,2892.4200000000000000
1689306240,2023-07-14 03:44:00,49194.0000000000000000,49194.0000000000000000,49151.0000000000000000,49151.0000000000000000,1555.3200000000000000
1689306300,2023-07-14 03:45:00,49151.0000000000000000,49153.0000000000000000,49151.0000000000000000,49151.0000000000000000,692.2400000000000000
1689306360,2023-07-14 03:46:00,49202.0000000000000000,49202.0000000000000000,49152.0000000000000000,49199.0000000000000000,1442.9600000000000000
1689306420,2023-07-14 03:47:00,49205.0000000000000000,49217.0000000000000000,49154.0000000000000000,49154.0000000000000000,2015.3400000000000000
1689306480,2023-07-14 03:48:00,49154.0000000000000000,49214.0000000000000000,49151.0000000000000000,49151.0000000000000000,645.8400000000000000
1689306540,2023-07-14 03:49:00,49151.0000000000000000,49151.0000000000000000,49151.0000000000000000,49151.0000000000000000,0E-16
1689306600,2023-07-14 03:50:00,49217.0000000000000000,49278.0000000000000000,49180.0000000000000000,49180.0000000000000000,345.5400000000000000
1689306660,2023-07-14 03:51:00,49273.0000000000000000,49277.0000000000000000,49150.0000000000000000,49150.0000000000000000,4395.5200000000000000
1689306720,2023-07-14 03:52:00,49159.0000000000000000,49159.0000000000000000,49150.0000000000000000,49150.0000000000000000,18841.1800000000000000
1689306780,2023-07-14 03:53:00,49159.0000000000000000,49159.0000000000000000,49150.0000000000000000,49150.0000000000000000,159.5600000000000000
1689306840,2023-07-14 03:54:00,49150.0000000000000000,49449.0000000000000000,49150.0000000000000000,49150.0000000000000000,7965.7200000000000000
1689306900,2023-07-14 03:55:00,49303.0000000000000000,49306.0000000000000000,49150.0000000000000000,49150.0000000000000000,8512.1000000000000000
1689306960,2023-07-14 03:56:00,49151.0000000000000000,49304.0000000000000000,49150.0000000000000000,49304.0000000000000000,1139.8800000000000000
1689307020,2023-07-14 03:57:00,49153.0000000000000000,49153.0000000000000000,49153.0000000000000000,49153.0000000000000000,134.8200000000000000
1689307080,2023-07-14 03:58:00,49301.0000000000000000,49301.0000000000000000,49301.0000000000000000,49301.0000000000000000,40.3000000000000000
1689307140,2023-07-14 03:59:00,49161.0000000000000000,49296.0000000000000000,49160.0000000000000000,49296.0000000000000000,915.7200000000000000
1689307200,2023-07-14 04:00:00,49295.0000000000000000,49295.0000000000000000,49150.0000000000000000,49150.0000000000000000,9948.9200000000000000
1689307260,2023-07-14 04:01:00,49150.0000000000000000,49294.0000000000000000,49150.0000000000000000,49283.0000000000000000,1230.0600000000000000
1689307320,2023-07-14 04:02:00,49165.0000000000000000,49168.0000000000000000,49165.0000000000000000,49166.0000000000000000,276.6400000000000000
1689307380,2023-07-14 04:03:00,49165.0000000000000000,49165.0000000000000000,49164.0000000000000000,49164.0000000000000000,94.0000000000000000
1689307440,2023-07-14 04:04:00,49164.0000000000000000,49222.0000000000000000,49164.0000000000000000,49165.0000000000000000,2342.6000000000000000
1689307500,2023-07-14 04:05:00,49221.0000000000000000,49221.0000000000000000,49214.0000000000000000,49214.0000000000000000,231.0600000000000000
1689307560,2023-07-14 04:06:00,49217.0000000000000000,49217.0000000000000000,49217.0000000000000000,49217.0000000000000000,7.2200000000000000
1689307620,2023-07-14 04:07:00,49159.0000000000000000,49200.0000000000000000,49159.0000000000000000,49200.0000000000000000,262.3600000000000000
1689307680,2023-07-14 04:08:00,49250.0000000000000000,49250.0000000000000000,49250.0000000000000000,49250.0000000000000000,60.0600000000000000
1689307740,2023-07-14 04:09:00,49250.0000000000000000,49250.0000000000000000,49183.0000000000000000,49243.0000000000000000,1067.5600000000000000
1689307800,2023-07-14 04:10:00,49188.0000000000000000,49226.0000000000000000,49169.0000000000000000,49169.0000000000000000,821.9200000000000000
1689307860,2023-07-14 04:11:00,49172.0000000000000000,49216.0000000000000000,49151.0000000000000000,49212.0000000000000000,2445.1400000000000000
1689307920,2023-07-14 04:12:00,49150.0000000000000000,49242.0000000000000000,49150.0000000000000000,49242.0000000000000000,232.7400000000000000
1689307980,2023-07-14 04:13:00,49150.0000000000000000,49153.0000000000000000,49150.0000000000000000,49150.0000000000000000,11117.8400000000000000
1689308040,2023-07-14 04:14:00,49149.0000000000000000,49149.0000000000000000,49142.0000000000000000,49142.0000000000000000,145.5000000000000000
1689308100,2023-07-14 04:15:00,49149.0000000000000000,49149.0000000000000000,49126.0000000000000000,49149.0000000000000000,1698.2000000000000000
1689308160,2023-07-14 04:16:00,49126.0000000000000000,49149.0000000000000000,49126.0000000000000000,49126.0000000000000000,3919.6000000000000000
1689308220,2023-07-14 04:17:00,49126.0000000000000000,49150.0000000000000000,49111.0000000000000000,49113.0000000000000000,3119.1800000000000000
1689308280,2023-07-14 04:18:00,49112.0000000000000000,49254.0000000000000000,49101.0000000000000000,49252.0000000000000000,11333.3600000000000000
1689308340,2023-07-14 04:19:00,49149.0000000000000000,49150.0000000000000000,49149.0000000000000000,49149.0000000000000000,69.7800000000000000
1689308400,2023-07-14 04:20:00,49151.0000000000000000,49199.0000000000000000,49151.0000000000000000,49192.0000000000000000,373.2200000000000000
1689308460,2023-07-14 04:21:00,49154.0000000000000000,49218.0000000000000000,49131.0000000000000000,49131.0000000000000000,3439.2600000000000000
1689308520,2023-07-14 04:22:00,49131.0000000000000000,49199.0000000000000000,49102.0000000000000000,49191.0000000000000000,1585.3400000000000000
1689308580,2023-07-14 04:23:00,49147.0000000000000000,49224.0000000000000000,49115.0000000000000000,49115.0000000000000000,770.7400000000000000
1689308640,2023-07-14 04:24:00,49101.0000000000000000,49210.0000000000000000,49095.0000000000000000,49095.0000000000000000,1486.1800000000000000
1689308700,2023-07-14 04:25:00,49095.0000000000000000,49221.0000000000000000,49095.0000000000000000,49221.0000000000000000,630.8600000000000000
1689308760,2023-07-14 04:26:00,49211.0000000000000000,49211.0000000000000000,49097.0000000000000000,49100.0000000000000000,2250.4600000000000000
1689308820,2023-07-14 04:27:00,49095.0000000000000000,49216.0000000000000000,49095.0000000000000000,49095.0000000000000000,406.3000000000000000
1689308880,2023-07-14 04:28:00,49199.0000000000000000,49214.0000000000000000,49095.0000000000000000,49214.0000000000000000,2689.0800000000000000
1689308940,2023-07-14 04:29:00,49101.0000000000000000,49224.0000000000000000,49069.0000000000000000,49220.0000000000000000,8045.5600000000000000
1689309000,2023-07-14 04:30:00,49211.0000000000000000,49222.0000000000000000,49070.0000000000000000,49210.0000000000000000,579.3800000000000000
1689309060,2023-07-14 04:31:00,49071.0000000000000000,49221.0000000000000000,49023.0000000000000000,49198.0000000000000000,4950.4200000000000000
1689309120,2023-07-14 04:32:00,49197.0000000000000000,49197.0000000000000000,49010.0000000000000000,49070.0000000000000000,807.9200000000000000
1689309180,2023-07-14 04:33:00,49169.0000000000000000,49169.0000000000000000,49169.0000000000000000,49169.0000000000000000,158.3400000000000000
1689309240,2023-07-14 04:34:00,49173.0000000000000000,49173.0000000000000000,49008.0000000000000000,49160.0000000000000000,907.4000000000000000
1689309300,2023-07-14 04:35:00,49154.0000000000000000,49154.0000000000000000,49008.0000000000000000,49008.0000000000000000,753.3000000000000000
1689309360,2023-07-14 04:36:00,49124.0000000000000000,49124.0000000000000000,49005.0000000000000000,49006.0000000000000000,1569.4600000000000000
1689309420,2023-07-14 04:37:00,49006.0000000000000000,49119.0000000000000000,49001.0000000000000000,49111.0000000000000000,2245.2200000000000000
1689309480,2023-07-14 04:38:00,49108.0000000000000000,49108.0000000000000000,49001.0000000000000000,49002.0000000000000000,3785.2800000000000000
1689309540,2023-07-14 04:39:00,49083.0000000000000000,49106.0000000000000000,49007.0000000000000000,49103.0000000000000000,394.2800000000000000
1689309600,2023-07-14 04:40:00,49010.0000000000000000,49120.0000000000000000,49008.0000000000000000,49120.0000000000000000,5479.0400000000000000
1689309660,2023-07-14 04:41:00,49120.0000000000000000,49122.0000000000000000,49101.0000000000000000,49101.0000000000000000,795.4000000000000000
1689309720,2023-07-14 04:42:00,49122.0000000000000000,49122.0000000000000000,49008.0000000000000000,49029.0000000000000000,1032.0000000000000000
1689309780,2023-07-14 04:43:00,49011.0000000000000000,49016.0000000000000000,49011.0000000000000000,49016.0000000000000000,189.4600000000000000
1689309840,2023-07-14 04:44:00,49115.0000000000000000,49115.0000000000000000,49012.0000000000000000,49107.0000000000000000,541.7400000000000000
1689309900,2023-07-14 04:45:00,49018.0000000000000000,49115.0000000000000000,49018.0000000000000000,49115.0000000000000000,832.1000000000000000
1689309960,2023-07-14 04:46:00,49020.0000000000000000,49116.0000000000000000,49008.0000000000000000,49113.0000000000000000,1218.2000000000000000
1689310020,2023-07-14 04:47:00,49022.0000000000000000,49110.0000000000000000,49006.0000000000000000,49110.0000000000000000,880.1600000000000000
1689310080,2023-07-14 04:48:00,49061.0000000000000000,49062.0000000000000000,49005.0000000000000000,49005.0000000000000000,1189.4600000000000000
1689310140,2023-07-14 04:49:00,49011.0000000000000000,49061.0000000000000000,49004.0000000000000000,49004.0000000000000000,230.0600000000000000
1689310200,2023-07-14 04:50:00,49005.0000000000000000,49063.0000000000000000,49002.0000000000000000,49002.0000000000000000,6238.4600000000000000
1689310260,2023-07-14 04:51:00,49004.0000000000000000,49055.0000000000000000,49004.0000000000000000,49006.0000000000000000,3582.1600000000000000
1689310320,2023-07-14 04:52:00,49055.0000000000000000,49055.0000000000000000,49005.0000000000000000,49055.0000000000000000,689.9600000000000000
1689310380,2023-07-14 04:53:00,49055.0000000000000000,49061.0000000000000000,49005.0000000000000000,49057.0000000000000000,1196.1400000000000000
1689310440,2023-07-14 04:54:00,49006.0000000000000000,49061.0000000000000000,49006.0000000000000000,49009.0000000000000000,1542.5000000000000000
1689310500,2023-07-14 04:55:00,49108.0000000000000000,49116.0000000000000000,49010.0000000000000000,49116.0000000000000000,4668.6800000000000000
1689310560,2023-07-14 04:56:00,49117.0000000000000000,49117.0000000000000000,49100.0000000000000000,49101.0000000000000000,576.2800000000000000
1689310620,2023-07-14 04:57:00,49117.0000000000000000,49173.0000000000000000,49115.0000000000000000,49170.0000000000000000,1582.8800000000000000
1689310680,2023-07-14 04:58:00,49169.0000000000000000,49175.0000000000000000,49096.0000000000000000,49167.0000000000000000,1388.9200000000000000
1689310740,2023-07-14 04:59:00,49167.0000000000000000,49167.0000000000000000,49070.0000000000000000,49100.0000000000000000,3763.4400000000000000
1689310800,2023-07-14 05:00:00,49100.0000000000000000,49180.0000000000000000,49100.0000000000000000,49177.0000000000000000,332.0000000000000000
1689310860,2023-07-14 05:01:00,49177.0000000000000000,49177.0000000000000000,49082.0000000000000000,49112.0000000000000000,1451.5600000000000000
1689310920,2023-07-14 05:02:00,49115.0000000000000000,49170.0000000000000000,49084.0000000000000000,49090.0000000000000000,300.6800000000000000
1689310980,2023-07-14 05:03:00,49128.0000000000000000,49166.0000000000000000,49128.0000000000000000,49166.0000000000000000,432.2200000000000000
1689311040,2023-07-14 05:04:00,49132.0000000000000000,49184.0000000000000000,49124.0000000000000000,49184.0000000000000000,3843.9200000000000000
1689311100,2023-07-14 05:05:00,49126.0000000000000000,49182.0000000000000000,49110.0000000000000000,49110.0000000000000000,6548.0600000000000000
1689311160,2023-07-14 05:06:00,49179.0000000000000000,49179.0000000000000000,49112.0000000000000000,49178.0000000000000000,2381.1400000000000000
1689311220,2023-07-14 05:07:00,49178.0000000000000000,49178.0000000000000000,49100.0000000000000000,49169.0000000000000000,1561.0400000000000000
1689311280,2023-07-14 05:08:00,49100.0000000000000000,49170.0000000000000000,49077.0000000000000000,49168.0000000000000000,3288.7400000000000000
1689311340,2023-07-14 05:09:00,49170.0000000000000000,49174.0000000000000000,49063.0000000000000000,49173.0000000000000000,2655.1000000000000000
1689311400,2023-07-14 05:10:00,49062.0000000000000000,49197.0000000000000000,49062.0000000000000000,49071.0000000000000000,2476.1600000000000000
1689311460,2023-07-14 05:11:00,49081.0000000000000000,49190.0000000000000000,49065.0000000000000000,49185.0000000000000000,1040.7000000000000000
1689311520,2023-07-14 05:12:00,49100.0000000000000000,49181.0000000000000000,49063.0000000000000000,49080.0000000000000000,4689.7600000000000000
1689311580,2023-07-14 05:13:00,49081.0000000000000000,49168.0000000000000000,49064.0000000000000000,49070.0000000000000000,2568.3200000000000000
1689311640,2023-07-14 05:14:00,49067.0000000000000000,49070.0000000000000000,49063.0000000000000000,49063.0000000000000000,341.9800000000000000
1689311700,2023-07-14 05:15:00,49063.0000000000000000,49170.0000000000000000,49009.0000000000000000,49009.0000000000000000,6630.7800000000000000
1689311760,2023-07-14 05:16:00,49154.0000000000000000,49154.0000000000000000,49097.0000000000000000,49097.0000000000000000,3089.2600000000000000
1689311820,2023-07-14 05:17:00,49080.0000000000000000,49170.0000000000000000,49011.0000000000000000,49138.0000000000000000,6704.1000000000000000
1689311880,2023-07-14 05:18:00,49135.0000000000000000,49135.0000000000000000,49043.0000000000000000,49047.0000000000000000,7631.0000000000000000
1689311940,2023-07-14 05:19:00,49043.0000000000000000,49122.0000000000000000,49042.0000000000000000,49117.0000000000000000,662.7800000000000000
1689312000,2023-07-14 05:20:00,49106.0000000000000000,49130.0000000000000000,49042.0000000000000000,49042.0000000000000000,1727.6400000000000000
1689312060,2023-07-14 05:21:00,49110.0000000000000000,49124.0000000000000000,49009.0000000000000000,49009.0000000000000000,2738.6600000000000000
1689312120,2023-07-14 05:22:00,49031.0000000000000000,49031.0000000000000000,49011.0000000000000000,49011.0000000000000000,185.6600000000000000
1689312180,2023-07-14 05:23:00,49011.0000000000000000,49031.0000000000000000,49011.0000000000000000,49013.0000000000000000,154.8000000000000000
1689312240,2023-07-14 05:24:00,49031.0000000000000000,49110.0000000000000000,49012.0000000000000000,49107.0000000000000000,1772.9200000000000000
1689312300,2023-07-14 05:25:00,49107.0000000000000000,49107.0000000000000000,49033.0000000000000000,49099.0000000000000000,1748.8400000000000000
1689312360,2023-07-14 05:26:00,49100.0000000000000000,49104.0000000000000000,49014.0000000000000000,49087.0000000000000000,665.3200000000000000
1689312420,2023-07-14 05:27:00,49032.0000000000000000,49114.0000000000000000,49032.0000000000000000,49100.0000000000000000,411.6000000000000000
1689312480,2023-07-14 05:28:00,49090.0000000000000000,49109.0000000000000000,49052.0000000000000000,49052.0000000000000000,572.8800000000000000
1689312540,2023-07-14 05:29:00,49110.0000000000000000,49110.0000000000000000,49009.0000000000000000,49009.0000000000000000,2230.0800000000000000
1689312600,2023-07-14 05:30:00,49170.0000000000000000,49175.0000000000000000,49009.0000000000000000,49009.0000000000000000,3360.1000000000000000
1689312660,2023-07-14 05:31:00,49094.0000000000000000,49094.0000000000000000,49009.0000000000000000,49009.0000000000000000,417.9600000000000000
1689312720,2023-07-14 05:32:00,49160.0000000000000000,49160.0000000000000000,49010.0000000000000000,49011.0000000000000000,1387.4400000000000000
1689312780,2023-07-14 05:33:00,49012.0000000000000000,49158.0000000000000000,49012.0000000000000000,49158.0000000000000000,471.9200000000000000
1689312840,2023-07-14 05:34:00,49137.0000000000000000,49137.0000000000000000,49121.0000000000000000,49121.0000000000000000,761.4400000000000000
1689312900,2023-07-14 05:35:00,49121.0000000000000000,49121.0000000000000000,49121.0000000000000000,49121.0000000000000000,0E-16
1689312960,2023-07-14 05:36:00,49121.0000000000000000,49155.0000000000000000,49021.0000000000000000,49155.0000000000000000,282.3600000000000000
1689313020,2023-07-14 05:37:00,49150.0000000000000000,49150.0000000000000000,49029.0000000000000000,49141.0000000000000000,2065.0400000000000000
1689313080,2023-07-14 05:38:00,49141.0000000000000000,49141.0000000000000000,49028.0000000000000000,49033.0000000000000000,2104.3000000000000000
1689313140,2023-07-14 05:39:00,49034.0000000000000000,49134.0000000000000000,49023.0000000000000000,49133.0000000000000000,3341.2800000000000000
1689313200,2023-07-14 05:40:00,49133.0000000000000000,49142.0000000000000000,49025.0000000000000000,49062.0000000000000000,611.9000000000000000
1689313260,2023-07-14 05:41:00,49140.0000000000000000,49142.0000000000000000,49051.0000000000000000,49051.0000000000000000,762.9600000000000000
1689313320,2023-07-14 05:42:00,49142.0000000000000000,49142.0000000000000000,49058.0000000000000000,49141.0000000000000000,759.0400000000000000
1689313380,2023-07-14 05:43:00,49139.0000000000000000,49149.0000000000000000,49041.0000000000000000,49148.0000000000000000,518.5200000000000000
1689313440,2023-07-14 05:44:00,49149.0000000000000000,49161.0000000000000000,49051.0000000000000000,49161.0000000000000000,682.4200000000000000
1689313500,2023-07-14 05:45:00,49069.0000000000000000,49165.0000000000000000,49055.0000000000000000,49056.0000000000000000,1566.8000000000000000
1689313560,2023-07-14 05:46:00,49050.0000000000000000,49050.0000000000000000,49033.0000000000000000,49033.0000000000000000,4972.0400000000000000
1689313620,2023-07-14 05:47:00,49034.0000000000000000,49035.0000000000000000,49020.0000000000000000,49034.0000000000000000,2047.6400000000000000
1689313680,2023-07-14 05:48:00,49034.0000000000000000,49034.0000000000000000,49034.0000000000000000,49034.0000000000000000,61.1200000000000000
1689313740,2023-07-14 05:49:00,49023.0000000000000000,49034.0000000000000000,49023.0000000000000000,49034.0000000000000000,847.1600000000000000
1689313800,2023-07-14 05:50:00,49023.0000000000000000,49035.0000000000000000,49018.0000000000000000,49035.0000000000000000,1937.1600000000000000
1689313860,2023-07-14 05:51:00,49035.0000000000000000,49035.0000000000000000,49009.0000000000000000,49033.0000000000000000,1212.1600000000000000
1689313920,2023-07-14 05:52:00,49033.0000000000000000,49100.0000000000000000,49010.0000000000000000,49096.0000000000000000,946.2000000000000000
1689313980,2023-07-14 05:53:00,49095.0000000000000000,49095.0000000000000000,49009.0000000000000000,49092.0000000000000000,736.0600000000000000
1689314040,2023-07-14 05:54:00,49100.0000000000000000,49100.0000000000000000,49012.0000000000000000,49099.0000000000000000,1643.2800000000000000
1689314100,2023-07-14 05:55:00,49099.0000000000000000,49100.0000000000000000,49099.0000000000000000,49100.0000000000000000,102.5200000000000000
1689314160,2023-07-14 05:56:00,49099.0000000000000000,49148.0000000000000000,49099.0000000000000000,49148.0000000000000000,3136.1400000000000000
1689314220,2023-07-14 05:57:00,49148.0000000000000000,49148.0000000000000000,49102.0000000000000000,49146.0000000000000000,1666.8400000000000000
1689314280,2023-07-14 05:58:00,49144.0000000000000000,49150.0000000000000000,49101.0000000000000000,49150.0000000000000000,3732.6600000000000000
1689314340,2023-07-14 05:59:00,49150.0000000000000000,49150.0000000000000000,49147.0000000000000000,49149.0000000000000000,637.6200000000000000
1689314400,2023-07-14 06:00:00,49150.0000000000000000,49150.0000000000000000,49150.0000000000000000,49150.0000000000000000,55.9800000000000000
1689314460,2023-07-14 06:01:00,49106.0000000000000000,49171.0000000000000000,49092.0000000000000000,49169.0000000000000000,3623.8000000000000000
1689314520,2023-07-14 06:02:00,49166.0000000000000000,49180.0000000000000000,49049.0000000000000000,49179.0000000000000000,5652.0000000000000000
1689314580,2023-07-14 06:03:00,49180.0000000000000000,49180.0000000000000000,49035.0000000000000000,49176.0000000000000000,4421.3200000000000000
1689314640,2023-07-14 06:04:00,49171.0000000000000000,49180.0000000000000000,49017.0000000000000000,49180.0000000000000000,2754.6000000000000000
1689314700,2023-07-14 06:05:00,49179.0000000000000000,49179.0000000000000000,49015.0000000000000000,49017.0000000000000000,4060.1800000000000000
1689314760,2023-07-14 06:06:00,49017.0000000000000000,49158.0000000000000000,49017.0000000000000000,49149.0000000000000000,385.9400000000000000
1689314820,2023-07-14 06:07:00,49146.0000000000000000,49146.0000000000000000,49019.0000000000000000,49143.0000000000000000,1844.1400000000000000
1689314880,2023-07-14 06:08:00,49173.0000000000000000,49173.0000000000000000,49045.0000000000000000,49157.0000000000000000,354.2200000000000000
1689314940,2023-07-14 06:09:00,49150.0000000000000000,49157.0000000000000000,49035.0000000000000000,49043.0000000000000000,2981.9000000000000000
1689315000,2023-07-14 06:10:00,49044.0000000000000000,49147.0000000000000000,49044.0000000000000000,49136.0000000000000000,2054.6200000000000000
1689315060,2023-07-14 06:11:00,49135.0000000000000000,49147.0000000000000000,49132.0000000000000000,49147.0000000000000000,133.7800000000000000
1689315120,2023-07-14 06:12:00,49132.0000000000000000,49132.0000000000000000,49047.0000000000000000,49047.0000000000000000,169.2000000000000000
1689315180,2023-07-14 06:13:00,49130.0000000000000000,49130.0000000000000000,49020.0000000000000000,49121.0000000000000000,809.7200000000000000
1689315240,2023-07-14 06:14:00,49059.0000000000000000,49126.0000000000000000,49015.0000000000000000,49016.0000000000000000,10241.5600000000000000
1689315300,2023-07-14 06:15:00,49055.0000000000000000,49055.0000000000000000,49012.0000000000000000,49012.0000000000000000,4830.0600000000000000
1689315360,2023-07-14 06:16:00,49053.0000000000000000,49053.0000000000000000,49010.0000000000000000,49050.0000000000000000,2732.5000000000000000
1689315420,2023-07-14 06:17:00,49049.0000000000000000,49049.0000000000000000,49009.0000000000000000,49009.0000000000000000,7382.2800000000000000
1689315480,2023-07-14 06:18:00,49009.0000000000000000,49052.0000000000000000,49009.0000000000000000,49009.0000000000000000,4147.7400000000000000
1689315540,2023-07-14 06:19:00,49010.0000000000000000,49051.0000000000000000,49006.0000000000000000,49050.0000000000000000,4136.1600000000000000
1689315600,2023-07-14 06:20:00,49051.0000000000000000,49056.0000000000000000,49007.0000000000000000,49056.0000000000000000,1969.9400000000000000
1689315660,2023-07-14 06:21:00,49009.0000000000000000,49053.0000000000000000,49007.0000000000000000,49049.0000000000000000,2242.0400000000000000
1689315720,2023-07-14 06:22:00,49009.0000000000000000,49069.0000000000000000,49009.0000000000000000,49009.0000000000000000,3490.3800000000000000
1689315780,2023-07-14 06:23:00,49009.0000000000000000,49050.0000000000000000,49009.0000000000000000,49009.0000000000000000,608.9200000000000000
1689315840,2023-07-14 06:24:00,49050.0000000000000000,49066.0000000000000000,49009.0000000000000000,49066.0000000000000000,842.0000000000000000
1689315900,2023-07-14 06:25:00,49064.0000000000000000,49065.0000000000000000,49009.0000000000000000,49009.0000000000000000,864.2800000000000000
1689315960,2023-07-14 06:26:00,49067.0000000000000000,49070.0000000000000000,49065.0000000000000000,49069.0000000000000000,723.4000000000000000
1689316020,2023-07-14 06:27:00,49068.0000000000000000,49068.0000000000000000,49020.0000000000000000,49020.0000000000000000,470.1600000000000000
1689316080,2023-07-14 06:28:00,49020.0000000000000000,49070.0000000000000000,49009.0000000000000000,49059.0000000000000000,1946.9400000000000000
1689316140,2023-07-14 06:29:00,49015.0000000000000000,49063.0000000000000000,49015.0000000000000000,49019.0000000000000000,2053.9000000000000000
1689316200,2023-07-14 06:30:00,49018.0000000000000000,49064.0000000000000000,49009.0000000000000000,49013.0000000000000000,5048.7600000000000000
1689316260,2023-07-14 06:31:00,49017.0000000000000000,49064.0000000000000000,49017.0000000000000000,49064.0000000000000000,1106.9600000000000000
1689316320,2023-07-14 06:32:00,49031.0000000000000000,49128.0000000000000000,49030.0000000000000000,49033.0000000000000000,1400.5800000000000000
1689316380,2023-07-14 06:33:00,49124.0000000000000000,49124.0000000000000000,49030.0000000000000000,49113.0000000000000000,1529.1000000000000000
1689316440,2023-07-14 06:34:00,49109.0000000000000000,49161.0000000000000000,49034.0000000000000000,49034.0000000000000000,170.1200000000000000
1689316500,2023-07-14 06:35:00,49149.0000000000000000,49149.0000000000000000,49035.0000000000000000,49100.0000000000000000,432.3000000000000000
1689316560,2023-07-14 06:36:00,49039.0000000000000000,49097.0000000000000000,49033.0000000000000000,49033.0000000000000000,1364.9600000000000000
1689316620,2023-07-14 06:37:00,49096.0000000000000000,49096.0000000000000000,49033.0000000000000000,49092.0000000000000000,3702.6200000000000000
1689316680,2023-07-14 06:38:00,49091.0000000000000000,49092.0000000000000000,49035.0000000000000000,49087.0000000000000000,2713.9400000000000000
1689316740,2023-07-14 06:39:00,49084.0000000000000000,49113.0000000000000000,49038.0000000000000000,49038.0000000000000000,2001.5600000000000000
1689316800,2023-07-14 06:40:00,49111.0000000000000000,49112.0000000000000000,49035.0000000000000000,49040.0000000000000000,830.6800000000000000
1689316860,2023-07-14 06:41:00,49109.0000000000000000,49111.0000000000000000,49030.0000000000000000,49111.0000000000000000,3630.7400000000000000
1689316920,2023-07-14 06:42:00,49056.0000000000000000,49099.0000000000000000,49016.0000000000000000,49094.0000000000000000,12417.9400000000000000
1689316980,2023-07-14 06:43:00,49042.0000000000000000,49093.0000000000000000,49009.0000000000000000,49014.0000000000000000,5028.1400000000000000
1689317040,2023-07-14 06:44:00,49014.0000000000000000,49092.0000000000000000,49014.0000000000000000,49014.0000000000000000,1116.3600000000000000
1689317100,2023-07-14 06:45:00,49077.0000000000000000,49149.0000000000000000,49014.0000000000000000,49014.0000000000000000,1995.6400000000000000
1689317160,2023-07-14 06:46:00,49149.0000000000000000,49149.0000000000000000,49012.0000000000000000,49012.0000000000000000,1693.8000000000000000
1689317220,2023-07-14 06:47:00,49023.0000000000000000,49116.0000000000000000,49018.0000000000000000,49026.0000000000000000,802.0600000000000000
1689317280,2023-07-14 06:48:00,49116.0000000000000000,49116.0000000000000000,49023.0000000000000000,49099.0000000000000000,378.7400000000000000
1689317340,2023-07-14 06:49:00,49060.0000000000000000,49100.0000000000000000,49009.0000000000000000,49010.0000000000000000,6914.9400000000000000
1689317400,2023-07-14 06:50:00,49104.0000000000000000,49104.0000000000000000,49009.0000000000000000,49103.0000000000000000,558.2000000000000000
1689317460,2023-07-14 06:51:00,49097.0000000000000000,49099.0000000000000000,49013.0000000000000000,49013.0000000000000000,4801.7800000000000000
1689317520,2023-07-14 06:52:00,49014.0000000000000000,49081.0000000000000000,49014.0000000000000000,49081.0000000000000000,1551.7000000000000000
1689317580,2023-07-14 06:53:00,49017.0000000000000000,49084.0000000000000000,49017.0000000000000000,49084.0000000000000000,279.2600000000000000
1689317640,2023-07-14 06:54:00,49013.0000000000000000,49085.0000000000000000,49013.0000000000000000,49085.0000000000000000,1282.9400000000000000
1689317700,2023-07-14 06:55:00,49085.0000000000000000,49085.0000000000000000,49015.0000000000000000,49016.0000000000000000,1086.8800000000000000
1689317760,2023-07-14 06:56:00,49084.0000000000000000,49084.0000000000000000,49015.0000000000000000,49015.0000000000000000,4798.0000000000000000
1689317820,2023-07-14 06:57:00,49078.0000000000000000,49078.0000000000000000,49017.0000000000000000,49077.0000000000000000,761.3000000000000000
1689317880,2023-07-14 06:58:00,49077.0000000000000000,49084.0000000000000000,49023.0000000000000000,49084.0000000000000000,3407.9000000000000000
1689317940,2023-07-14 06:59:00,49040.0000000000000000,49040.0000000000000000,49038.0000000000000000,49039.0000000000000000,416.1400000000000000
1689318000,2023-07-14 07:00:00,49040.0000000000000000,49084.0000000000000000,49029.0000000000000000,49029.0000000000000000,3122.4200000000000000
1689318060,2023-07-14 07:01:00,49086.0000000000000000,49086.0000000000000000,49039.0000000000000000,49041.0000000000000000,2448.9200000000000000
1689318120,2023-07-14 07:02:00,49083.0000000000000000,49086.0000000000000000,49032.0000000000000000,49034.0000000000000000,3390.1000000000000000
1689318180,2023-07-14 07:03:00,49085.0000000000000000,49086.0000000000000000,49025.0000000000000000,49026.0000000000000000,5043.7600000000000000
1689318240,2023-07-14 07:04:00,49085.0000000000000000,49147.0000000000000000,49022.0000000000000000,49023.0000000000000000,3202.7800000000000000
1689318300,2023-07-14 07:05:00,49025.0000000000000000,49146.0000000000000000,49023.0000000000000000,49139.0000000000000000,556.5200000000000000
1689318360,2023-07-14 07:06:00,49033.0000000000000000,49120.0000000000000000,49033.0000000000000000,49113.0000000000000000,910.4600000000000000
1689318420,2023-07-14 07:07:00,49109.0000000000000000,49148.0000000000000000,49040.0000000000000000,49044.0000000000000000,1622.7600000000000000
1689318480,2023-07-14 07:08:00,49100.0000000000000000,49100.0000000000000000,49022.0000000000000000,49024.0000000000000000,3991.4000000000000000
1689318540,2023-07-14 07:09:00,49023.0000000000000000,49078.0000000000000000,49023.0000000000000000,49075.0000000000000000,1725.2200000000000000
1689318600,2023-07-14 07:10:00,49026.0000000000000000,49099.0000000000000000,49017.0000000000000000,49017.0000000000000000,1070.5600000000000000
1689318660,2023-07-14 07:11:00,49017.0000000000000000,49099.0000000000000000,49015.0000000000000000,49098.0000000000000000,607.0000000000000000
1689318720,2023-07-14 07:12:00,49024.0000000000000000,49095.0000000000000000,49024.0000000000000000,49025.0000000000000000,2679.2600000000000000
1689318780,2023-07-14 07:13:00,49023.0000000000000000,49098.0000000000000000,49017.0000000000000000,49085.0000000000000000,756.8000000000000000
1689318840,2023-07-14 07:14:00,49087.0000000000000000,49100.0000000000000000,49016.0000000000000000,49100.0000000000000000,3159.3400000000000000
1689318900,2023-07-14 07:15:00,49019.0000000000000000,49097.0000000000000000,49019.0000000000000000,49084.0000000000000000,432.7800000000000000
1689318960,2023-07-14 07:16:00,49085.0000000000000000,49098.0000000000000000,49077.0000000000000000,49097.0000000000000000,875.4600000000000000
1689319020,2023-07-14 07:17:00,49038.0000000000000000,49100.0000000000000000,49035.0000000000000000,49100.0000000000000000,782.4200000000000000
1689319080,2023-07-14 07:18:00,49098.0000000000000000,49100.0000000000000000,49047.0000000000000000,49099.0000000000000000,3816.1600000000000000
1689319140,2023-07-14 07:19:00,49099.0000000000000000,49099.0000000000000000,49039.0000000000000000,49098.0000000000000000,1155.2600000000000000
1689319200,2023-07-14 07:20:00,49097.0000000000000000,49097.0000000000000000,49038.0000000000000000,49095.0000000000000000,1184.8800000000000000
1689319260,2023-07-14 07:21:00,49095.0000000000000000,49099.0000000000000000,49043.0000000000000000,49095.0000000000000000,1064.6800000000000000
1689319320,2023-07-14 07:22:00,49095.0000000000000000,49100.0000000000000000,49038.0000000000000000,49100.0000000000000000,1450.2400000000000000
1689319380,2023-07-14 07:23:00,49040.0000000000000000,49097.0000000000000000,49039.0000000000000000,49097.0000000000000000,1284.1000000000000000
1689319440,2023-07-14 07:24:00,49094.0000000000000000,49100.0000000000000000,49040.0000000000000000,49100.0000000000000000,1472.8400000000000000
1689319500,2023-07-14 07:25:00,49099.0000000000000000,49099.0000000000000000,49040.0000000000000000,49098.0000000000000000,921.0000000000000000
1689319560,2023-07-14 07:26:00,49041.0000000000000000,49100.0000000000000000,49041.0000000000000000,49099.0000000000000000,2778.0400000000000000
1689319620,2023-07-14 07:27:00,49099.0000000000000000,49100.0000000000000000,49047.0000000000000000,49098.0000000000000000,1596.5600000000000000
1689319680,2023-07-14 07:28:00,49048.0000000000000000,49119.0000000000000000,49048.0000000000000000,49118.0000000000000000,511.2000000000000000
1689319740,2023-07-14 07:29:00,49118.0000000000000000,49119.0000000000000000,49118.0000000000000000,49119.0000000000000000,332.9000000000000000
1689319800,2023-07-14 07:30:00,49119.0000000000000000,49146.0000000000000000,49100.0000000000000000,49146.0000000000000000,3151.5400000000000000
1689319860,2023-07-14 07:31:00,49101.0000000000000000,49146.0000000000000000,49100.0000000000000000,49102.0000000000000000,10491.5000000000000000
1689319920,2023-07-14 07:32:00,49103.0000000000000000,49173.0000000000000000,49100.0000000000000000,49101.0000000000000000,28004.2000000000000000
1689319980,2023-07-14 07:33:00,49167.0000000000000000,49200.0000000000000000,49100.0000000000000000,49108.0000000000000000,9899.3600000000000000
1689320040,2023-07-14 07:34:00,49200.0000000000000000,49231.0000000000000000,49102.0000000000000000,49203.0000000000000000,4746.1000000000000000
1689320100,2023-07-14 07:35:00,49203.0000000000000000,49224.0000000000000000,49123.0000000000000000,49222.0000000000000000,1546.8400000000000000
1689320160,2023-07-14 07:36:00,49225.0000000000000000,49245.0000000000000000,49133.0000000000000000,49138.0000000000000000,1413.6600000000000000
1689320220,2023-07-14 07:37:00,49140.0000000000000000,49237.0000000000000000,49140.0000000000000000,49237.0000000000000000,1193.1800000000000000
1689320280,2023-07-14 07:38:00,49234.0000000000000000,49241.0000000000000000,49130.0000000000000000,49134.0000000000000000,3511.8200000000000000
1689320340,2023-07-14 07:39:00,49234.0000000000000000,49234.0000000000000000,49135.0000000000000000,49227.0000000000000000,135.6200000000000000
1689320400,2023-07-14 07:40:00,49150.0000000000000000,49242.0000000000000000,49150.0000000000000000,49152.0000000000000000,4851.5800000000000000
1689320460,2023-07-14 07:41:00,49154.0000000000000000,49242.0000000000000000,49150.0000000000000000,49153.0000000000000000,2904.1800000000000000
1689320520,2023-07-14 07:42:00,49234.0000000000000000,49241.0000000000000000,49151.0000000000000000,49240.0000000000000000,1306.8000000000000000
1689320580,2023-07-14 07:43:00,49240.0000000000000000,49240.0000000000000000,49161.0000000000000000,49240.0000000000000000,1735.0200000000000000
1689320640,2023-07-14 07:44:00,49240.0000000000000000,49244.0000000000000000,49200.0000000000000000,49200.0000000000000000,8835.6000000000000000
1689320700,2023-07-14 07:45:00,49200.0000000000000000,49256.0000000000000000,49200.0000000000000000,49256.0000000000000000,11428.9200000000000000
1689320760,2023-07-14 07:46:00,49203.0000000000000000,49257.0000000000000000,49201.0000000000000000,49201.0000000000000000,4410.8400000000000000
1689320820,2023-07-14 07:47:00,49255.0000000000000000,49257.0000000000000000,49205.0000000000000000,49254.0000000000000000,1683.5800000000000000
1689320880,2023-07-14 07:48:00,49254.0000000000000000,49257.0000000000000000,49204.0000000000000000,49255.0000000000000000,1025.2200000000000000
1689320940,2023-07-14 07:49:00,49255.0000000000000000,49255.0000000000000000,49211.0000000000000000,49254.0000000000000000,714.6800000000000000
1689321000,2023-07-14 07:50:00,49254.0000000000000000,49255.0000000000000000,49212.0000000000000000,49225.0000000000000000,4305.4000000000000000
1689321060,2023-07-14 07:51:00,49215.0000000000000000,49257.0000000000000000,49210.0000000000000000,49214.0000000000000000,4808.6600000000000000
1689321120,2023-07-14 07:52:00,49249.0000000000000000,49258.0000000000000000,49214.0000000000000000,49258.0000000000000000,1741.8200000000000000
1689321180,2023-07-14 07:53:00,49261.0000000000000000,49279.0000000000000000,49211.0000000000000000,49255.0000000000000000,7473.2800000000000000
1689321240,2023-07-14 07:54:00,49279.0000000000000000,49288.0000000000000000,49241.0000000000000000,49287.0000000000000000,2098.9400000000000000
1689321300,2023-07-14 07:55:00,49287.0000000000000000,49288.0000000000000000,49251.0000000000000000,49288.0000000000000000,1079.3800000000000000
1689321360,2023-07-14 07:56:00,49288.0000000000000000,49288.0000000000000000,49250.0000000000000000,49287.0000000000000000,1990.4800000000000000
1689321420,2023-07-14 07:57:00,49250.0000000000000000,49289.0000000000000000,49238.0000000000000000,49289.0000000000000000,6063.0400000000000000
1689321480,2023-07-14 07:58:00,49289.0000000000000000,49289.0000000000000000,49210.0000000000000000,49210.0000000000000000,1978.2600000000000000
1689321540,2023-07-14 07:59:00,49287.0000000000000000,49287.0000000000000000,49210.0000000000000000,49284.0000000000000000,624.7200000000000000
1689321600,2023-07-14 08:00:00,49230.0000000000000000,49321.0000000000000000,49213.0000000000000000,49213.0000000000000000,5999.5400000000000000
1689321660,2023-07-14 08:01:00,49224.0000000000000000,49247.0000000000000000,49224.0000000000000000,49246.0000000000000000,2872.9800000000000000
1689321720,2023-07-14 08:02:00,49210.0000000000000000,49309.0000000000000000,49210.0000000000000000,49288.0000000000000000,1950.3600000000000000
1689321780,2023-07-14 08:03:00,49304.0000000000000000,49314.0000000000000000,49227.0000000000000000,49234.0000000000000000,4374.1000000000000000
1689321840,2023-07-14 08:04:00,49235.0000000000000000,49309.0000000000000000,49211.0000000000000000,49301.0000000000000000,5255.6000000000000000
1689321900,2023-07-14 08:05:00,49221.0000000000000000,49311.0000000000000000,49221.0000000000000000,49225.0000000000000000,538.1000000000000000
1689321960,2023-07-14 08:06:00,49224.0000000000000000,49311.0000000000000000,49210.0000000000000000,49224.0000000000000000,3201.2400000000000000
1689322020,2023-07-14 08:07:00,49211.0000000000000000,49305.0000000000000000,49211.0000000000000000,49214.0000000000000000,1711.2400000000000000
1689322080,2023-07-14 08:08:00,49212.0000000000000000,49214.0000000000000000,49210.0000000000000000,49213.0000000000000000,4542.9600000000000000
1689322140,2023-07-14 08:09:00,49213.0000000000000000,49213.0000000000000000,49210.0000000000000000,49212.0000000000000000,2122.5600000000000000
1689322200,2023-07-14 08:10:00,49212.0000000000000000,49213.0000000000000000,49210.0000000000000000,49210.0000000000000000,1067.3400000000000000
1689322260,2023-07-14 08:11:00,49213.0000000000000000,49214.0000000000000000,49210.0000000000000000,49210.0000000000000000,4594.6800000000000000
1689322320,2023-07-14 08:12:00,49210.0000000000000000,49309.0000000000000000,49210.0000000000000000,49210.0000000000000000,8237.2600000000000000
1689322380,2023-07-14 08:13:00,49291.0000000000000000,49296.0000000000000000,49216.0000000000000000,49216.0000000000000000,543.9200000000000000
1689322440,2023-07-14 08:14:00,49289.0000000000000000,49289.0000000000000000,49211.0000000000000000,49280.0000000000000000,768.3600000000000000
1689322500,2023-07-14 08:15:00,49281.0000000000000000,49295.0000000000000000,49214.0000000000000000,49218.0000000000000000,582.9200000000000000
1689322560,2023-07-14 08:16:00,49296.0000000000000000,49296.0000000000000000,49211.0000000000000000,49211.0000000000000000,2859.8400000000000000
1689322620,2023-07-14 08:17:00,49291.0000000000000000,49292.0000000000000000,49212.0000000000000000,49212.0000000000000000,341.2400000000000000
1689322680,2023-07-14 08:18:00,49280.0000000000000000,49280.0000000000000000,49210.0000000000000000,49280.0000000000000000,2584.7400000000000000
1689322740,2023-07-14 08:19:00,49277.0000000000000000,49280.0000000000000000,49212.0000000000000000,49220.0000000000000000,2232.3000000000000000
1689322800,2023-07-14 08:20:00,49280.0000000000000000,49283.0000000000000000,49280.0000000000000000,49283.0000000000000000,1013.2800000000000000
1689322860,2023-07-14 08:21:00,49283.0000000000000000,49283.0000000000000000,49212.0000000000000000,49212.0000000000000000,233.6000000000000000
1689322920,2023-07-14 08:22:00,49219.0000000000000000,49318.0000000000000000,49210.0000000000000000,49210.0000000000000000,10492.4400000000000000
1689322980,2023-07-14 08:23:00,49212.0000000000000000,49304.0000000000000000,49210.0000000000000000,49212.0000000000000000,13916.3400000000000000
1689323040,2023-07-14 08:24:00,49221.0000000000000000,49307.0000000000000000,49212.0000000000000000,49283.0000000000000000,7195.7000000000000000
1689323100,2023-07-14 08:25:00,49283.0000000000000000,49424.0000000000000000,49260.0000000000000000,49424.0000000000000000,7807.6400000000000000
1689323160,2023-07-14 08:26:00,49294.0000000000000000,49365.0000000000000000,49261.0000000000000000,49261.0000000000000000,1266.2200000000000000
1689323220,2023-07-14 08:27:00,49261.0000000000000000,49362.0000000000000000,49260.0000000000000000,49352.0000000000000000,1447.4800000000000000
1689323280,2023-07-14 08:28:00,49352.0000000000000000,49363.0000000000000000,49262.0000000000000000,49361.0000000000000000,1040.2400000000000000
1689323340,2023-07-14 08:29:00,49366.0000000000000000,49388.0000000000000000,49261.0000000000000000,49387.0000000000000000,5396.2400000000000000
1689323400,2023-07-14 08:30:00,49387.0000000000000000,49387.0000000000000000,49260.0000000000000000,49375.0000000000000000,3668.8600000000000000
1689323460,2023-07-14 08:31:00,49373.0000000000000000,49376.0000000000000000,49259.0000000000000000,49259.0000000000000000,3254.0400000000000000
1689323520,2023-07-14 08:32:00,49374.0000000000000000,49374.0000000000000000,49372.0000000000000000,49372.0000000000000000,369.5200000000000000
1689323580,2023-07-14 08:33:00,49371.0000000000000000,49372.0000000000000000,49265.0000000000000000,49371.0000000000000000,1199.8200000000000000
1689323640,2023-07-14 08:34:00,49249.0000000000000000,49270.0000000000000000,49249.0000000000000000,49270.0000000000000000,74.1600000000000000
1689323700,2023-07-14 08:35:00,49271.0000000000000000,49368.0000000000000000,49271.0000000000000000,49273.0000000000000000,2504.9400000000000000
1689323760,2023-07-14 08:36:00,49280.0000000000000000,49370.0000000000000000,49270.0000000000000000,49272.0000000000000000,2419.5600000000000000
1689323820,2023-07-14 08:37:00,49270.0000000000000000,49331.0000000000000000,49270.0000000000000000,49326.0000000000000000,3905.8000000000000000
1689323880,2023-07-14 08:38:00,49270.0000000000000000,49329.0000000000000000,49252.0000000000000000,49252.0000000000000000,2939.9400000000000000
1689323940,2023-07-14 08:39:00,49245.0000000000000000,49325.0000000000000000,49245.0000000000000000,49325.0000000000000000,1168.7000000000000000
1689324000,2023-07-14 08:40:00,49250.0000000000000000,49325.0000000000000000,49212.0000000000000000,49212.0000000000000000,3260.6200000000000000
1689324060,2023-07-14 08:41:00,49215.0000000000000000,49323.0000000000000000,49210.0000000000000000,49323.0000000000000000,1857.9600000000000000
1689324120,2023-07-14 08:42:00,49321.0000000000000000,49321.0000000000000000,49211.0000000000000000,49317.0000000000000000,258.8200000000000000
1689324180,2023-07-14 08:43:00,49313.0000000000000000,49318.0000000000000000,49212.0000000000000000,49216.0000000000000000,759.8200000000000000
1689324240,2023-07-14 08:44:00,49217.0000000000000000,49320.0000000000000000,49210.0000000000000000,49317.0000000000000000,11046.3400000000000000
1689324300,2023-07-14 08:45:00,49316.0000000000000000,49316.0000000000000000,49210.0000000000000000,49213.0000000000000000,1357.3000000000000000
1689324360,2023-07-14 08:46:00,49313.0000000000000000,49314.0000000000000000,49213.0000000000000000,49302.0000000000000000,752.9000000000000000
1689324420,2023-07-14 08:47:00,49212.0000000000000000,49286.0000000000000000,49212.0000000000000000,49286.0000000000000000,728.9200000000000000
1689324480,2023-07-14 08:48:00,49289.0000000000000000,49304.0000000000000000,49232.0000000000000000,49235.0000000000000000,514.3200000000000000
1689324540,2023-07-14 08:49:00,49289.0000000000000000,49311.0000000000000000,49236.0000000000000000,49294.0000000000000000,1122.3200000000000000
1689324600,2023-07-14 08:50:00,49291.0000000000000000,49309.0000000000000000,49264.0000000000000000,49267.0000000000000000,3037.0400000000000000
1689324660,2023-07-14 08:51:00,49300.0000000000000000,49302.0000000000000000,49266.0000000000000000,49302.0000000000000000,24917.5200000000000000
1689324720,2023-07-14 08:52:00,49302.0000000000000000,49319.0000000000000000,49302.0000000000000000,49319.0000000000000000,570.0600000000000000
1689324780,2023-07-14 08:53:00,49302.0000000000000000,49320.0000000000000000,49302.0000000000000000,49302.0000000000000000,746.6200000000000000
1689324840,2023-07-14 08:54:00,49319.0000000000000000,49320.0000000000000000,49302.0000000000000000,49320.0000000000000000,829.5600000000000000
1689324900,2023-07-14 08:55:00,49324.0000000000000000,49324.0000000000000000,49324.0000000000000000,49324.0000000000000000,27.9000000000000000
1689324960,2023-07-14 08:56:00,49320.0000000000000000,49324.0000000000000000,49303.0000000000000000,49303.0000000000000000,1196.5200000000000000
1689325020,2023-07-14 08:57:00,49324.0000000000000000,49324.0000000000000000,49303.0000000000000000,49303.0000000000000000,2974.0600000000000000
1689325080,2023-07-14 08:58:00,49303.0000000000000000,49320.0000000000000000,49303.0000000000000000,49320.0000000000000000,549.4800000000000000
1689325140,2023-07-14 08:59:00,49303.0000000000000000,49304.0000000000000000,49303.0000000000000000,49304.0000000000000000,111.0200000000000000
1689325200,2023-07-14 09:00:00,49320.0000000000000000,49320.0000000000000000,49304.0000000000000000,49304.0000000000000000,2350.0400000000000000
1689325260,2023-07-14 09:01:00,49304.0000000000000000,49320.0000000000000000,49304.0000000000000000,49320.0000000000000000,1650.7000000000000000
1689325320,2023-07-14 09:02:00,49320.0000000000000000,49320.0000000000000000,49303.0000000000000000,49320.0000000000000000,3404.3600000000000000
1689325380,2023-07-14 09:03:00,49320.0000000000000000,49324.0000000000000000,49303.0000000000000000,49303.0000000000000000,528.4800000000000000
1689325440,2023-07-14 09:04:00,49325.0000000000000000,49325.0000000000000000,49325.0000000000000000,49325.0000000000000000,56.1000000000000000
1689325500,2023-07-14 09:05:00,49320.0000000000000000,49320.0000000000000000,49265.0000000000000000,49265.0000000000000000,13052.7600000000000000
1689325560,2023-07-14 09:06:00,49251.0000000000000000,49319.0000000000000000,49250.0000000000000000,49318.0000000000000000,9446.1400000000000000
1689325620,2023-07-14 09:07:00,49318.0000000000000000,49327.0000000000000000,49250.0000000000000000,49324.0000000000000000,1472.4400000000000000
1689325680,2023-07-14 09:08:00,49323.0000000000000000,49363.0000000000000000,49252.0000000000000000,49288.0000000000000000,7791.6600000000000000
1689325740,2023-07-14 09:09:00,49291.0000000000000000,49361.0000000000000000,49288.0000000000000000,49288.0000000000000000,770.1200000000000000
1689325800,2023-07-14 09:10:00,49360.0000000000000000,49360.0000000000000000,49288.0000000000000000,49292.0000000000000000,372.3200000000000000
1689325860,2023-07-14 09:11:00,49294.0000000000000000,49368.0000000000000000,49288.0000000000000000,49288.0000000000000000,4345.5400000000000000
1689325920,2023-07-14 09:12:00,49288.0000000000000000,49367.0000000000000000,49288.0000000000000000,49365.0000000000000000,866.2200000000000000
1689325980,2023-07-14 09:13:00,49294.0000000000000000,49368.0000000000000000,49290.0000000000000000,49363.0000000000000000,830.9200000000000000
1689326040,2023-07-14 09:14:00,49363.0000000000000000,49363.0000000000000000,49296.0000000000000000,49361.0000000000000000,796.8000000000000000
1689326100,2023-07-14 09:15:00,49360.0000000000000000,49365.0000000000000000,49359.0000000000000000,49359.0000000000000000,701.2400000000000000
1689326160,2023-07-14 09:16:00,49305.0000000000000000,49364.0000000000000000,49305.0000000000000000,49341.0000000000000000,2291.9200000000000000
1689326220,2023-07-14 09:17:00,49363.0000000000000000,49368.0000000000000000,49317.0000000000000000,49317.0000000000000000,2804.5000000000000000
1689326280,2023-07-14 09:18:00,49366.0000000000000000,49366.0000000000000000,49318.0000000000000000,49363.0000000000000000,844.7000000000000000
1689326340,2023-07-14 09:19:00,49363.0000000000000000,49369.0000000000000000,49318.0000000000000000,49369.0000000000000000,2035.0000000000000000
1689326400,2023-07-14 09:20:00,49367.0000000000000000,49370.0000000000000000,49303.0000000000000000,49365.0000000000000000,571.5400000000000000
1689326460,2023-07-14 09:21:00,49370.0000000000000000,49370.0000000000000000,49300.0000000000000000,49369.0000000000000000,3156.0000000000000000
1689326520,2023-07-14 09:22:00,49369.0000000000000000,49369.0000000000000000,49300.0000000000000000,49306.0000000000000000,1621.5600000000000000
1689326580,2023-07-14 09:23:00,49301.0000000000000000,49370.0000000000000000,49300.0000000000000000,49321.0000000000000000,1860.7800000000000000
1689326640,2023-07-14 09:24:00,49321.0000000000000000,49370.0000000000000000,49320.0000000000000000,49370.0000000000000000,2534.9800000000000000
1689326700,2023-07-14 09:25:00,49320.0000000000000000,49370.0000000000000000,49300.0000000000000000,49307.0000000000000000,4747.1600000000000000
1689326760,2023-07-14 09:26:00,49363.0000000000000000,49363.0000000000000000,49300.0000000000000000,49361.0000000000000000,1766.2400000000000000
1689326820,2023-07-14 09:27:00,49361.0000000000000000,49362.0000000000000000,49300.0000000000000000,49300.0000000000000000,2098.8400000000000000
1689326880,2023-07-14 09:28:00,49300.0000000000000000,49362.0000000000000000,49300.0000000000000000,49330.0000000000000000,704.1600000000000000
1689326940,2023-07-14 09:29:00,49330.0000000000000000,49330.0000000000000000,49330.0000000000000000,49330.0000000000000000,24.9200000000000000
1689327000,2023-07-14 09:30:00,49337.0000000000000000,49377.0000000000000000,49335.0000000000000000,49377.0000000000000000,410.7200000000000000
1689327060,2023-07-14 09:31:00,49377.0000000000000000,49386.0000000000000000,49337.0000000000000000,49385.0000000000000000,1232.9400000000000000
1689327120,2023-07-14 09:32:00,49399.0000000000000000,49400.0000000000000000,49334.0000000000000000,49334.0000000000000000,2393.3200000000000000
1689327180,2023-07-14 09:33:00,49335.0000000000000000,49399.0000000000000000,49335.0000000000000000,49337.0000000000000000,1764.4400000000000000
1689327240,2023-07-14 09:34:00,49336.0000000000000000,49399.0000000000000000,49334.0000000000000000,49398.0000000000000000,675.6600000000000000
1689327300,2023-07-14 09:35:00,49398.0000000000000000,49400.0000000000000000,49315.0000000000000000,49316.0000000000000000,1444.1200000000000000
1689327360,2023-07-14 09:36:00,49320.0000000000000000,49399.0000000000000000,49305.0000000000000000,49388.0000000000000000,5644.2800000000000000
1689327420,2023-07-14 09:37:00,49399.0000000000000000,49399.0000000000000000,49335.0000000000000000,49335.0000000000000000,452.0800000000000000
1689327480,2023-07-14 09:38:00,49335.0000000000000000,49398.0000000000000000,49335.0000000000000000,49394.0000000000000000,1018.6400000000000000
1689327540,2023-07-14 09:39:00,49337.0000000000000000,49398.0000000000000000,49335.0000000000000000,49335.0000000000000000,1077.8800000000000000
1689327600,2023-07-14 09:40:00,49398.0000000000000000,49398.0000000000000000,49300.0000000000000000,49300.0000000000000000,672.4000000000000000
1689327660,2023-07-14 09:41:00,49397.0000000000000000,49397.0000000000000000,49300.0000000000000000,49304.0000000000000000,794.3200000000000000
1689327720,2023-07-14 09:42:00,49394.0000000000000000,49394.0000000000000000,49300.0000000000000000,49300.0000000000000000,1200.2800000000000000
1689327780,2023-07-14 09:43:00,49302.0000000000000000,49388.0000000000000000,49301.0000000000000000,49304.0000000000000000,365.0000000000000000
1689327840,2023-07-14 09:44:00,49376.0000000000000000,49395.0000000000000000,49291.0000000000000000,49395.0000000000000000,6981.8200000000000000
1689327900,2023-07-14 09:45:00,49392.0000000000000000,49396.0000000000000000,49273.0000000000000000,49276.0000000000000000,4709.9400000000000000
1689327960,2023-07-14 09:46:00,49279.0000000000000000,49300.0000000000000000,49273.0000000000000000,49300.0000000000000000,1512.9000000000000000
1689328020,2023-07-14 09:47:00,49395.0000000000000000,49395.0000000000000000,49274.0000000000000000,49376.0000000000000000,4772.8600000000000000
1689328080,2023-07-14 09:48:00,49273.0000000000000000,49394.0000000000000000,49273.0000000000000000,49302.0000000000000000,2715.1000000000000000
1689328140,2023-07-14 09:49:00,49276.0000000000000000,49398.0000000000000000,49268.0000000000000000,49271.0000000000000000,7872.6400000000000000
1689328200,2023-07-14 09:50:00,49270.0000000000000000,49274.0000000000000000,49266.0000000000000000,49266.0000000000000000,3223.6600000000000000
1689328260,2023-07-14 09:51:00,49378.0000000000000000,49378.0000000000000000,49267.0000000000000000,49267.0000000000000000,66.2400000000000000
1689328320,2023-07-14 09:52:00,49264.0000000000000000,49392.0000000000000000,49250.0000000000000000,49252.0000000000000000,2201.0800000000000000
1689328380,2023-07-14 09:53:00,49279.0000000000000000,49378.0000000000000000,49250.0000000000000000,49250.0000000000000000,1612.8200000000000000
1689328440,2023-07-14 09:54:00,49364.0000000000000000,49387.0000000000000000,49251.0000000000000000,49252.0000000000000000,5461.1200000000000000
1689328500,2023-07-14 09:55:00,49359.0000000000000000,49359.0000000000000000,49254.0000000000000000,49262.0000000000000000,1529.2200000000000000
1689328560,2023-07-14 09:56:00,49352.0000000000000000,49356.0000000000000000,49254.0000000000000000,49255.0000000000000000,665.7000000000000000
1689328620,2023-07-14 09:57:00,49254.0000000000000000,49355.0000000000000000,49250.0000000000000000,49252.0000000000000000,3629.5600000000000000
1689328680,2023-07-14 09:58:00,49252.0000000000000000,49355.0000000000000000,49252.0000000000000000,49252.0000000000000000,1460.6800000000000000
1689328740,2023-07-14 09:59:00,49352.0000000000000000,49353.0000000000000000,49256.0000000000000000,49335.0000000000000000,772.6200000000000000
1689328800,2023-07-14 10:00:00,49344.0000000000000000,49359.0000000000000000,49272.0000000000000000,49272.0000000000000000,1550.6200000000000000
1689328860,2023-07-14 10:01:00,49278.0000000000000000,49358.0000000000000000,49259.0000000000000000,49261.0000000000000000,598.1800000000000000
1689328920,2023-07-14 10:02:00,49355.0000000000000000,49359.0000000000000000,49254.0000000000000000,49254.0000000000000000,3302.4000000000000000
1689328980,2023-07-14 10:03:00,49278.0000000000000000,49356.0000000000000000,49270.0000000000000000,49356.0000000000000000,805.3200000000000000
1689329040,2023-07-14 10:04:00,49350.0000000000000000,49356.0000000000000000,49263.0000000000000000,49344.0000000000000000,1737.1200000000000000
1689329100,2023-07-14 10:05:00,49302.0000000000000000,49307.0000000000000000,49273.0000000000000000,49273.0000000000000000,831.6000000000000000
1689329160,2023-07-14 10:06:00,49280.0000000000000000,49304.0000000000000000,49259.0000000000000000,49304.0000000000000000,135.4000000000000000
1689329220,2023-07-14 10:07:00,49304.0000000000000000,49304.0000000000000000,49265.0000000000000000,49302.0000000000000000,1949.6200000000000000
1689329280,2023-07-14 10:08:00,49267.0000000000000000,49267.0000000000000000,49265.0000000000000000,49265.0000000000000000,2531.9000000000000000
1689329340,2023-07-14 10:09:00,49264.0000000000000000,49267.0000000000000000,49264.0000000000000000,49267.0000000000000000,359.8400000000000000
1689329400,2023-07-14 10:10:00,49266.0000000000000000,49266.0000000000000000,49261.0000000000000000,49261.0000000000000000,535.3800000000000000
1689329460,2023-07-14 10:11:00,49261.0000000000000000,49261.0000000000000000,49252.0000000000000000,49252.0000000000000000,1898.0000000000000000
1689329520,2023-07-14 10:12:00,49266.0000000000000000,49268.0000000000000000,49252.0000000000000000,49268.0000000000000000,4757.1000000000000000
1689329580,2023-07-14 10:13:00,49252.0000000000000000,49268.0000000000000000,49250.0000000000000000,49268.0000000000000000,2414.5200000000000000
1689329640,2023-07-14 10:14:00,49250.0000000000000000,49304.0000000000000000,49250.0000000000000000,49304.0000000000000000,3225.2000000000000000
1689329700,2023-07-14 10:15:00,49268.0000000000000000,49304.0000000000000000,49268.0000000000000000,49268.0000000000000000,1141.4600000000000000
1689329760,2023-07-14 10:16:00,49303.0000000000000000,49303.0000000000000000,49272.0000000000000000,49301.0000000000000000,343.0800000000000000
1689329820,2023-07-14 10:17:00,49268.0000000000000000,49301.0000000000000000,49268.0000000000000000,49298.0000000000000000,1403.6000000000000000
1689329880,2023-07-14 10:18:00,49306.0000000000000000,49306.0000000000000000,49268.0000000000000000,49304.0000000000000000,829.0400000000000000
1689329940,2023-07-14 10:19:00,49306.0000000000000000,49306.0000000000000000,49306.0000000000000000,49306.0000000000000000,20.2200000000000000
1689330000,2023-07-14 10:20:00,49277.0000000000000000,49303.0000000000000000,49270.0000000000000000,49303.0000000000000000,6982.9200000000000000
1689330060,2023-07-14 10:21:00,49272.0000000000000000,49318.0000000000000000,49272.0000000000000000,49273.0000000000000000,4930.7200000000000000
1689330120,2023-07-14 10:22:00,49304.0000000000000000,49327.0000000000000000,49270.0000000000000000,49272.0000000000000000,6115.6200000000000000
1689330180,2023-07-14 10:23:00,49310.0000000000000000,49339.0000000000000000,49273.0000000000000000,49274.0000000000000000,1945.0800000000000000
1689330240,2023-07-14 10:24:00,49338.0000000000000000,49338.0000000000000000,49271.0000000000000000,49272.0000000000000000,2002.2200000000000000
1689330300,2023-07-14 10:25:00,49344.0000000000000000,49344.0000000000000000,49272.0000000000000000,49275.0000000000000000,1724.6600000000000000
1689330360,2023-07-14 10:26:00,49356.0000000000000000,49359.0000000000000000,49274.0000000000000000,49276.0000000000000000,155.5200000000000000
1689330420,2023-07-14 10:27:00,49275.0000000000000000,49356.0000000000000000,49275.0000000000000000,49281.0000000000000000,6168.3400000000000000
1689330480,2023-07-14 10:28:00,49281.0000000000000000,49344.0000000000000000,49277.0000000000000000,49282.0000000000000000,1149.1600000000000000
1689330540,2023-07-14 10:29:00,49342.0000000000000000,49343.0000000000000000,49276.0000000000000000,49343.0000000000000000,2989.7400000000000000
1689330600,2023-07-14 10:30:00,49288.0000000000000000,49345.0000000000000000,49288.0000000000000000,49289.0000000000000000,2630.9200000000000000
1689330660,2023-07-14 10:31:00,49333.0000000000000000,49348.0000000000000000,49288.0000000000000000,49346.0000000000000000,787.5800000000000000
1689330720,2023-07-14 10:32:00,49348.0000000000000000,49352.0000000000000000,49292.0000000000000000,49333.0000000000000000,1882.8200000000000000
1689330780,2023-07-14 10:33:00,49288.0000000000000000,49356.0000000000000000,49288.0000000000000000,49356.0000000000000000,1904.4600000000000000
1689330840,2023-07-14 10:34:00,49334.0000000000000000,49359.0000000000000000,49332.0000000000000000,49359.0000000000000000,129.8600000000000000
1689330900,2023-07-14 10:35:00,49358.0000000000000000,49358.0000000000000000,49356.0000000000000000,49356.0000000000000000,1505.3000000000000000
1689330960,2023-07-14 10:36:00,49358.0000000000000000,49358.0000000000000000,49356.0000000000000000,49356.0000000000000000,595.9200000000000000
1689331020,2023-07-14 10:37:00,49357.0000000000000000,49357.0000000000000000,49336.0000000000000000,49336.0000000000000000,1253.7200000000000000
1689331080,2023-07-14 10:38:00,49355.0000000000000000,49359.0000000000000000,49352.0000000000000000,49359.0000000000000000,364.8000000000000000
1689331140,2023-07-14 10:39:00,49357.0000000000000000,49359.0000000000000000,49336.0000000000000000,49349.0000000000000000,3858.3400000000000000
1689331200,2023-07-14 10:40:00,49358.0000000000000000,49359.0000000000000000,49336.0000000000000000,49359.0000000000000000,1381.2400000000000000
1689331260,2023-07-14 10:41:00,49332.0000000000000000,49447.0000000000000000,49332.0000000000000000,49333.0000000000000000,5068.0000000000000000
1689331320,2023-07-14 10:42:00,49430.0000000000000000,49446.0000000000000000,49344.0000000000000000,49349.0000000000000000,953.9600000000000000
1689331380,2023-07-14 10:43:00,49445.0000000000000000,49448.0000000000000000,49338.0000000000000000,49357.0000000000000000,7741.9200000000000000
1689331440,2023-07-14 10:44:00,49356.0000000000000000,49443.0000000000000000,49332.0000000000000000,49443.0000000000000000,7975.1600000000000000
1689331500,2023-07-14 10:45:00,49388.0000000000000000,49442.0000000000000000,49388.0000000000000000,49440.0000000000000000,639.0200000000000000
1689331560,2023-07-14 10:46:00,49442.0000000000000000,49448.0000000000000000,49344.0000000000000000,49344.0000000000000000,1573.7000000000000000
1689331620,2023-07-14 10:47:00,49344.0000000000000000,49344.0000000000000000,49333.0000000000000000,49333.0000000000000000,1402.9800000000000000
1689331680,2023-07-14 10:48:00,49337.0000000000000000,49338.0000000000000000,49333.0000000000000000,49338.0000000000000000,1266.9400000000000000
1689331740,2023-07-14 10:49:00,49333.0000000000000000,49344.0000000000000000,49333.0000000000000000,49344.0000000000000000,1779.2600000000000000
1689331800,2023-07-14 10:50:00,49344.0000000000000000,49382.0000000000000000,49344.0000000000000000,49345.0000000000000000,156.9800000000000000
1689331860,2023-07-14 10:51:00,49381.0000000000000000,49389.0000000000000000,49380.0000000000000000,49380.0000000000000000,3145.5400000000000000
1689331920,2023-07-14 10:52:00,49389.0000000000000000,49389.0000000000000000,49363.0000000000000000,49389.0000000000000000,254.4200000000000000
1689331980,2023-07-14 10:53:00,49389.0000000000000000,49440.0000000000000000,49373.0000000000000000,49436.0000000000000000,749.9800000000000000
1689332040,2023-07-14 10:54:00,49440.0000000000000000,49449.0000000000000000,49372.0000000000000000,49374.0000000000000000,7422.4600000000000000
1689332100,2023-07-14 10:55:00,49373.0000000000000000,49486.0000000000000000,49373.0000000000000000,49378.0000000000000000,4883.8000000000000000
1689332160,2023-07-14 10:56:00,49383.0000000000000000,49487.0000000000000000,49383.0000000000000000,49487.0000000000000000,1945.3600000000000000
1689332220,2023-07-14 10:57:00,49381.0000000000000000,49382.0000000000000000,49379.0000000000000000,49379.0000000000000000,1642.5200000000000000
1689332280,2023-07-14 10:58:00,49376.0000000000000000,49377.0000000000000000,49376.0000000000000000,49377.0000000000000000,324.9000000000000000
1689332340,2023-07-14 10:59:00,49378.0000000000000000,49470.0000000000000000,49378.0000000000000000,49470.0000000000000000,1347.0800000000000000
1689332400,2023-07-14 11:00:00,49378.0000000000000000,49477.0000000000000000,49375.0000000000000000,49376.0000000000000000,3471.0000000000000000
1689332460,2023-07-14 11:01:00,49376.0000000000000000,49476.0000000000000000,49376.0000000000000000,49474.0000000000000000,162.1400000000000000
1689332520,2023-07-14 11:02:00,49474.0000000000000000,49496.0000000000000000,49470.0000000000000000,49495.0000000000000000,1133.2600000000000000
1689332580,2023-07-14 11:03:00,49383.0000000000000000,49496.0000000000000000,49381.0000000000000000,49381.0000000000000000,530.0000000000000000
1689332640,2023-07-14 11:04:00,49381.0000000000000000,49496.0000000000000000,49381.0000000000000000,49386.0000000000000000,396.6800000000000000
1689332700,2023-07-14 11:05:00,49388.0000000000000000,49495.0000000000000000,49332.0000000000000000,49340.0000000000000000,1736.7600000000000000
1689332760,2023-07-14 11:06:00,49338.0000000000000000,49491.0000000000000000,49335.0000000000000000,49388.0000000000000000,683.0000000000000000
1689332820,2023-07-14 11:07:00,49388.0000000000000000,49450.0000000000000000,49356.0000000000000000,49450.0000000000000000,254.7000000000000000
1689332880,2023-07-14 11:08:00,49377.0000000000000000,49474.0000000000000000,49377.0000000000000000,49474.0000000000000000,1984.8800000000000000
1689332940,2023-07-14 11:09:00,49464.0000000000000000,49464.0000000000000000,49385.0000000000000000,49452.0000000000000000,208.7000000000000000
1689333000,2023-07-14 11:10:00,49382.0000000000000000,49488.0000000000000000,49353.0000000000000000,49472.0000000000000000,1299.4000000000000000
1689333060,2023-07-14 11:11:00,49479.0000000000000000,49479.0000000000000000,49358.0000000000000000,49365.0000000000000000,421.5400000000000000
